y,x,street_count,highway,ref,geometry,elevation,dist_to_river
49.7500944,6.637228,4,,,POINT (6.637228 49.7500944),141.0,0.011110403931965135
49.7495184,6.6401482,4,,,POINT (6.6401482 49.7495184),145.0,0.01408473608389609
49.7538613,6.6425003,3,,,POINT (6.6425003 49.7538613),144.0,0.014912038541060558
49.7543476,6.64423,3,,,POINT (6.64423 49.7543476),144.0,0.015533267354336985
49.7538407,6.6457819,3,,,POINT (6.6457819 49.7538407),142.0,0.01676314590807695
49.7554104,6.6475922,3,,,POINT (6.6475922 49.7554104),138.0,0.01608029081093135
49.7563375,6.6485197,4,,,POINT (6.6485197 49.7563375),137.0,0.015488489921107261
49.7611996,6.6352616,3,,,POINT (6.6352616 49.7611996),133.0,0.004607688523880276
49.7614875,6.6468722,4,,,POINT (6.6468722 49.7614875),138.0,0.01008139269861219
49.7637603,6.6506984,4,,,POINT (6.6506984 49.7637603),135.0,0.008692152458207975
49.7655142,6.6542287,3,,,POINT (6.6542287 49.7655142),134.0,0.007502889941159129
49.7635988,6.6570691,4,,,POINT (6.6570691 49.7635988),132.0,0.009800717991587334
49.7580738,6.6492408,4,,,POINT (6.6492408 49.7580738),139.0,0.014029260468017644
49.7598846,6.6447311,4,,,POINT (6.6447311 49.7598846),140.0,0.010864863441698612
49.7597837,6.6447074,3,,,POINT (6.6447074 49.7597837),140.0,0.010949825069358023
49.748366,6.6533021,3,,,POINT (6.6533021 49.748366),225.0,0.024304134049189276
49.7501084,6.6603084,3,,,POINT (6.6603084 49.7501084),269.0,0.023624317893828354
49.7482482,6.6445065,3,,,POINT (6.6445065 49.7482482),149.0,0.018517740684745595
49.7483572,6.6439324,3,,,POINT (6.6439324 49.7483572),149.0,0.01795923009417915
49.7485514,6.6435346,4,,,POINT (6.6435346 49.7485514),146.0,0.01757947078604268
49.7486823,6.6433862,3,,,POINT (6.6433862 49.7486823),146.0,0.01741360437917448
49.7489838,6.6428744,4,,,POINT (6.6428744 49.7489838),143.0,0.0168609823401492
49.748499,6.6425052,3,,,POINT (6.6425052 49.748499),142.0,0.016548738286438002
49.7483875,6.6425543,3,,,POINT (6.6425543 49.7483875),144.0,0.016592194357977756
49.7482653,6.6432835,5,,,POINT (6.6432835 49.7482653),147.0,0.017304145600903115
49.7504129,6.6439913,3,,,POINT (6.6439913 49.7504129),145.0,0.017768916238336867
49.7499935,6.6435261,3,,,POINT (6.6435261 49.7499935),145.0,0.017362333554011695
49.7536988,6.6462625,4,,,POINT (6.6462625 49.7536988),143.0,0.017122738722344783
49.7635988,6.6677013,4,,,POINT (6.6677013 49.7635988),153.0,0.01139420171333446
49.7521293,6.6835031,3,,,POINT (6.6835031 49.7521293),255.0,0.02539865492955926
49.7521304,6.6833343,3,,,POINT (6.6833343 49.7521304),255.0,0.025376222937257747
49.7518482,6.6832637,3,,,POINT (6.6832637 49.7518482),256.0,0.025647232831102672
49.7516616,6.6841104,3,,,POINT (6.6841104 49.7516616),256.0,0.025939380990621305
49.7444947,6.6916461,4,,,POINT (6.6916461 49.7444947),272.0,0.033823107635850155
49.7417093,6.6699835,4,,,POINT (6.6699835 49.7417093),165.0,0.033376167945458744
49.7606792,6.642082,3,,,POINT (6.642082 49.7606792),135.0,0.008989070533115028
49.7616149,6.6379458,4,,,POINT (6.6379458 49.7616149),133.0,0.005974073967367569
49.7626325,6.6368609,3,,,POINT (6.6368609 49.7626325),131.0,0.004517699750324558
49.7638269,6.6350366,3,,,POINT (6.6350366 49.7638269),132.0,0.002508075698379533
49.7721814,6.6591772,3,,,POINT (6.6591772 49.7721814),130.0,0.0016312517109597444
49.772686,6.6628426,3,,,POINT (6.6628426 49.772686),131.0,0.0016796532693547108
49.7497547,6.6777891,2,,,POINT (6.6777891 49.7497547),258.0,0.02672862064904844
49.7504108,6.6770944,3,,,POINT (6.6770944 49.7504108),255.0,0.02594032357874998
49.7504243,6.6766552,3,,,POINT (6.6766552 49.7504243),253.0,0.025839458731176664
49.7408459,6.6284621,3,,,POINT (6.6284621 49.7408459),129.0,0.0016767119541178067
49.7391184,6.6313235,4,,,POINT (6.6313235 49.7391184),136.0,0.004323658133490995
49.7518103,6.628103,4,,,POINT (6.628103 49.7518103),135.0,0.0018339939210914695
49.763701,6.6344802,3,,,POINT (6.6344802 49.763701),130.0,0.0023226051351897103
49.7620607,6.6330751,4,,,POINT (6.6330751 49.7620607),129.0,0.002458631263172799
49.7579807,6.6337838,3,,,POINT (6.6337838 49.7579807),135.0,0.005696913433026554
49.7577494,6.6347606,4,,,POINT (6.6347606 49.7577494),135.0,0.006619122162409932
49.7594362,6.6422994,3,,,POINT (6.6422994 49.7594362),139.0,0.0101786644719222
49.747076,6.6433562,3,,,POINT (6.6433562 49.747076),147.0,0.017244741491033257
49.7265163,6.6553454,3,,,POINT (6.6553454 49.7265163),265.0,0.030202451731110014
49.740297,6.6213451,3,,,POINT (6.6213451 49.740297),131.0,0.00544208151445803
49.7410641,6.6190253,3,,,POINT (6.6190253 49.7410641),132.0,0.007643596454720165
49.7396357,6.6174015,4,,,POINT (6.6174015 49.7396357),132.0,0.009439860312526348
49.7352129,6.6114691,4,,,POINT (6.6114691 49.7352129),132.0,0.012414887845614219
49.7192224,6.5815172,3,,,POINT (6.5815172 49.7192224),138.0,0.009549592814178201
49.7435677,6.66755,4,,,POINT (6.66755 49.7435677),169.0,0.03117424828797955
49.7432971,6.6855911,4,,,POINT (6.6855911 49.7432971),257.0,0.034422677961011255
49.7382016,6.691392,3,,,POINT (6.691392 49.7382016),275.0,0.04005944424349565
49.7369951,6.689718,3,,,POINT (6.689718 49.7369951),273.0,0.04110387432343372
49.7371779,6.6847452,4,,,POINT (6.6847452 49.7371779),267.0,0.04038711881599892
49.7416238,6.6871757,4,,,POINT (6.6871757 49.7416238),265.0,0.03626384338825438
49.7422697,6.6868711,3,,,POINT (6.6868711 49.7422697),262.0,0.035587739661021266
49.7429851,6.686028,3,,,POINT (6.686028 49.7429851),259.0,0.03478191201821768
49.7435745,6.6843266,3,,,POINT (6.6843266 49.7435745),256.0,0.03398892320493601
49.7430542,6.6839084,3,,,POINT (6.6839084 49.7430542),257.0,0.034452176670436055
49.74372,6.6834222,3,,,POINT (6.6834222 49.74372),256.0,0.03373025043951696
49.7425903,6.681983,3,,,POINT (6.681983 49.7425903),245.0,0.03461986042300339
49.7442746,6.6826727,1,turning_circle,,POINT (6.6826727 49.7442746),252.0,0.03308534379786435
49.7450245,6.6824361,1,turning_circle,,POINT (6.6824361 49.7450245),243.0,0.032311661406356516
49.7378054,6.6963797,3,,,POINT (6.6963797 49.7378054),278.0,0.039129666876168555
49.7379176,6.6961036,3,,,POINT (6.6961036 49.7379176),278.0,0.039270276289449776
49.7378704,6.6960135,3,,,POINT (6.6960135 49.7378704),277.0,0.0393698130551812
49.7377071,6.6963252,3,,,POINT (6.6963252 49.7377071),277.0,0.03923457058487776
49.7346419,6.705014,3,,,POINT (6.705014 49.7346419),285.0,0.03510890808000166
49.7399663,6.6735278,3,,,POINT (6.6735278 49.7399663),177.0,0.035637899312134506
49.7440954,6.6610026,4,,,POINT (6.6610026 49.7440954),163.0,0.029673428603681214
49.7632352,6.6593767,3,,,POINT (6.6593767 49.7632352),133.0,0.010506222121112017
49.7637484,6.6609775,3,,,POINT (6.6609775 49.7637484),134.0,0.010238857472845093
49.7692247,6.6714655,3,,,POINT (6.6714655 49.7692247),136.0,0.0064330008176646065
49.7725038,6.6687146,3,,,POINT (6.6687146 49.7725038),132.0,0.002748042557144662
49.7679682,6.657694,4,,,POINT (6.657694 49.7679682),132.0,0.005574418595781221
49.7730137,6.6661045,4,,,POINT (6.6661045 49.7730137),131.0,0.001845973244332445
49.7515908,6.6449759,3,,,POINT (6.6449759 49.7515908),145.0,0.018217632896451924
49.7520606,6.6453205,3,,,POINT (6.6453205 49.7520606),145.0,0.018031416375968768
49.7536455,6.646522,4,,,POINT (6.646522 49.7536455),143.0,0.01729658641185728
49.7517467,6.646428,3,,,POINT (6.646428 49.7517467),143.0,0.018904588257398734
49.7562145,6.6488681,3,,,POINT (6.6488681 49.7562145),136.0,0.015712202751636473
49.7552414,6.6449257,2,,,POINT (6.6449257 49.7552414),141.0,0.015122518383699025
49.7551861,6.6455082,4,,,POINT (6.6455082 49.7551861),139.0,0.015456701931450333
49.7546436,6.6455674,3,,,POINT (6.6455674 49.7546436),140.0,0.015958372786333247
49.7569641,6.6467998,4,,,POINT (6.6467998 49.7569641),141.0,0.014343642616453905
49.7579853,6.6483997,4,,,POINT (6.6483997 49.7579853),140.0,0.013883015783522839
49.7577679,6.6458626,3,,,POINT (6.6458626 49.7577679),139.0,0.013250039106847016
49.7578643,6.6465409,3,,,POINT (6.6465409 49.7578643),141.0,0.013411548769233237
49.7593893,6.6452935,3,,,POINT (6.6452935 49.7593893),141.0,0.01153315044746706
49.7577204,6.6445922,3,,,POINT (6.6445922 49.7577204),138.0,0.012799294168821737
49.7567567,6.645693,3,,,POINT (6.645693 49.7567567),138.0,0.014126646286795648
49.7564751,6.6480841,3,,,POINT (6.6480841 49.7564751),138.0,0.015224193548106219
49.7498018,6.6370719,4,,,POINT (6.6370719 49.7498018),141.0,0.011001938287023122
49.7510213,6.6282025,4,,,POINT (6.6282025 49.7510213),135.0,0.00205092849274109
49.7505575,6.6313049,4,,,POINT (6.6313049 49.7505575),137.0,0.005187692280154125
49.7501353,6.6344757,4,,,POINT (6.6344757 49.7501353),141.0,0.008385516225977519
49.7508917,6.6314841,4,,,POINT (6.6314841 49.7508917),138.0,0.005312474440871294
49.7560957,6.6366483,3,,,POINT (6.6366483 49.7560957),138.0,0.009120521724178161
49.7567926,6.6343725,3,,,POINT (6.6343725 49.7567926),135.0,0.006814818257274412
49.7548108,6.6364216,3,,,POINT (6.6364216 49.7548108),139.0,0.009293699141295374
49.7541015,6.6363458,3,,,POINT (6.6363458 49.7541015),140.0,0.00942133247118948
49.7527336,6.6365363,3,,,POINT (6.6365363 49.7527336),140.0,0.009990448235488402
49.7524637,6.6362377,4,,,POINT (6.6362377 49.7524637),138.0,0.009780242383900264
49.7514502,6.6353115,3,,,POINT (6.6353115 49.7514502),139.0,0.009027955445012755
49.7518585,6.6345258,1,,,POINT (6.6345258 49.7518585),138.0,0.008195750137966093
49.7530924,6.635818,2,,,POINT (6.635818 49.7530924),138.0,0.009200051867895966
49.752837,6.6350323,1,turning_circle,,POINT (6.6350323 49.752837),138.0,0.008518485121057556
49.7520268,6.637006,3,,,POINT (6.637006 49.7520268),139.0,0.010632872399762702
49.7507871,6.6401005,3,,,POINT (6.6401005 49.7507871),143.0,0.013862529545507898
49.7515275,6.6410855,3,,,POINT (6.6410855 49.7515275),143.0,0.014695076020610797
49.7431183,6.6554756,4,,,POINT (6.6554756 49.7431183),157.0,0.028728669159568742
49.7409644,6.6648266,3,,,POINT (6.6648266 49.7409644),195.0,0.033342422915783924
49.7403177,6.6644159,3,,,POINT (6.6644159 49.7403177),205.0,0.03392022873030371
49.7395249,6.6672617,3,,,POINT (6.6672617 49.7395249),204.0,0.03512914515614123
49.7390955,6.6694522,3,,,POINT (6.6694522 49.7390955),193.0,0.035879703733208645
49.7428659,6.6658163,3,,,POINT (6.6658163 49.7428659),159.0,0.03161026724997844
49.7432924,6.6613314,3,,,POINT (6.6613314 49.7432924),161.0,0.030516652238420622
49.742988,6.6599164,3,,,POINT (6.6599164 49.742988),165.0,0.03060543746200352
49.7382776,6.670294,3,,,POINT (6.670294 49.7382776),199.0,0.0368151726591174
49.7427646,6.6661139,3,,,POINT (6.6661139 49.7427646),158.0,0.0317547213996043
49.7408359,6.6576708,1,turning_circle,,POINT (6.6576708 49.7408359),199.0,0.030708059309568537
49.7425577,6.6567703,3,,,POINT (6.6567703 49.7425577),170.0,0.029946400957209386
49.7575577,6.6445334,3,,,POINT (6.6445334 49.7575577),138.0,0.012912033696444898
49.7576342,6.6461423,3,,,POINT (6.6461423 49.7576342),141.0,0.01347777040159706
49.7380667,6.6958563,3,,,POINT (6.6958563 49.7380667),277.0,0.039367006062564484
49.7384188,6.6954297,3,,,POINT (6.6954297 49.7384188),277.0,0.039479308263949554
49.7379975,6.6947096,3,,,POINT (6.6947096 49.7379975),275.0,0.040305590247754694
49.7378098,6.6946701,3,,,POINT (6.6946701 49.7378098),274.0,0.040452876989403766
49.7375627,6.6943187,3,,,POINT (6.6943187 49.7375627),273.0,0.04088177412894341
49.7371805,6.6939576,3,,,POINT (6.6939576 49.7371805),272.0,0.041331454403773345
49.7369274,6.6935889,3,,,POINT (6.6935889 49.7369274),272.0,0.04154650076939503
49.7366693,6.6931808,3,,,POINT (6.6931808 49.7366693),271.0,0.04176259068267737
49.7365072,6.6931647,3,,,POINT (6.6931647 49.7365072),271.0,0.04192227513222985
49.7477502,6.6502638,3,,,POINT (6.6502638 49.7477502),176.0,0.02418451710400484
49.7550418,6.6514105,3,,,POINT (6.6514105 49.7550418),137.0,0.017398478809735607
49.7283661,6.7028076,4,,,POINT (6.7028076 49.7283661),254.0,0.03911836013766396
49.768046,6.6244992,3,,,POINT (6.6244992 49.768046),213.0,0.007863564918864809
49.7678941,6.625857,3,,,POINT (6.625857 49.7678941),195.0,0.006756644591067402
49.7674006,6.626739,3,,,POINT (6.626739 49.7674006),186.0,0.005787585946533803
49.7636742,6.6336436,3,,,POINT (6.6336436 49.7636742),127.0,0.0017325444630728886
49.72521,6.6275671,3,,,POINT (6.6275671 49.72521),170.0,0.006066001074086956
49.7306883,6.6267786,6,,,POINT (6.6267786 49.7306883),133.0,0.002304869023660183
49.7381459,6.62855,3,,,POINT (6.62855 49.7381459),129.0,0.0015818665341107041
49.7446536,6.6251105,1,,,POINT (6.6251105 49.7446536),130.0,0.0011569912036547424
49.7610059,6.655974,3,,,POINT (6.655974 49.7610059),134.0,0.012208823817849029
49.7624609,6.6452939,3,,,POINT (6.6452939 49.7624609),134.0,0.00867171495873708
49.7523385,6.6322658,4,,,POINT (6.6322658 49.7523385),136.0,0.005892472183125043
49.730873,6.6268626,3,,,POINT (6.6268626 49.730873),133.0,0.002287540257774389
49.7795254,6.6829269,3,,,POINT (6.6829269 49.7795254),132.0,0.0018751296408120884
49.7448739,6.6238448,3,,,POINT (6.6238448 49.7448739),132.0,0.002390512316744765
49.7398504,6.6174228,3,,,POINT (6.6174228 49.7398504),132.0,0.009388998647372243
49.7403194,6.6182948,3,,,POINT (6.6182948 49.7403194),132.0,0.008463881045500922
49.7353969,6.6114262,3,,,POINT (6.6114262 49.7353969),132.0,0.012558686413265057
49.732451,6.602853,3,,,POINT (6.602853 49.732451),131.0,0.015362566028981228
49.7244043,6.711398,3,,,POINT (6.711398 49.7244043),378.0,0.03325068836354939
49.7724383,6.60208,3,,,POINT (6.60208 49.7724383),337.0,0.029037621125875282
49.7724652,6.6018331,3,,,POINT (6.6018331 49.7724652),340.0,0.029269397333219954
49.7406348,6.6195021,3,,,POINT (6.6195021 49.7406348),132.0,0.007226025372357895
49.7392261,6.6251216,3,,,POINT (6.6251216 49.7392261),129.0,0.0018699644940043422
49.7392021,6.6279328,3,,,POINT (6.6279328 49.7392021),127.0,0.000932555582795053
49.7392032,6.6288569,3,,,POINT (6.6288569 49.7392032),132.0,0.001856636168623548
49.7388662,6.6286622,3,,,POINT (6.6286622 49.7388662),128.0,0.0016637588459505945
49.7511073,6.6281039,3,,,POINT (6.6281039 49.7511073),135.0,0.0019401024176927478
49.7389411,6.6293555,3,,,POINT (6.6293555 49.7389411),132.0,0.0023566442685876692
49.7512927,6.6282907,4,,,POINT (6.6282907 49.7512927),135.0,0.0020956404469300548
49.7518304,6.6282659,4,,,POINT (6.6282659 49.7518304),135.0,0.001992885804568132
49.7512446,6.6281402,3,,,POINT (6.6281402 49.7512446),135.0,0.001954504199927396
49.7619494,6.6332138,4,,,POINT (6.6332138 49.7619494),129.0,0.002635138307490509
49.76379,6.6352154,4,,,POINT (6.6352154 49.76379),132.0,0.002629555217144343
49.7633247,6.6339567,3,,,POINT (6.6339567 49.7633247),130.0,0.002200131163278959
49.7724948,6.6621022,3,,,POINT (6.6621022 49.7724948),131.0,0.0017585558735872904
49.7722779,6.6672243,3,,,POINT (6.6672243 49.7722779),133.0,0.002743510198630827
49.7723614,6.6669292,3,,,POINT (6.6669292 49.7723614),132.0,0.002616103640159352
49.7723311,6.6660724,3,,,POINT (6.6660724 49.7723311),132.0,0.0025157520834817636
49.7715816,6.6657988,3,,,POINT (6.6657988 49.7715816),132.0,0.003214926320359762
49.7722053,6.6673071,3,,,POINT (6.6673071 49.7722053),133.0,0.002827857700978745
49.7654003,6.6489446,4,,,POINT (6.6489446 49.7654003),133.0,0.006766677121287103
49.739326,6.6272238,3,,,POINT (6.6272238 49.739326),126.0,0.0002237660608758325
49.7384801,6.6291763,3,,,POINT (6.6291763 49.7384801),133.0,0.0021799605811718466
49.7417099,6.6198501,3,,,POINT (6.6198501 49.7417099),133.0,0.006742527414591012
49.7856816,6.7089258,3,,,POINT (6.7089258 49.7856816),141.0,0.0016953702378156262
49.7843134,6.7093694,3,,,POINT (6.7093694 49.7843134),132.0,0.0009905914339697333
49.7663216,6.6368832,2,,,POINT (6.6368832 49.7663216),126.0,0.0015122994480504992
49.7701247,6.6804374,3,,,POINT (6.6804374 49.7701247),139.0,0.007160064584675242
49.7733893,6.6663951,3,,,POINT (6.6663951 49.7733893),129.0,0.0015189353752981776
49.7649417,6.6300743,3,,,POINT (6.6300743 49.7649417),154.0,0.0016989584786187696
49.7405173,6.6211768,3,,,POINT (6.6211768 49.7405173),131.0,0.005580383824152743
49.7416096,6.6203135,3,,,POINT (6.6203135 49.7416096),132.0,0.006295894016675693
49.7258194,6.6014858,3,,,POINT (6.6014858 49.7258194),134.0,0.009464179769751667
49.7230934,6.5883165,4,,,POINT (6.5883165 49.7230934),135.0,0.010979482034803777
49.7215504,6.5897826,4,,,POINT (6.5897826 49.7215504),133.0,0.009024590057761402
49.7588893,6.647224,3,,,POINT (6.647224 49.7588893),141.0,0.012662607775892254
49.7705089,6.6757874,3,,,POINT (6.6757874 49.7705089),132.0,0.006022362346788762
49.7739646,6.672822,3,,,POINT (6.672822 49.7739646),130.0,0.0020160580206965116
49.7655591,6.6526314,3,,,POINT (6.6526314 49.7655591),133.0,0.007238110525479619
49.7666075,6.6513187,3,,,POINT (6.6513187 49.7666075),132.0,0.006000436328819175
49.7661554,6.6719736,3,,,POINT (6.6719736 49.7661554),144.0,0.009544072552952712
49.7605249,6.6427413,3,,,POINT (6.6427413 49.7605249),135.0,0.009447207713675026
49.7605418,6.6612696,3,,,POINT (6.6612696 49.7605418),145.0,0.013453003522443484
49.7640299,6.6356422,3,,,POINT (6.6356422 49.7640299),130.0,0.0026736572400450262
49.7720726,6.6592179,4,,,POINT (6.6592179 49.7720726),130.0,0.0017449244357822683
49.7730589,6.6667079,4,,,POINT (6.6667079 49.7730589),131.0,0.0018930619265940935
49.7714648,6.6659927,3,,,POINT (6.6659927 49.7714648),132.0,0.003359855417589966
49.7607163,6.6531757,3,,,POINT (6.6531757 49.7607163),133.0,0.01210969881753224
49.7589023,6.6516066,3,,,POINT (6.6516066 49.7589023),137.0,0.013634221527975644
49.7586162,6.6505794,3,,,POINT (6.6505794 49.7586162),137.0,0.013733289373568696
49.7598738,6.6492126,3,,,POINT (6.6492126 49.7598738),136.0,0.012252881821821786
49.7584518,6.6510664,4,,,POINT (6.6510664 49.7584518),137.0,0.013981589633219079
49.7576562,6.6492699,3,,,POINT (6.6492699 49.7576562),139.0,0.014445387656764052
49.7572346,6.649379,3,,,POINT (6.649379 49.7572346),139.0,0.014879663168404939
49.7571098,6.6497591,3,,,POINT (6.6497591 49.7571098),138.0,0.015070002596670597
49.773526,6.6049344,3,motorway_junction,3,POINT (6.6049344 49.773526),331.0,0.02703906875828247
49.7732934,6.6045732,3,motorway_junction,3,POINT (6.6045732 49.7732934),332.0,0.027246222887702436
49.8043641,6.6898064,4,,,POINT (6.6898064 49.8043641),127.0,0.0016364238056314807
49.7540107,6.6451218,3,,,POINT (6.6451218 49.7540107),144.0,0.01629093873571102
49.7594391,6.6392526,3,,,POINT (6.6392526 49.7594391),133.0,0.008505619863095728
49.7544157,6.6355277,3,,,POINT (6.6355277 49.7544157),138.0,0.008547797545792922
49.7535419,6.6421356,3,,,POINT (6.6421356 49.7535419),144.0,0.014882972097453324
49.753662,6.6408962,1,,,POINT (6.6408962 49.753662),145.0,0.013911205293575545
49.7490343,6.6425701,3,,,POINT (6.6425701 49.7490343),143.0,0.016552529280493767
49.7714336,6.6666683,3,,,POINT (6.6666683 49.7714336),132.0,0.0034934353926688593
49.7722107,6.6658163,3,,,POINT (6.6658163 49.7722107),133.0,0.002595804891561408
49.7718641,6.6672418,3,,,POINT (6.6672418 49.7718641),132.0,0.0031551585169801483
49.7572027,6.6394661,1,,,POINT (6.6394661 49.7572027),138.0,0.01040877270713447
49.7620472,6.6645218,3,,,POINT (6.6645218 49.7620472),152.0,0.012449879509848438
49.748854,6.6825151,3,,,POINT (6.6825151 49.748854),253.0,0.02852276425420909
49.7582983,6.6645257,1,passing_place,,POINT (6.6645257 49.7582983),201.0,0.01615762645669627
49.7592342,6.6616014,3,,,POINT (6.6616014 49.7592342),153.0,0.01479557209760746
49.7592058,6.6605967,4,,,POINT (6.6605967 49.7592058),148.0,0.014673000475443971
49.7304618,6.5992238,3,,,POINT (6.5992238 49.7304618),132.0,0.014574560300696912
49.7289092,6.6015571,3,,,POINT (6.6015571 49.7289092),136.0,0.012384939362544893
49.7287317,6.6548388,1,turning_circle,,POINT (6.6548388 49.7287317),254.0,0.029138561138980206
49.7279213,6.655292,3,turning_circle,,POINT (6.655292 49.7279213),259.0,0.029771284131694307
49.7549946,6.6821736,3,,,POINT (6.6821736 49.7549946),236.0,0.02238826198328831
49.7527703,6.6783128,3,,,POINT (6.6783128 49.7527703),251.0,0.02389285058215819
49.7414605,6.6441526,3,,,POINT (6.6441526 49.7414605),163.0,0.01728640078905929
49.7411548,6.6434015,4,,,POINT (6.6434015 49.7411548),162.0,0.01650440782881907
49.738274,6.639703,3,,,POINT (6.639703 49.738274),157.0,0.012708015823486678
49.7366238,6.6373598,3,,,POINT (6.6373598 49.7366238),150.0,0.010522052254668925
49.7424007,6.642702,3,,,POINT (6.642702 49.7424007),161.0,0.01598817031856853
49.741649,6.6415162,3,,,POINT (6.6415162 49.741649),162.0,0.014702517045092133
49.7388363,6.6343053,3,,,POINT (6.6343053 49.7388363),138.0,0.0073069380288876525
49.7826583,6.7076996,3,,,POINT (6.7076996 49.7826583),132.0,0.0012910404253914083
49.7465425,6.6355218,4,,,POINT (6.6355218 49.7465425),139.0,0.009399446055024116
49.7493239,6.6293658,3,,,POINT (6.6293658 49.7493239),136.0,0.003404041275734427
49.7495272,6.6280194,1,,,POINT (6.6280194 49.7495272),130.0,0.0020454690035281433
49.7490818,6.6307417,4,,,POINT (6.6307417 49.7490818),136.0,0.004795209954638434
49.7475655,6.6299816,3,,,POINT (6.6299816 49.7475655),137.0,0.0039941073956339486
49.7483326,6.6344136,4,,,POINT (6.6344136 49.7483326),140.0,0.008458954873724457
49.7507482,6.629784,3,,,POINT (6.629784 49.7507482),138.0,0.0036556755343138615
49.7494638,6.6285227,3,,,POINT (6.6285227 49.7494638),134.0,0.002552281374253901
49.747811,6.6290322,1,turning_circle,,POINT (6.6290322 49.747811),136.0,0.0030581892141278706
49.748004,6.6362142,4,,,POINT (6.6362142 49.748004),140.0,0.010240845097399903
49.7459332,6.6303459,3,,,POINT (6.6303459 49.7459332),135.0,0.004187907179455144
49.7457569,6.631344,4,,,POINT (6.631344 49.7457569),136.0,0.005160346354732061
49.7454486,6.6334832,3,,,POINT (6.6334832 49.7454486),137.0,0.007252250801181122
49.7470104,6.633016,4,,,POINT (6.633016 49.7470104),140.0,0.006960837055709164
49.7462926,6.6318159,3,,,POINT (6.6318159 49.7462926),137.0,0.005688664722482816
49.74709,6.6325584,3,,,POINT (6.6325584 49.74709),139.0,0.006514857180242629
49.7286457,6.6152399,4,,,POINT (6.6152399 49.7286457),133.0,0.00540346584077159
49.7254024,6.6110201,1,,,POINT (6.6110201 49.7254024),134.0,0.005710455124014456
49.7536454,6.6088171,3,,,POINT (6.6088171 49.7536454),302.0,0.017506389071862014
49.7527138,6.6221182,3,,,POINT (6.6221182 49.7527138),134.0,0.00421751024658556
49.7649907,6.6265204,3,,,POINT (6.6265204 49.7649907),189.0,0.004345426574045883
49.7429794,6.6338256,3,,,POINT (6.6338256 49.7429794),136.0,0.00728011690153262
49.7447408,6.636404,3,,,POINT (6.636404 49.7447408),138.0,0.01006380300023489
49.744847,6.6363518,3,,,POINT (6.6363518 49.744847),137.0,0.010025707986927932
49.7447899,6.636104,3,,,POINT (6.636104 49.7447899),137.0,0.009772619380828886
49.7446711,6.6362895,3,,,POINT (6.6362895 49.7446711),137.0,0.009941283419201722
49.7449199,6.6347455,3,,,POINT (6.6347455 49.7449199),137.0,0.008442156188573649
49.7440251,6.6343359,3,,,POINT (6.6343359 49.7440251),137.0,0.007920780014813495
49.7452441,6.6348919,3,,,POINT (6.6348919 49.7452441),137.0,0.008629071116950836
49.7462883,6.6294176,4,,,POINT (6.6294176 49.7462883),135.0,0.0033046268355997025
49.7458978,6.630498,3,,,POINT (6.630498 49.7458978),135.0,0.004335151759276421
49.744594,6.6282379,4,,,POINT (6.6282379 49.744594),131.0,0.001944575526809883
49.7443427,6.6305095,3,,,POINT (6.6305095 49.7443427),133.0,0.00416709822072651
49.7446851,6.628903,3,,,POINT (6.628903 49.7446851),133.0,0.0026156730932761145
49.7445149,6.6288344,3,,,POINT (6.6288344 49.7445149),133.0,0.002528101308704677
49.7436084,6.6302579,3,,,POINT (6.6302579 49.7436084),133.0,0.0038230680313301696
49.7434573,6.6295016,3,,,POINT (6.6295016 49.7434573),134.0,0.0030536098020954683
49.74337,6.630187,3,,,POINT (6.630187 49.74337),133.0,0.0037220696433070215
49.7487791,6.6322055,3,,,POINT (6.6322055 49.7487791),139.0,0.006275978464899636
49.7299422,6.612507,3,,,POINT (6.612507 49.7299422),132.0,0.008299542232003203
49.7311741,6.6092274,3,,,POINT (6.6092274 49.7311741),133.0,0.011472543218441896
49.7493284,6.6396797,3,,,POINT (6.6396797 49.7493284),144.0,0.013651676512433788
49.7512752,6.6286228,3,,,POINT (6.6286228 49.7512752),135.0,0.0024263960030221727
49.7509264,6.6285068,4,,,POINT (6.6285068 49.7509264),135.0,0.002366318816321386
49.7516553,6.6378307,1,,,POINT (6.6378307 49.7516553),141.0,0.011498949872602788
49.7543873,6.6332236,2,,,POINT (6.6332236 49.7543873),136.0,0.006345542367757388
49.7550952,6.6335613,4,,,POINT (6.6335613 49.7550952),136.0,0.006469539899306791
49.7519712,6.6298819,3,,,POINT (6.6298819 49.7519712),138.0,0.0035767599784755307
49.7519597,6.629684,3,,,POINT (6.629684 49.7519597),138.0,0.003382045874492866
49.7511561,6.6295155,3,,,POINT (6.6295155 49.7511561),139.0,0.0033267409429756246
49.7362685,6.6292541,3,,,POINT (6.6292541 49.7362685),135.0,0.0026094255300110505
49.7711402,6.6595626,2,,,POINT (6.6595626 49.7711402),131.0,0.002718469240606883
49.7375139,6.6062159,3,,,POINT (6.6062159 49.7375139),135.0,0.017976033150432825
49.7415394,6.6092729,3,,,POINT (6.6092729 49.7415394),141.0,0.017253675084037825
49.7375365,6.6059788,3,,,POINT (6.6059788 49.7375365),136.0,0.018176626954713178
49.7409901,6.6021742,3,,,POINT (6.6021742 49.7409901),157.0,0.023301402721872484
49.7384585,6.6043409,3,,,POINT (6.6043409 49.7384585),148.0,0.020034602233997056
49.7370341,6.603038,1,,,POINT (6.603038 49.7370341),153.0,0.019646533611067444
49.7401387,6.6021272,3,,,POINT (6.6021272 49.7401387),156.0,0.022813406231377797
49.7378122,6.6126714,3,,,POINT (6.6126714 49.7378122),134.0,0.012936965859143603
49.7369711,6.6084377,3,,,POINT (6.6084377 49.7369711),132.0,0.015892205567567524
49.7411394,6.6016786,3,,,POINT (6.6016786 49.7411394),157.0,0.023783628592528718
49.7429602,6.6014971,1,,,POINT (6.6014971 49.7429602),178.0,0.024812687031024752
49.7420151,6.6080184,3,,,POINT (6.6080184 49.7420151),149.0,0.018437092867640763
49.7388555,6.6101439,3,,,POINT (6.6101439 49.7388555),137.0,0.015610087996835794
49.7413318,6.620096,3,,,POINT (6.620096 49.7413318),132.0,0.006547344524795069
49.7276305,6.6140076,3,,,POINT (6.6140076 49.7276305),133.0,0.005597330739546481
49.7281576,6.6129784,1,turning_circle,,POINT (6.6129784 49.7281576),133.0,0.006693583646807601
49.7356412,6.6120277,2,,,POINT (6.6120277 49.7356412),131.0,0.012218121732629478
49.7373227,6.6142803,4,,,POINT (6.6142803 49.7373227),134.0,0.011333801989343032
49.741802,6.6195428,3,,,POINT (6.6195428 49.741802),133.0,0.007035415084608472
49.7401788,6.6178221,3,,,POINT (6.6178221 49.7401788),132.0,0.008950747145431035
49.7385236,6.6209776,3,,,POINT (6.6209776 49.7385236),131.0,0.005936538010920936
49.7383961,6.6246289,3,,,POINT (6.6246289 49.7383961),131.0,0.002321012849291031
49.7289918,6.614509,3,,,POINT (6.614509 49.7289918),132.0,0.0061814894549612025
49.7306685,6.6106269,3,,,POINT (6.6106269 49.7306685),133.0,0.01013290071594892
49.7332802,6.6107516,1,turning_circle,,POINT (6.6107516 49.7332802),132.0,0.011794663905040133
49.7400244,6.6218015,3,,,POINT (6.6218015 49.7400244),131.0,0.005031581980097232
49.7390064,6.6222581,3,,,POINT (6.6222581 49.7390064),130.0,0.004733827264575771
49.7659042,6.6547315,3,,,POINT (6.6547315 49.7659042),134.0,0.007185966315632997
49.7515941,6.6217272,3,,,POINT (6.6217272 49.7515941),133.0,0.004434341290467784
49.752871,6.6203716,3,,,POINT (6.6203716 49.752871),135.0,0.005969702442386897
49.7536866,6.6182023,3,,,POINT (6.6182023 49.7536866),139.0,0.008226784850827843
49.7472469,6.6169342,3,,,POINT (6.6169342 49.7472469),134.0,0.009052881055567234
49.7421532,6.6402581,3,,,POINT (6.6402581 49.7421532),159.0,0.013534907653737063
49.7419149,6.6407037,3,,,POINT (6.6407037 49.7419149),161.0,0.013939445471385157
49.7398997,6.6398973,3,,,POINT (6.6398973 49.7398997),157.0,0.012910089584894525
49.724128,6.711179,3,,,POINT (6.711179 49.724128),376.0,0.03358428084833751
49.7308252,6.6566188,3,,,POINT (6.6566188 49.7308252),251.0,0.03049668129485689
49.7316645,6.6566345,3,,,POINT (6.6566345 49.7316645),247.0,0.03037197975619785
49.7319704,6.6568786,1,turning_circle,,POINT (6.6568786 49.7319704),247.0,0.03055762617962594
49.7306476,6.6548438,1,turning_circle,,POINT (6.6548438 49.7306476),247.0,0.028770629669161937
49.7413497,6.6100998,3,,,POINT (6.6100998 49.7413497),139.0,0.016458074028394717
49.7408358,6.6116104,3,,,POINT (6.6116104 49.7408358),136.0,0.015026194160261025
49.7410959,6.6154251,3,,,POINT (6.6154251 49.7410959),132.0,0.0112097500559499
49.7435418,6.6174125,3,,,POINT (6.6174125 49.7435418),131.0,0.008930763343346486
49.7409254,6.6077404,4,,,POINT (6.6077404 49.7409254),145.0,0.01876405518167804
49.7585821,6.6249316,3,,,POINT (6.6249316 49.7585821),134.0,0.002761676451202679
49.7769739,6.7217665,4,,,POINT (6.7217665 49.7769739),162.0,0.0020171750171998136
49.7826084,6.7140448,3,,,POINT (6.7140448 49.7826084),146.0,0.000442851498811275
49.7845998,6.7102352,3,,,POINT (6.7102352 49.7845998),137.0,0.001158232251375419
49.7516953,6.6785289,3,,,POINT (6.6785289 49.7516953),255.0,0.024989224872327347
49.7513365,6.6774756,1,,,POINT (6.6774756 49.7513365),253.0,0.025116320072044514
49.7947809,6.7091757,3,,,POINT (6.7091757 49.7947809),200.0,0.005968148041421755
49.76888,6.6258102,3,,,POINT (6.6258102 49.76888),210.0,0.007495406026554122
49.7674956,6.624617,4,,,POINT (6.624617 49.7674956),205.0,0.0074175627035891496
49.768029,6.6253023,3,,,POINT (6.6253023 49.768029),205.0,0.007248378900829156
49.7563025,6.6359546,3,,,POINT (6.6359546 49.7563025),137.0,0.008439660850814395
49.7546254,6.6349632,3,,,POINT (6.6349632 49.7546254),137.0,0.007947052774984701
49.7565788,6.6350635,4,,,POINT (6.6350635 49.7565788),136.0,0.007524364508509234
49.7549197,6.6341581,3,,,POINT (6.6341581 49.7549197),136.0,0.0070916093833977845
49.7647493,6.6370363,3,,,POINT (6.6370363 49.7647493),132.0,0.0028867047466124376
49.765769,6.6382956,3,,,POINT (6.6382956 49.765769),132.0,0.002695918606183437
49.7668621,6.6396898,3,,,POINT (6.6396898 49.7668621),132.0,0.0024309850532033455
49.7651544,6.6393295,1,,,POINT (6.6393295 49.7651544),131.0,0.0037389793306556993
49.7638432,6.6386201,3,,,POINT (6.6386201 49.7638432),132.0,0.004532925935623485
49.766236,6.6405604,3,,,POINT (6.6405604 49.766236),130.0,0.0034086066749757487
49.76561,6.6413861,3,,,POINT (6.6413861 49.76561),132.0,0.004307990512726145
49.7654641,6.6415785,3,,,POINT (6.6415785 49.7654641),132.0,0.004514742480145029
49.7646329,6.6402521,3,,,POINT (6.6402521 49.7646329),130.0,0.004646286700439629
49.7642679,6.6394265,3,,,POINT (6.6394265 49.7642679),131.0,0.004558888616904271
49.7619961,6.6376323,3,,,POINT (6.6376323 49.7619961),132.0,0.005481930918409183
49.7623206,6.6382315,1,,,POINT (6.6382315 49.7623206),132.0,0.005560988658891019
49.7683705,6.6465687,3,,,POINT (6.6465687 49.7683705),131.0,0.0034216444850283948
49.7682041,6.6461727,3,,,POINT (6.6461727 49.7682041),131.0,0.0034729429146014533
49.7649311,6.6442049,3,,,POINT (6.6442049 49.7649311),132.0,0.005982012221991316
49.7637104,6.6438041,3,,,POINT (6.6438041 49.7637104),130.0,0.006967664826356603
49.7658824,6.641933,1,,,POINT (6.641933 49.7658824),131.0,0.0042573642635251934
49.7575885,6.6379873,4,,,POINT (6.6379873 49.7575885),134.0,0.009089746615986842
49.7552808,6.6200708,3,,,POINT (6.6200708 49.7552808),137.0,0.006583439125563157
49.7541373,6.6189509,3,,,POINT (6.6189509 49.7541373),137.0,0.007543297148187269
49.7525039,6.6868919,1,,,POINT (6.6868919 49.7525039),252.0,0.02540266748606256
49.7525993,6.6833577,3,,,POINT (6.6833577 49.7525993),253.0,0.02491404379405553
49.7529048,6.6827051,1,,,POINT (6.6827051 49.7529048),252.0,0.02452848910612012
49.754613,6.675314,1,,,POINT (6.675314 49.754613),250.0,0.02147764329367035
49.7549196,6.6790805,1,turning_circle,,POINT (6.6790805 49.7549196),231.0,0.021955429574881048
49.7538697,6.6801654,1,,,POINT (6.6801654 49.7538697),244.0,0.02321165287000588
49.7517367,6.682776,3,,,POINT (6.682776 49.7517367),258.0,0.025696179872581774
49.7635098,6.6435526,1,,,POINT (6.6435526 49.7635098),130.0,0.007060928592982085
49.7617853,6.6378527,3,,,POINT (6.6378527 49.7617853),133.0,0.005781128401154684
49.7612042,6.6355263,3,,,POINT (6.6355263 49.7612042),133.0,0.004797046161360421
49.7613211,6.6381398,5,,,POINT (6.6381398 49.7613211),133.0,0.0063259973101912875
49.7607191,6.6358486,3,,,POINT (6.6358486 49.7607191),133.0,0.005364389770099767
49.7599288,6.6354551,1,,,POINT (6.6354551 49.7599288),134.0,0.005646447669096637
49.7584021,6.6355183,3,,,POINT (6.6355183 49.7584021),135.0,0.006778038645857462
49.7584578,6.6350135,3,,,POINT (6.6350135 49.7584578),135.0,0.006357155452426045
49.7643434,6.6429432,1,,,POINT (6.6429432 49.7643434),130.0,0.006060972062269635
49.7619657,6.6426215,1,,,POINT (6.6426215 49.7619657),133.0,0.008137262908000764
49.760905,6.6413335,3,,,POINT (6.6413335 49.760905),136.0,0.008424848161244463
49.7588005,6.6330699,3,,,POINT (6.6330699 49.7588005),134.0,0.004635061303318481
49.7583724,6.6326899,3,,,POINT (6.6326899 49.7583724),134.0,0.00458341699236492
49.7585194,6.6322824,3,,,POINT (6.6322824 49.7585194),134.0,0.004155033974545089
49.8127831,6.6908343,3,,,POINT (6.6908343 49.8127831),135.0,0.0067440446098712544
49.8123363,6.6898254,3,,,POINT (6.6898254 49.8123363),144.0,0.006119843740649307
49.8104817,6.6865149,3,,,POINT (6.6865149 49.8104817),132.0,0.003681809204324374
49.806932,6.6847365,3,,,POINT (6.6847365 49.806932),135.0,0.0002833794967787296
49.790548,6.6784242,3,,,POINT (6.6784242 49.790548),146.0,0.013353880138799623
49.7748117,6.6558545,3,,,POINT (6.6558545 49.7748117),155.0,0.001467535579639355
49.7744178,6.6550403,3,,,POINT (6.6550403 49.7744178),142.0,0.0012001747911408512
49.7745957,6.6554009,3,,,POINT (6.6554009 49.7745957),158.0,0.0013219930398743365
49.7637149,6.629183,4,,,POINT (6.629183 49.7637149),143.0,0.0014899355954857462
49.7630664,6.6289313,3,,,POINT (6.6289313 49.7630664),138.0,0.00126213683942152
49.7669622,6.6333767,3,,,POINT (6.6333767 49.7669622),134.0,0.0010280786080307809
49.7320275,6.6234325,1,,,POINT (6.6234325 49.7320275),130.0,0.0007920461790264508
49.7540418,6.6825195,3,,,POINT (6.6825195 49.7540418),243.0,0.02337714765505192
49.7564724,6.680345,1,turning_circle,,POINT (6.680345 49.7564724),208.0,0.020678972869014253
49.7539547,6.6744619,3,,,POINT (6.6744619 49.7539547),252.0,0.021987473555275718
49.7616972,6.6639637,3,,,POINT (6.6639637 49.7616972),151.0,0.012712939928301638
49.7590786,6.6616519,3,,,POINT (6.6616519 49.7590786),153.0,0.01495698518066105
49.7590024,6.6624679,1,,,POINT (6.6624679 49.7590024),167.0,0.015154679447072461
49.7516885,6.6855555,1,,,POINT (6.6855555 49.7516885),257.0,0.026080688525366325
49.7511964,6.6858472,3,,,POINT (6.6858472 49.7511964),258.0,0.026602518082630817
49.7512451,6.6878439,3,,,POINT (6.6878439 49.7512451),252.0,0.026742627098461032
49.770438,6.6329629,1,,,POINT (6.6329629 49.770438),181.0,0.004109730324700039
49.7725679,6.6257747,1,,,POINT (6.6257747 49.7725679),232.0,0.010094441888980947
49.7529328,6.6366367,2,,,POINT (6.6366367 49.7529328),140.0,0.010030494508892833
49.7548188,6.6213308,3,,,POINT (6.6213308 49.7548188),135.0,0.005272493377539149
49.7557173,6.622214,1,turning_circle,,POINT (6.622214 49.7557173),137.0,0.004591414096286296
49.7553779,6.6198195,3,,,POINT (6.6198195 49.7553779),141.0,0.006846785483713076
49.7509441,6.6202782,3,,,POINT (6.6202782 49.7509441),131.0,0.005786149936662134
49.7495402,6.6190081,3,,,POINT (6.6190081 49.7495402),134.0,0.006936265735938632
49.7495936,6.6138676,3,,,POINT (6.6138676 49.7495936),142.0,0.01206754261811441
49.7497349,6.6133524,3,,,POINT (6.6133524 49.7497349),154.0,0.012590473727783442
49.7485328,6.6124168,1,,,POINT (6.6124168 49.7485328),146.0,0.013503691887776576
49.7419182,6.6333151,4,,,POINT (6.6333151 49.7419182),136.0,0.006635950654254674
49.7426424,6.6301588,4,,,POINT (6.6301588 49.7426424),134.0,0.003600443276151532
49.7402564,6.6295403,3,,,POINT (6.6295403 49.7402564),134.0,0.0026536095740360027
49.7428092,6.6292897,3,,,POINT (6.6292897 49.7428092),133.0,0.002760045491967816
49.7401976,6.6304319,4,,,POINT (6.6304319 49.7401976),134.0,0.0035261268689298383
49.7395994,6.6317538,3,,,POINT (6.6317538 49.7395994),135.0,0.004761954914738316
49.7393239,6.6301449,1,,,POINT (6.6301449 49.7393239),134.0,0.003144142771885619
49.7397912,6.6342032,3,,,POINT (6.6342032 49.7397912),138.0,0.007218623930500378
49.7393862,6.6328611,3,,,POINT (6.6328611 49.7393862),137.0,0.005860828420965857
49.7396604,6.6347939,3,,,POINT (6.6347939 49.7396604),138.0,0.007801086207701689
49.7426032,6.6114218,3,,,POINT (6.6114218 49.7426032),137.0,0.014988556123859862
49.7401235,6.6062605,3,,,POINT (6.6062605 49.7401235),147.0,0.019512855028035726
49.742364,6.6313012,4,,,POINT (6.6313012 49.742364),133.0,0.004697501447674852
49.7891955,6.7085081,3,,,POINT (6.7085081 49.7891955),167.0,0.0038592199833645175
49.7945302,6.7088124,3,,,POINT (6.7088124 49.7945302),194.0,0.005529146570819069
49.7647057,6.6509826,3,,,POINT (6.6509826 49.7647057),135.0,0.00781227807336992
49.7658116,6.6497422,3,,,POINT (6.6497422 49.7658116),131.0,0.006503612436086599
49.7537565,6.6543301,3,,,POINT (6.6543301 49.7537565),152.0,0.01916220248279276
49.7570537,6.6569808,3,,,POINT (6.6569808 49.7570537),148.0,0.016262114520613394
49.7578479,6.6561537,3,,,POINT (6.6561537 49.7578479),139.0,0.015361426757883307
49.7720403,6.6744734,3,,,POINT (6.6744734 49.7720403),129.0,0.004246987020699661
49.7668812,6.6602214,3,,,POINT (6.6602214 49.7668812),135.0,0.007028102208779567
49.7673861,6.659957,3,,,POINT (6.659957 49.7673861),135.0,0.0064892648298557985
49.7677493,6.6596255,3,,,POINT (6.6596255 49.7677493),134.0,0.006080464059115902
49.7679071,6.6594456,3,,,POINT (6.6594456 49.7679071),134.0,0.005897472863191062
49.7678385,6.6620667,3,,,POINT (6.6620667 49.7678385),133.0,0.006357738915279198
49.7681663,6.6628146,3,,,POINT (6.6628146 49.7681663),133.0,0.00614487293801829
49.7688011,6.664258,3,,,POINT (6.664258 49.7688011),133.0,0.005731912498075307
49.7692782,6.66469,3,,,POINT (6.66469 49.7692782),132.0,0.005324403739018221
49.7691092,6.6650982,3,,,POINT (6.6650982 49.7691092),133.0,0.005552261133917517
49.7696673,6.6637073,3,,,POINT (6.6637073 49.7696673),132.0,0.004793412945176349
49.7697797,6.6634363,3,,,POINT (6.6634363 49.7697797),131.0,0.004641940349364743
49.7703766,6.6627442,3,,,POINT (6.6627442 49.7703766),130.0,0.003948703080730001
49.7705782,6.6653511,1,turning_circle,,POINT (6.6653511 49.7705782),131.0,0.004138570862051146
49.7686372,6.6623455,3,,,POINT (6.6623455 49.7686372),132.0,0.005609414635931289
49.7686881,6.6611255,3,,,POINT (6.6611255 49.7686881),132.0,0.0053771966152138875
49.7690516,6.6618763,3,,,POINT (6.6618763 49.7690516),132.0,0.005129812487087822
49.7665714,6.6584267,4,,,POINT (6.6584267 49.7665714),135.0,0.0070652919636308865
49.7685984,6.656979,3,,,POINT (6.656979 49.7685984),132.0,0.004844132256959372
49.7690789,6.6573447,3,,,POINT (6.6573447 49.7690789),132.0,0.004423899861018246
49.7691307,6.6574654,3,,,POINT (6.6574654 49.7691307),132.0,0.004390783957645699
49.7693955,6.6571767,3,,,POINT (6.6571767 49.7693955),132.0,0.004085688378004992
49.7702528,6.6562203,3,,,POINT (6.6562203 49.7702528),131.0,0.003094672667614406
49.7695273,6.6583128,3,,,POINT (6.6583128 49.7695273),130.0,0.0041257318950718574
49.7705214,6.6578586,3,,,POINT (6.6578586 49.7705214),129.0,0.003074765592613301
49.7707611,6.6569534,3,,,POINT (6.6569534 49.7707611),130.0,0.0027020446566358445
49.7705712,6.6564987,3,,,POINT (6.6564987 49.7705712),131.0,0.0028216173369062913
49.7703422,6.6567619,4,,,POINT (6.6567619 49.7703422),131.0,0.003087494045775025
49.770428,6.6573187,4,,,POINT (6.6573187 49.770428),130.0,0.003086153899174585
49.7662768,6.6587895,1,,,POINT (6.6587895 49.7662768),135.0,0.007410961614243329
49.7650843,6.6601804,3,,,POINT (6.6601804 49.7650843),133.0,0.008798539073895932
49.7654965,6.6597346,3,,,POINT (6.6597346 49.7654965),133.0,0.008324153482293905
49.7661268,6.6590709,2,,,POINT (6.6590709 49.7661268),135.0,0.007601460493218062
49.7662381,6.6591272,2,,,POINT (6.6591272 49.7662381),135.0,0.007499860774745277
49.7657349,6.661462,3,,,POINT (6.661462 49.7657349),133.0,0.00834746514284846
49.7660933,6.660904,3,,,POINT (6.660904 49.7660933),133.0,0.007909447382291062
49.7669811,6.6606856,3,,,POINT (6.6606856 49.7669811),135.0,0.006998936493275455
49.7659702,6.6619239,4,,,POINT (6.6619239 49.7659702),133.0,0.008183992558530915
49.7660762,6.6519754,3,,,POINT (6.6519754 49.7660762),133.0,0.006635473473799596
49.7652531,6.6503609,3,,,POINT (6.6503609 49.7652531),133.0,0.007163140501592381
49.7399862,6.639174,3,,,POINT (6.639174 49.7399862),156.0,0.012192105311634206
49.7409051,6.6402474,3,,,POINT (6.6402474 49.7409051),158.0,0.01334259110218017
49.7442573,6.6413488,3,,,POINT (6.6413488 49.7442573),158.0,0.01490522430775736
49.7435073,6.6409161,3,,,POINT (6.6409161 49.7435073),160.0,0.014379579835574289
49.7439057,6.6421654,1,,,POINT (6.6421654 49.7439057),161.0,0.01566977032949506
49.7440775,6.6445974,3,,,POINT (6.6445974 49.7440775),158.0,0.01810365171040832
49.7432296,6.6444705,1,turning_circle,,POINT (6.6444705 49.7432296),162.0,0.01786150058719801
49.7444501,6.6436112,1,turning_circle,,POINT (6.6436112 49.7444501),156.0,0.017173619969839637
49.7411019,6.6366958,3,,,POINT (6.6366958 49.7411019),144.0,0.009854757997376772
49.7412273,6.6362222,3,,,POINT (6.6362222 49.7412273),141.0,0.009405504139610874
49.7421075,6.6372873,1,,,POINT (6.6372873 49.7421075),144.0,0.010591230272217372
49.7409159,6.636097,1,,,POINT (6.636097 49.7409159),141.0,0.009234747386797639
49.7412029,6.6363142,3,,,POINT (6.6363142 49.7412029),141.0,0.009492768670372203
49.7413652,6.635667,1,,,POINT (6.635667 49.7413652),139.0,0.008877470943920858
49.7432548,6.63719,3,,,POINT (6.63719 49.7432548),142.0,0.010651976914768801
49.7435351,6.6374125,3,,,POINT (6.6374125 49.7435351),140.0,0.010908707638749585
49.7397247,6.6399847,3,,,POINT (6.6399847 49.7397247),157.0,0.012990601027281081
49.7395319,6.6413883,4,,,POINT (6.6413883 49.7395319),159.0,0.014389249862657669
49.7385958,6.6401148,3,,,POINT (6.6401148 49.7385958),158.0,0.013117661994349692
49.7381635,6.6352982,3,,,POINT (6.6352982 49.7381635),140.0,0.008306783349768827
49.739928,6.6320432,3,,,POINT (6.6320432 49.739928),135.0,0.005080434824893785
49.7387837,6.6327198,3,,,POINT (6.6327198 49.7387837),139.0,0.00572174519262628
49.7392715,6.6322147,1,,,POINT (6.6322147 49.7392715),137.0,0.005214018381678374
49.7392315,6.6328171,3,,,POINT (6.6328171 49.7392315),137.0,0.005816625602816085
49.7411633,6.6394852,3,,,POINT (6.6394852 49.7411633),155.0,0.012621578229364869
49.741339,6.6386699,3,,,POINT (6.6386699 49.741339),153.0,0.01184203099894766
49.7408015,6.639107,1,,,POINT (6.639107 49.7408015),155.0,0.01219803731917554
49.741402,6.63911,1,,,POINT (6.63911 49.741402),156.0,0.012286598126025032
49.7429604,6.6381939,4,,,POINT (6.6381939 49.7429604),147.0,0.011609627762599335
49.742355,6.6397934,3,,,POINT (6.6397934 49.742355),159.0,0.013105980681881435
49.741754,6.6393635,3,,,POINT (6.6393635 49.741754),156.0,0.01259031227079791
49.7439591,6.638668,3,,,POINT (6.638668 49.7439591),141.0,0.012208341933720468
49.7438307,6.639286,3,,,POINT (6.639286 49.7438307),149.0,0.012804671893251709
49.7428262,6.6386118,3,,,POINT (6.6386118 49.7428262),150.0,0.012006775902076426
49.743633,6.6406164,3,,,POINT (6.6406164 49.743633),158.0,0.01409855412632381
49.7436312,6.6402527,3,,,POINT (6.6402527 49.7436312),153.0,0.013737648327912286
49.7436914,6.6397368,3,,,POINT (6.6397368 49.7436914),149.0,0.0132337898093474
49.7449158,6.6388232,1,,,POINT (6.6388232 49.7449158),137.0,0.012485402797451414
49.7445062,6.6371309,4,,,POINT (6.6371309 49.7445062),138.0,0.010754456240879996
49.7425231,6.6394053,3,,,POINT (6.6394053 49.7425231),156.0,0.012747691212021598
49.7430992,6.6393781,1,,,POINT (6.6393781 49.7430992),152.0,0.012801842624029561
49.7298584,6.639534,3,,,POINT (6.639534 49.7298584),178.0,0.014118506442611223
49.7296593,6.6404447,3,,,POINT (6.6404447 49.7296593),179.0,0.015044557509279065
49.7257664,6.6384847,3,,,POINT (6.6384847 49.7257664),192.0,0.014920708888491828
49.734931,6.6382108,3,,,POINT (6.6382108 49.734931),160.0,0.011661081017781382
49.732331,6.6388993,3,,,POINT (6.6388993 49.732331),172.0,0.012798435001593387
49.7313476,6.6391582,3,,,POINT (6.6391582 49.7313476),174.0,0.013310275448332073
49.7380098,6.6442705,3,,,POINT (6.6442705 49.7380098),163.0,0.01727981591684327
49.737294,6.6434198,3,,,POINT (6.6434198 49.737294),165.0,0.01646380102679785
49.737638,6.6426989,3,,,POINT (6.6426989 49.737638),163.0,0.01572338981263232
49.738058,6.6419581,3,,,POINT (6.6419581 49.738058),161.0,0.014966937140243044
49.7361292,6.6422,3,,,POINT (6.6422 49.7361292),164.0,0.015378864374522804
49.7369904,6.6431076,3,,,POINT (6.6431076 49.7369904),164.0,0.01617679622947492
49.739416,6.6465395,3,,,POINT (6.6465395 49.739416),165.0,0.01953900125236702
49.7386239,6.6451672,3,,,POINT (6.6451672 49.7386239),164.0,0.018169832045846553
49.7391088,6.6444463,3,,,POINT (6.6444463 49.7391088),161.0,0.017446318634680897
49.7366702,6.6413342,3,,,POINT (6.6413342 49.7366702),162.0,0.014447207496605921
49.7372078,6.6404882,3,,,POINT (6.6404882 49.7372078),161.0,0.013548468532272666
49.7364643,6.6438841,3,,,POINT (6.6438841 49.7364643),166.0,0.017003453284846995
49.7382805,6.6467131,3,,,POINT (6.6467131 49.7382805),170.0,0.019717664684490346
49.7384846,6.646884,3,,,POINT (6.646884 49.7384846),170.0,0.019887369857704614
49.7392424,6.6461873,3,,,POINT (6.6461873 49.7392424),165.0,0.019186610442180764
49.7393116,6.6465702,3,,,POINT (6.6465702 49.7393116),165.0,0.019569400429497025
49.7382395,6.6470942,3,,,POINT (6.6470942 49.7382395),170.0,0.02009912416051935
49.7271821,6.6435481,1,,,POINT (6.6435481 49.7271821),193.0,0.018827201481102996
49.7304388,6.647434,1,turning_circle,,POINT (6.647434 49.7304388),218.0,0.021539545222682723
49.7263601,6.6541203,3,,,POINT (6.6541203 49.7263601),263.0,0.029078411382289615
49.7254141,6.6503118,1,,,POINT (6.6503118 49.7254141),268.0,0.025766248159171563
49.7346257,6.6449884,1,,,POINT (6.6449884 49.7346257),174.0,0.018384512419092842
49.7373739,6.6482759,3,,,POINT (6.6482759 49.7373739),175.0,0.021306608840685196
49.7367894,6.6492004,3,,,POINT (6.6492004 49.7367894),181.0,0.022265743811738358
49.7310624,6.6463795,1,turning_circle,,POINT (6.6463795 49.7310624),199.0,0.02037441437023498
49.7323463,6.6472184,3,,,POINT (6.6472184 49.7323463),195.0,0.020975067274504707
49.7329323,6.64734,3,,,POINT (6.64734 49.7329323),192.0,0.021000364698255627
49.7334838,6.6474628,3,,,POINT (6.6474628 49.7334838),189.0,0.021022864210158546
49.734277,6.6481664,3,,,POINT (6.6481664 49.734277),185.0,0.02157376178484109
49.7347055,6.6484709,3,,,POINT (6.6484709 49.7347055),182.0,0.021797510331457565
49.7358707,6.6485617,3,,,POINT (6.6485617 49.7358707),182.0,0.021718396447481438
49.7322367,6.6461414,1,turning_circle,,POINT (6.6461414 49.7322367),190.0,0.019926251619660586
49.7334297,6.6463638,1,turning_circle,,POINT (6.6463638 49.7334297),183.0,0.01995112056329062
49.7357797,6.6474293,1,turning_circle,,POINT (6.6474293 49.7357797),179.0,0.020605961116384422
49.7346379,6.6473789,1,turning_circle,,POINT (6.6473789 49.7346379),183.0,0.020734531959482504
49.7358501,6.6460206,3,,,POINT (6.6460206 49.7358501),174.0,0.019200302589802175
49.7357515,6.6450194,1,turning_circle,,POINT (6.6450194 49.7357515),172.0,0.01822307015022346
49.7349483,6.650534,1,turning_circle,,POINT (6.650534 49.7349483),192.0,0.023795828861798082
49.7286831,6.6572027,4,,,POINT (6.6572027 49.7286831),259.0,0.03145593853026912
49.7337602,6.6515486,3,,,POINT (6.6515486 49.7337602),209.0,0.024993911386551323
49.7356645,6.6498698,1,turning_circle,,POINT (6.6498698 49.7356645),187.0,0.02304176382354407
49.7355581,6.6485122,3,,,POINT (6.6485122 49.7355581),182.0,0.021708563879261258
49.7358829,6.6507284,3,,,POINT (6.6507284 49.7358829),190.0,0.02386992047619712
49.7358696,6.6515501,3,,,POINT (6.6515501 49.7358696),196.0,0.024688422708628917
49.7432556,6.6538911,3,,,POINT (6.6538911 49.7432556),154.0,0.02717858950902258
49.7410011,6.6527302,1,turning_circle,,POINT (6.6527302 49.7410011),166.0,0.02578507912184793
49.7432801,6.6523766,3,,,POINT (6.6523766 49.7432801),155.0,0.02568468793546931
49.7435084,6.6516262,1,,,POINT (6.6516262 49.7435084),157.0,0.024977331391899137
49.7399785,6.6515993,1,turning_circle,,POINT (6.6515993 49.7399785),173.0,0.024607650096057188
49.7437826,6.6460486,3,,,POINT (6.6460486 49.7437826),164.0,0.01950481675242566
49.7416124,6.6455624,3,,,POINT (6.6455624 49.7416124),164.0,0.01870415885759079
49.7423052,6.6452241,4,,,POINT (6.6452241 49.7423052),164.0,0.018466978630840316
49.742287,6.6450347,3,,,POINT (6.6450347 49.742287),164.0,0.018277001069692846
49.7401001,6.6484307,2,,,POINT (6.6484307 49.7401001),170.0,0.02144455242643144
49.7342912,6.6357543,3,,,POINT (6.6357543 49.7342912),159.0,0.009352981774954172
49.7363582,6.6375404,3,,,POINT (6.6375404 49.7363582),153.0,0.01074695292057697
49.7348249,6.6372744,3,,,POINT (6.6372744 49.7348249),160.0,0.010758603508986279
49.7347933,6.6370046,3,,,POINT (6.6370046 49.7347933),159.0,0.010498761061175435
49.7334666,6.6377076,3,,,POINT (6.6377076 49.7334666),167.0,0.011404108075601837
49.7329502,6.6371145,3,,,POINT (6.6371145 49.7329502),169.0,0.010919879197593036
49.7336396,6.638552,3,,,POINT (6.638552 49.7336396),167.0,0.012212941152728942
49.7320816,6.6342452,3,,,POINT (6.6342452 49.7320816),162.0,0.008400672762932911
49.7335882,6.6362767,3,,,POINT (6.6362767 49.7335882),164.0,0.009973152601359737
49.7621884,6.6202647,3,,,POINT (6.6202647 49.7621884),254.0,0.008210306221450194
49.761055,6.6246093,3,,,POINT (6.6246093 49.761055),154.0,0.0038007984779460688
49.7618903,6.6260431,3,,,POINT (6.6260431 49.7618903),140.0,0.0029366392817690204
49.7638742,6.629242,3,,,POINT (6.629242 49.7638742),143.0,0.0015480492974049925
49.7415584,6.6743756,3,,,POINT (6.6743756 49.7415584),190.0,0.034202645101824705
49.741336,6.6742221,3,,,POINT (6.6742221 49.741336),190.0,0.03439693681696818
49.7448869,6.6662985,1,,,POINT (6.6662985 49.7448869),194.0,0.029683515018914183
49.7296644,6.6394454,3,,,POINT (6.6394454 49.7296644),179.0,0.014099994625887045
49.728029,6.6377976,3,,,POINT (6.6377976 49.728029),181.0,0.013267497071867092
49.7272683,6.6373471,3,,,POINT (6.6373471 49.7272683),184.0,0.01320866011826214
49.7259626,6.6366003,3,,,POINT (6.6366003 49.7259626),190.0,0.01318208493247583
49.7245684,6.6377365,1,,,POINT (6.6377365 49.7245684),202.0,0.014855858266508369
49.7258184,6.6374951,3,,,POINT (6.6374951 49.7258184),192.0,0.014032682092305264
49.7297156,6.6367479,3,,,POINT (6.6367479 49.7297156),177.0,0.011580696097386826
49.7308316,6.6380078,3,,,POINT (6.6380078 49.7308316),175.0,0.012364715165736206
49.7312625,6.6342029,1,,,POINT (6.6342029 49.7312625),167.0,0.008631977136787388
49.7311495,6.6344123,1,,,POINT (6.6344123 49.7311495),168.0,0.008868468181710746
49.727911,6.6310077,2,,,POINT (6.6310077 49.727911),168.0,0.007352434244356483
49.7270059,6.6292684,3,,,POINT (6.6292684 49.7270059),163.0,0.006385027928435617
49.7270832,6.6304396,3,,,POINT (6.6304396 49.7270832),167.0,0.0072994372258146315
49.7264723,6.6300441,3,,,POINT (6.6300441 49.7264723),165.0,0.00732649734287506
49.7278505,6.6313203,3,,,POINT (6.6313203 49.7278505),168.0,0.007654554603976937
49.7275994,6.6314545,3,,,POINT (6.6314545 49.7275994),168.0,0.007894616960945372
49.7285197,6.6322584,3,,,POINT (6.6322584 49.7285197),170.0,0.008144149116091947
49.7288464,6.6361125,3,,,POINT (6.6361125 49.7288464),179.0,0.011394863442861797
49.7295008,6.6363042,3,,,POINT (6.6363042 49.7295008),176.0,0.011271246534880396
49.7300742,6.634699,3,,,POINT (6.634699 49.7300742),172.0,0.00957945506119457
49.7296587,6.6342241,1,,,POINT (6.6342241 49.7296587),172.0,0.009343098278319872
49.7316222,6.6352113,3,,,POINT (6.6352113 49.7316222),168.0,0.009459760091040006
49.7303284,6.6358007,3,,,POINT (6.6358007 49.7303284),173.0,0.01046650570247972
49.7304378,6.6359294,3,,,POINT (6.6359294 49.7304378),173.0,0.010542240470130136
49.7297623,6.6352961,3,,,POINT (6.6352961 49.7297623),173.0,0.010253049743595229
49.7302228,6.6344415,3,,,POINT (6.6344415 49.7302228),171.0,0.009282608382061438
49.7298216,6.6351854,3,,,POINT (6.6351854 49.7298216),173.0,0.010127502468479058
49.7297257,6.6355534,3,,,POINT (6.6355534 49.7297257),175.0,0.010499186741348721
49.7294224,6.6365141,3,,,POINT (6.6365141 49.7294224),177.0,0.011494196407755673
49.7262285,6.6297315,3,,,POINT (6.6297315 49.7262285),165.0,0.0072106003158996625
49.7263342,6.6299923,3,,,POINT (6.6299923 49.7263342),165.0,0.007363401249368361
49.7307671,6.6351148,4,,,POINT (6.6351148 49.7307671),170.0,0.009663646568455121
49.7306232,6.6354036,3,,,POINT (6.6354036 49.7306232),172.0,0.009985607186848941
49.731576,6.6335065,3,,,POINT (6.6335065 49.731576),161.0,0.007868943325506748
49.7294095,6.634716,1,,,POINT (6.634716 49.7294095),173.0,0.00989452010825834
49.7263821,6.6349703,3,,,POINT (6.6349703 49.7263821),183.0,0.011555730475715512
49.7276575,6.6357074,3,,,POINT (6.6357074 49.7276575),180.0,0.011574413298306083
49.7283526,6.6360363,3,,,POINT (6.6360363 49.7283526),179.0,0.011549648142759113
49.7272852,6.6281255,3,,,POINT (6.6281255 49.7272852),160.0,0.005288993311866007
49.7275768,6.6269615,3,,,POINT (6.6269615 49.7275768),149.0,0.004168621381400625
49.7274309,6.6269879,4,,,POINT (6.6269879 49.7274309),153.0,0.004274023162073633
49.7251909,6.6313473,3,,,POINT (6.6313473 49.7251909),177.0,0.009129261076429404
49.7241157,6.6303981,1,turning_circle,,POINT (6.6303981 49.7241157),179.0,0.008969699696755734
49.7233901,6.6281751,3,,,POINT (6.6281751 49.7233901),181.0,0.0076737788551774115
49.7225333,6.6282016,3,,,POINT (6.6282016 49.7225333),186.0,0.008226559516816001
49.7214085,6.6275292,3,,,POINT (6.6275292 49.7214085),187.0,0.008397900924490049
49.720111,6.6263885,3,,,POINT (6.6263885 49.720111),196.0,0.008384541147252537
49.7201125,6.6257391,3,,,POINT (6.6257391 49.7201125),196.0,0.007946554093442854
49.7203344,6.6229983,3,,,POINT (6.6229983 49.7203344),184.0,0.005924012412586783
49.7241992,6.6240144,1,turning_circle,,POINT (6.6240144 49.7241992),159.0,0.003909939327293352
49.7230133,6.6251183,3,,,POINT (6.6251183 49.7230133),169.0,0.00551160819360181
49.7234823,6.6271331,3,,,POINT (6.6271331 49.7234823),175.0,0.0067997366721210825
49.7228592,6.6236971,3,,,POINT (6.6236971 49.7228592),166.0,0.004538184884950232
49.7223373,6.6242495,1,turning_circle,,POINT (6.6242495 49.7223373),170.0,0.005297196092274603
49.7193899,6.6254727,1,turning_circle,,POINT (6.6254727 49.7193899),204.0,0.00832801285989874
49.7201219,6.625525,3,,,POINT (6.625525 49.7201219),196.0,0.007801272991722637
49.720859,6.6262309,1,turning_circle,,POINT (6.6262309 49.720859),190.0,0.0077471890650762576
49.7208026,6.6252104,1,turning_circle,,POINT (6.6252104 49.7208026),189.0,0.0070786523307772645
49.7202375,6.6248199,3,,,POINT (6.6248199 49.7202375),194.0,0.007259136041170049
49.7197708,6.6245099,1,turning_circle,,POINT (6.6245099 49.7197708),193.0,0.0074169776996863964
49.7202717,6.6246611,3,,,POINT (6.6246611 49.7202717),191.0,0.007130787198868764
49.7207981,6.6242271,1,,,POINT (6.6242271 49.7207981),188.0,0.006448576245876319
49.7203734,6.6239677,3,,,POINT (6.6239677 49.7203734),188.0,0.006606818897082508
49.7198285,6.6213046,1,turning_circle,,POINT (6.6213046 49.7198285),177.0,0.005082714191947538
49.720761,6.623255,1,,,POINT (6.623255 49.720761),183.0,0.005826759318043632
49.7282385,6.6272445,3,,,POINT (6.6272445 49.7282385),146.0,0.00402028909051339
49.7282677,6.6270733,3,,,POINT (6.6270733 49.7282677),146.0,0.0038633669378855397
49.7292622,6.627207,1,,,POINT (6.627207 49.7292622),139.0,0.003401685379710345
49.728477,6.6272964,3,,,POINT (6.6272964 49.728477),142.0,0.003925807971574125
49.7285462,6.6279139,1,,,POINT (6.6279139 49.7285462),150.0,0.00439158286707816
49.7262497,6.6283556,2,,,POINT (6.6283556 49.7262497),163.0,0.006072045564107797
49.7259072,6.6284848,2,,,POINT (6.6284848 49.7259072),165.0,0.006374510626107872
49.7258696,6.6287572,2,,,POINT (6.6287572 49.7258696),165.0,0.006619104165576802
49.7248573,6.6293545,1,turning_circle,,POINT (6.6293545 49.7248573),173.0,0.007689449088849079
49.7261521,6.6299165,3,,,POINT (6.6299165 49.7261521),166.0,0.007405926488323833
49.726447,6.6311232,3,,,POINT (6.6311232 49.726447),171.0,0.008224431552616028
49.7212866,6.624089,1,turning_circle,,POINT (6.624089 49.7212866),182.0,0.005985752400042286
49.7200642,6.623622,1,turning_circle,,POINT (6.623622 49.7200642),188.0,0.006567164137883208
49.7203786,6.6237673,3,,,POINT (6.6237673 49.7203786),188.0,0.006463031138443824
49.7226547,6.62656,1,,,POINT (6.62656 49.7226547),175.0,0.0068643776533686175
49.7223534,6.6276232,3,,,POINT (6.6276232 49.7223534),182.0,0.007884873197901831
49.7223754,6.6281536,3,,,POINT (6.6281536 49.7223754),186.0,0.00828697771385962
49.7223315,6.6271376,1,,,POINT (6.6271376 49.7223315),177.0,0.007517823982946299
49.7230783,6.6269778,3,,,POINT (6.6269778 49.7230783),176.0,0.006928855091436017
49.7219971,6.6269274,1,turning_circle,,POINT (6.6269274 49.7219971),180.0,0.007560691573919767
49.7229839,6.6264863,1,,,POINT (6.6264863 49.7229839),173.0,0.00660219806613652
49.7231029,6.6274756,1,,,POINT (6.6274756 49.7231029),179.0,0.007303791029039364
49.7234161,6.6268983,3,,,POINT (6.6268983 49.7234161),175.0,0.006656789105397673
49.7217961,6.6248146,1,turning_circle,,POINT (6.6248146 49.7217961),175.0,0.006079125806397728
49.7213149,6.6245904,3,,,POINT (6.6245904 49.7213149),182.0,0.006286671657960148
49.7213455,6.6265559,3,,,POINT (6.6265559 49.7213455),181.0,0.007674231046822581
49.7280495,6.6333008,4,,,POINT (6.6333008 49.7280495),173.0,0.009283205367052157
49.7286208,6.6337249,3,,,POINT (6.6337249 49.7286208),174.0,0.009372928175334345
49.7289071,6.6338689,1,,,POINT (6.6338689 49.7289071),173.0,0.009365305274789232
49.7291083,6.6351078,1,,,POINT (6.6351078 49.7291083),176.0,0.010380069872747972
49.73287,6.6282335,3,,,POINT (6.6282335 49.73287),136.0,0.0025480165647680086
49.7362464,6.6315191,3,,,POINT (6.6315191 49.7362464),135.0,0.004842071781667004
49.7362341,6.6336987,3,,,POINT (6.6336987 49.7362341),137.0,0.006988939131193922
49.7359,6.6337334,1,turning_circle,,POINT (6.6337334 49.7359),136.0,0.007082653312788972
49.7361307,6.6327222,1,,,POINT (6.6327222 49.7361307),136.0,0.006046522770326266
49.7363541,6.634148,1,,,POINT (6.634148 49.7363541),137.0,0.007409643516345085
49.7373895,6.6285438,1,,,POINT (6.6285438 49.7373895),130.0,0.0017106324140346715
49.7371394,6.6298393,3,,,POINT (6.6298393 49.7371394),137.0,0.0030299663851471132
49.7270229,6.6259466,1,,,POINT (6.6259466 49.7270229),145.0,0.003661099359479097
49.724144,6.626701,3,,,POINT (6.626701 49.724144),169.0,0.006050160546992447
49.724481,6.626415,3,,,POINT (6.626415 49.724481),168.0,0.005616722065125099
49.7253548,6.6258434,3,,,POINT (6.6258434 49.7253548),159.0,0.004626097938002982
49.7266175,6.6259717,1,,,POINT (6.6259717 49.7266175),151.0,0.003939082595794085
49.723881,6.626216,1,,,POINT (6.626216 49.723881),170.0,0.005833286546923203
49.7238815,6.6280588,1,turning_circle,,POINT (6.6280588 49.7238815),178.0,0.007277492438353074
49.7256063,6.6252623,1,,,POINT (6.6252623 49.7256063),154.0,0.004014428347429283
49.718885,6.626264,3,,,POINT (6.626264 49.718885),211.0,0.009223639584921325
49.7134812,6.6274091,3,,,POINT (6.6274091 49.7134812),230.0,0.013888870243822257
49.7184354,6.6275923,3,,,POINT (6.6275923 49.7184354),227.0,0.010430608172587553
49.7225963,6.6303184,3,,,POINT (6.6303184 49.7225963),198.0,0.009853135675509795
49.7217786,6.6297488,1,,,POINT (6.6297488 49.7217786),198.0,0.009907975490056436
49.7189052,6.629637,1,,,POINT (6.629637 49.7189052),229.0,0.011604603273700241
49.718529,6.628136,1,,,POINT (6.628136 49.718529),229.0,0.010737484365532315
49.7190002,6.6281396,3,,,POINT (6.6281396 49.7190002),223.0,0.010411026255847857
49.7183528,6.6287599,1,,,POINT (6.6287599 49.7183528),229.0,0.011306600322379895
49.7090185,6.628875,3,,,POINT (6.628875 49.7090185),284.0,0.018112361198362018
49.7134635,6.6283495,1,,,POINT (6.6283495 49.7134635),222.0,0.014558690597731008
49.7232562,6.6797424,1,,,POINT (6.6797424 49.7232562),264.0,0.05313625420771442
49.7274058,6.6842535,3,,,POINT (6.6842535 49.7274058),257.0,0.04994033147151833
49.7245943,6.6816983,3,,,POINT (6.6816983 49.7245943),264.0,0.05215716653356734
49.7239799,6.6805284,3,,,POINT (6.6805284 49.7239799),264.0,0.05255137467431187
49.7234522,6.6811543,4,,,POINT (6.6811543 49.7234522),259.0,0.05317925935870651
49.7265822,6.6823823,3,,,POINT (6.6823823 49.7265822),263.0,0.05034806546372927
49.7274216,6.683731,3,,,POINT (6.683731 49.7274216),257.0,0.04981400609521974
49.7223277,6.6835573,1,,,POINT (6.6835573 49.7223277),239.0,0.05475501340603903
49.7264336,6.6869062,1,,,POINT (6.6869062 49.7264336),240.0,0.05131841409824108
49.7277948,6.6848963,3,,,POINT (6.6848963 49.7277948),250.0,0.0496966076109087
49.7281627,6.6957502,3,,,POINT (6.6957502 49.7281627),246.0,0.04581794545644847
49.7280045,6.6984439,3,,,POINT (6.6984439 49.7280045),251.0,0.043329044624133214
49.7285717,6.6981867,1,turning_circle,,POINT (6.6981867 49.7285717),248.0,0.0433807333386603
49.7283105,6.7015061,3,,,POINT (6.7015061 49.7283105),252.0,0.04035293719136303
49.728866,6.700079,3,,,POINT (6.700079 49.728866),251.0,0.04149846828812081
49.729118,6.6990564,3,,,POINT (6.6990564 49.729118),247.0,0.0423802849629407
49.7294499,6.6981256,3,,,POINT (6.6981256 49.7294499),239.0,0.04315766496475536
49.729304,6.6994553,1,,,POINT (6.6994553 49.729304),247.0,0.041942659771288235
49.7290226,6.7003284,1,,,POINT (6.7003284 49.7290226),251.0,0.0412109274743972
49.7281156,6.6993162,3,,,POINT (6.6993162 49.7281156),252.0,0.042471939193071497
49.7284915,6.6990954,1,,,POINT (6.6990954 49.7284915),250.0,0.04255074532473115
49.7291484,6.6979366,1,,,POINT (6.6979366 49.7291484),244.0,0.04343155445364614
49.7288527,6.7001891,3,,,POINT (6.7001891 49.7288527),251.0,0.0413993236737039
49.7286292,6.7000899,1,,,POINT (6.7000899 49.7286292),251.0,0.041568639803703386
49.7294091,6.7055324,3,,,POINT (6.7055324 49.7294091),267.0,0.036200842568372346
49.723536,6.7006481,3,,,POINT (6.7006481 49.723536),262.0,0.043048958425493895
49.724162,6.7014903,3,,,POINT (6.7014903 49.724162),257.0,0.04201698157888161
49.7250818,6.7027,3,,,POINT (6.7027 49.7250818),261.0,0.04052732422563942
49.726498,6.70269,3,,,POINT (6.70269 49.726498),248.0,0.03994428974722277
49.7254412,6.7043364,3,,,POINT (6.7043364 49.7254412),272.0,0.03889837229975171
49.7228528,6.7013183,3,,,POINT (6.7013183 49.7228528),275.0,0.04276057887213575
49.7232248,6.7027541,1,,,POINT (6.7027541 49.7232248),279.0,0.04131671819010031
49.721977,6.6992194,3,,,POINT (6.6992194 49.721977),273.0,0.04502706287745155
49.7237818,6.7024355,3,,,POINT (6.7024355 49.7237818),276.0,0.04134166717296407
49.7242599,6.7016271,3,,,POINT (6.7016271 49.7242599),264.0,0.04185109593606932
49.724382,6.6992557,3,,,POINT (6.6992557 49.724382),245.0,0.043943816843784574
49.7236299,6.6999819,3,,,POINT (6.6999819 49.7236299),252.0,0.04360621580749797
49.7246431,6.7008949,3,,,POINT (6.7008949 49.7246431),251.0,0.042346325453455874
49.7243833,6.7005533,1,,,POINT (6.7005533 49.7243833),251.0,0.042765984718348866
49.7249795,6.7001948,3,,,POINT (6.7001948 49.7249795),237.0,0.04284174148771152
49.7244874,6.6983671,3,,,POINT (6.6983671 49.7244874),239.0,0.044711027239373966
49.7248947,6.696607,3,,,POINT (6.696607 49.7248947),238.0,0.04616767306958432
49.7202624,6.696619,3,,,POINT (6.696619 49.7202624),289.0,0.04812523724918056
49.7226768,6.6999628,3,,,POINT (6.6999628 49.7226768),264.0,0.04404651273971618
49.7234834,6.6965638,3,,,POINT (6.6965638 49.7234834),256.0,0.046766886395505185
49.7231286,6.6938654,1,,,POINT (6.6938654 49.7231286),251.0,0.04938051444456557
49.7231449,6.6944109,4,,,POINT (6.6944109 49.7231449),254.0,0.048873251592767744
49.7245238,6.6959205,3,,,POINT (6.6959205 49.7245238),245.0,0.04694401395747987
49.7239602,6.6957856,1,,,POINT (6.6957856 49.7239602),253.0,0.04728798421343465
49.7215404,6.6947763,1,,,POINT (6.6947763 49.7215404),267.0,0.04920379829931791
49.7212274,6.6953302,1,,,POINT (6.6953302 49.7212274),271.0,0.04884007990913004
49.7205137,6.6959624,3,,,POINT (6.6959624 49.7205137),280.0,0.048592888014812874
49.72085,6.6956666,3,,,POINT (6.6956666 49.72085),280.0,0.048705321815691836
49.7220018,6.695543,3,,,POINT (6.695543 49.7220018),266.0,0.048313447288410534
49.7212076,6.6956798,3,,,POINT (6.6956798 49.7212076),274.0,0.04853474517384519
49.7223937,6.6965327,3,,,POINT (6.6965327 49.7223937),262.0,0.04725118711154424
49.7227405,6.6955591,1,turning_circle,,POINT (6.6955591 49.7227405),260.0,0.047988307977777866
49.721582,6.6956614,3,,,POINT (6.6956614 49.721582),269.0,0.04838736339138728
49.7213342,6.6956744,3,,,POINT (6.6956744 49.7213342),269.0,0.0484838967552117
49.7293202,6.6884094,1,,,POINT (6.6884094 49.7293202),196.0,0.048628102662956314
49.7302086,6.6882242,3,,,POINT (6.6882242 49.7302086),202.0,0.04772449410756259
49.7366887,6.6513385,3,,,POINT (6.6513385 49.7366887),189.0,0.02440548916637286
49.7373323,6.6523041,3,,,POINT (6.6523041 49.7373323),193.0,0.025332334791921377
49.7378014,6.6537121,1,turning_circle,,POINT (6.6537121 49.7378014),188.0,0.026723688686256755
49.7348198,6.6526137,1,turning_circle,,POINT (6.6526137 49.7348198),206.0,0.02587246916163921
49.7366311,6.6527131,3,,,POINT (6.6527131 49.7366311),198.0,0.02578070783919567
49.7366568,6.6535219,1,turning_circle,,POINT (6.6535219 49.7366568),199.0,0.026585831433302766
49.7356628,6.6532622,1,turning_circle,,POINT (6.6532622 49.7356628),203.0,0.026412765575947916
49.7356471,6.6524994,3,,,POINT (6.6524994 49.7356471),201.0,0.025656032682001943
49.7275232,6.6586405,1,,,POINT (6.6586405 49.7275232),260.0,0.03311661992248033
49.7272734,6.6570151,3,,,POINT (6.6570151 49.7272734),262.0,0.03160199672694753
49.727528,6.6565545,3,,,POINT (6.6565545 49.727528),262.0,0.03109200019506738
49.7268715,6.657087,1,turning_circle,,POINT (6.657087 49.7268715),262.0,0.03177606883694083
49.728571,6.660177,1,turning_circle,,POINT (6.660177 49.728571),255.0,0.03439076968722874
49.7316111,6.6614195,1,turning_circle,,POINT (6.6614195 49.7316111),249.0,0.03508982652361135
49.7308537,6.6599842,3,,,POINT (6.6599842 49.7308537),253.0,0.033812570495452436
49.7341076,6.6596537,3,,,POINT (6.6596537 49.7341076),247.0,0.03294403328070075
49.7275494,6.65546,1,,,POINT (6.65546 49.7275494),259.0,0.03002817231667635
49.7293195,6.6554992,1,turning_circle,,POINT (6.6554992 49.7293195),251.0,0.02965763823452616
49.7293503,6.6569719,3,,,POINT (6.6569719 49.7293503),256.0,0.031095334705065526
49.80348,6.6897444,3,,,POINT (6.6897444 49.80348),130.0,0.0023017764118164943
49.783588,6.6901414,3,,,POINT (6.6901414 49.783588),131.0,0.005225226962243208
49.7812831,6.691059,3,,,POINT (6.691059 49.7812831),131.0,0.002840268494422786
49.7805119,6.6909754,3,,,POINT (6.6909754 49.7805119),132.0,0.002081259435406823
49.7799711,6.6873814,3,,,POINT (6.6873814 49.7799711),133.0,0.0019017829610984969
49.7806891,6.6970429,1,,,POINT (6.6970429 49.7806891),128.0,0.0011238916499780134
49.7864995,6.6947837,3,,,POINT (6.6947837 49.7864995),132.0,0.00735525299587052
49.7831225,6.6938904,4,,,POINT (6.6938904 49.7831225),130.0,0.004250537292539637
49.7743185,6.6708231,1,,,POINT (6.6708231 49.7743185),127.0,0.0013027333761651124
49.7608422,6.6494129,4,,,POINT (6.6494129 49.7608422),136.0,0.011335468498454968
49.7228171,6.6200107,4,,,POINT (6.6200107 49.7228171),138.0,0.0020434601488653068
49.7406251,6.6610672,3,,,POINT (6.6610672 49.7406251),205.0,0.033114180651045634
49.7205686,6.5789409,3,,,POINT (6.5789409 49.7205686),145.0,0.011534944213359774
49.7216339,6.5773163,3,,,POINT (6.5773163 49.7216339),153.0,0.013009195437840588
49.7221706,6.5791055,4,,,POINT (6.5791055 49.7221706),154.0,0.013035069338781576
49.7226004,6.5782055,4,,,POINT (6.5782055 49.7226004),159.0,0.013689268801685733
49.7244351,6.5709139,1,,,POINT (6.5709139 49.7244351),185.0,0.017755292505049775
49.7506369,6.6388738,2,,,POINT (6.6388738 49.7506369),142.0,0.012665860955817763
49.751074,6.6390615,4,,,POINT (6.6390615 49.751074),141.0,0.012795003260955553
49.7502487,6.6386537,1,,,POINT (6.6386537 49.7502487),143.0,0.012498240811009698
49.7696028,6.6610594,3,,,POINT (6.6610594 49.7696028),131.0,0.004462926595937016
49.7238391,6.6365687,3,,,POINT (6.6365687 49.7238391),219.0,0.01420619350318825
49.8120815,6.6785251,3,,,POINT (6.6785251 49.8120815),138.0,0.0012311681972797758
49.8284035,6.7062881,3,,,POINT (6.7062881 49.8284035),148.0,0.008391539840819208
49.7795664,6.6931904,3,,,POINT (6.6931904 49.7795664),129.0,0.0008498513223729267
49.7232893,6.5855904,3,,,POINT (6.5855904 49.7232893),140.0,0.0121537245233506
49.7208666,6.5799728,3,,,POINT (6.5799728 49.7208666),143.0,0.011547032694069714
49.7230901,6.6378946,1,,,POINT (6.6378946 49.7230901),228.0,0.01572808755952303
49.7686399,6.6253707,3,,,POINT (6.6253707 49.7686399),203.0,0.007630080850276374
49.741358,6.6951038,3,,,POINT (6.6951038 49.741358),276.0,0.03728917654374979
49.7412539,6.6957291,3,,,POINT (6.6957291 49.7412539),277.0,0.03745943429751737
49.741634,6.6998432,3,,,POINT (6.6998432 49.741634),291.0,0.03402389668820978
49.7426525,6.6998174,3,,,POINT (6.6998174 49.7426525),295.0,0.03341671612860797
49.7435913,6.6997793,3,,,POINT (6.6997793 49.7435913),296.0,0.03288667057714923
49.745759,6.6989147,3,,,POINT (6.6989147 49.745759),303.0,0.03239135298501587
49.7448744,6.7016032,1,,,POINT (6.7016032 49.7448744),318.0,0.030656931720083755
49.7439406,6.7018793,3,,,POINT (6.7018793 49.7439406),317.0,0.030996915331687854
49.7416237,6.7026425,3,,,POINT (6.7026425 49.7416237),312.0,0.03188868834571552
49.7431632,6.7013364,3,,,POINT (6.7013364 49.7431632),309.0,0.031903378163604924
49.7414724,6.7022617,4,,,POINT (6.7022617 49.7414724),312.0,0.03227508408168903
49.7414286,6.6999647,3,,,POINT (6.6999647 49.7414286),291.0,0.034058418399566553
49.7406858,6.7002856,3,,,POINT (6.7002856 49.7406858),295.0,0.0342869900453483
49.7398993,6.6971491,3,,,POINT (6.6971491 49.7398993),282.0,0.03721240383756456
49.7407775,6.6961578,3,,,POINT (6.6961578 49.7407775),279.0,0.03747071142772548
49.7595725,6.6454994,3,,,POINT (6.6454994 49.7595725),140.0,0.011439172699948838
49.7633659,6.6512026,4,,,POINT (6.6512026 49.7633659),136.0,0.009169849872676883
49.7626932,6.6518828,3,,,POINT (6.6518828 49.7626932),136.0,0.009952686890775313
49.7618906,6.6515346,3,,,POINT (6.6515346 49.7618906),135.0,0.010680663115476946
49.7625566,6.6536302,3,,,POINT (6.6536302 49.7625566),133.0,0.010349674492048858
49.7622598,6.6502611,3,,,POINT (6.6502611 49.7622598),137.0,0.010091099226142259
49.7614003,6.6509274,3,,,POINT (6.6509274 49.7614003),136.0,0.011055295650043023
49.7677906,6.6388445,1,,,POINT (6.6388445 49.7677906),128.0,0.0012042951430194012
49.7223324,6.6003528,1,turning_circle,,POINT (6.6003528 49.7223324),132.0,0.006486582606981068
49.7391421,6.6094739,3,,,POINT (6.6094739 49.7391421),139.0,0.016322231212169188
49.7373743,6.6075401,3,,,POINT (6.6075401 49.7373743),132.0,0.016847469637147654
49.7409848,6.6045515,3,,,POINT (6.6045515 49.7409848),157.0,0.021407121105484088
49.7408339,6.606468,3,,,POINT (6.606468 49.7408339),147.0,0.019752417991848986
49.7530809,6.6061872,1,,,POINT (6.6061872 49.7530809),309.0,0.020024893894600045
49.8001013,6.6946337,3,,,POINT (6.6946337 49.8001013),128.0,0.002480067902293024
49.7434618,6.6023172,1,,,POINT (6.6023172 49.7434618),191.0,0.02394211003349023
49.771158,6.6596713,2,,,POINT (6.6596713 49.771158),131.0,0.0027171695911759434
49.7720899,6.6593264,4,,,POINT (6.6593264 49.7720899),130.0,0.0017440891443082378
49.7722001,6.6592858,3,,,POINT (6.6592858 49.7722001),130.0,0.001629047242155788
49.7685015,6.6587372,3,,,POINT (6.6587372 49.7685015),132.0,0.005203571419657879
49.7403536,6.7005221,3,,,POINT (6.7005221 49.7403536),294.0,0.034323287517772395
49.7407356,6.7025942,3,,,POINT (6.7025942 49.7407356),303.0,0.03251658275541949
49.7400387,6.7006783,3,,,POINT (6.7006783 49.7400387),294.0,0.03441070157451182
49.7314207,6.7043438,3,,,POINT (6.7043438 49.7314207),270.0,0.036634926285308636
49.7348421,6.7110855,4,,,POINT (6.7110855 49.7348421),320.0,0.02918472502731491
49.7360001,6.7103914,3,,,POINT (6.7103914 49.7360001),314.0,0.02956305804293682
49.7366115,6.7127225,1,,,POINT (6.7127225 49.7366115),332.0,0.02715377969196904
49.7445933,6.7010918,3,,,POINT (6.7010918 49.7445933),313.0,0.031235904477058835
49.7395952,6.7013018,4,,,POINT (6.7013018 49.7395952),294.0,0.03423997208308178
49.739227,6.6980571,3,,,POINT (6.6980571 49.739227),284.0,0.036930935516446044
49.7387318,6.6990629,3,,,POINT (6.6990629 49.7387318),287.0,0.036487262580251645
49.7358102,6.6950442,4,,,POINT (6.6950442 49.7358102),270.0,0.04143928557396895
49.7203877,6.696296,3,,,POINT (6.696296 49.7203877),289.0,0.04835380411363597
49.7200673,6.6962958,3,,,POINT (6.6962958 49.7200673),289.0,0.04850208162316573
49.7363558,6.6884851,4,,,POINT (6.6884851 49.7363558),271.0,0.04162871270910327
49.7344783,6.6867493,3,,,POINT (6.6867493 49.7344783),271.0,0.04331581642805394
49.7359789,6.6866704,3,,,POINT (6.6866704 49.7359789),272.0,0.04181588080191226
49.7334711,6.6859246,1,turning_circle,,POINT (6.6859246 49.7334711),275.0,0.04421328289079605
49.7343949,6.6874003,3,,,POINT (6.6874003 49.7343949),271.0,0.04347202588543369
49.7338338,6.6873223,1,turning_circle,,POINT (6.6873223 49.7338338),272.0,0.04402076649125115
49.7348669,6.6866593,3,,,POINT (6.6866593 49.7348669),270.0,0.042919551101516316
49.7348557,6.6872491,1,,,POINT (6.6872491 49.7348557),270.0,0.0429971255240653
49.7371705,6.6839831,3,,,POINT (6.6839831 49.7371705),266.0,0.04029810968709373
49.7363991,6.682833,3,,,POINT (6.682833 49.7363991),262.0,0.04085042343965555
49.7363134,6.6854234,3,,,POINT (6.6854234 49.7363134),271.0,0.04133042458688918
49.7375773,6.6827762,3,,,POINT (6.6827762 49.7375773),260.0,0.039687006605873536
49.7367433,6.6832518,3,,,POINT (6.6832518 49.7367433),265.0,0.04060294169673734
49.7369297,6.6823732,3,,,POINT (6.6823732 49.7369297),261.0,0.040234330522988915
49.7356544,6.6843943,3,,,POINT (6.6843943 49.7356544),268.0,0.041854031076492194
49.7346462,6.684453,1,turning_circle,,POINT (6.684453 49.7346462),271.0,0.042861562482076766
49.7385111,6.6854463,3,,,POINT (6.6854463 49.7385111),264.0,0.03915325419367279
49.7370308,6.6873428,1,turning_circle,,POINT (6.6873428 49.7370308),272.0,0.0408464286697768
49.7379793,6.6849943,3,,,POINT (6.6849943 49.7379793),264.0,0.03962364216187682
49.7391831,6.6859668,3,,,POINT (6.6859668 49.7391831),264.0,0.03855245142173013
49.739826,6.6865257,4,,,POINT (6.6865257 49.739826),265.0,0.03797697052474253
49.7414957,6.686377,3,,,POINT (6.686377 49.7414957),256.0,0.03630114788762181
49.7419804,6.6858737,1,turning_circle,,POINT (6.6858737 49.7419804),258.0,0.03576283277510115
49.7390612,6.692206,3,,,POINT (6.692206 49.7390612),277.0,0.039285358766283
49.7380235,6.6912661,3,,,POINT (6.6912661 49.7380235),276.0,0.04022409253249977
49.737917,6.692153,3,,,POINT (6.692153 49.737917),274.0,0.04041855961686787
49.7376694,6.6924167,3,,,POINT (6.6924167 49.7376694),273.0,0.040691236966294335
49.7379422,6.6929009,1,turning_circle,,POINT (6.6929009 49.7379422),274.0,0.04046811399753793
49.7370496,6.6913902,3,,,POINT (6.6913902 49.7370496),272.0,0.04120551511657729
49.7370545,6.6898526,3,,,POINT (6.6898526 49.7370545),273.0,0.04105692765196621
49.7309186,6.6879055,3,,,POINT (6.6879055 49.7309186),207.0,0.0469831099740355
49.731652,6.6865366,1,,,POINT (6.6865366 49.731652),226.0,0.04609515946715816
49.7312087,6.6880059,3,,,POINT (6.6880059 49.7312087),216.0,0.046706167673061905
49.7311746,6.6865324,1,turning_circle,,POINT (6.6865324 49.7311746),212.0,0.046568197797704644
49.7401834,6.6888893,3,,,POINT (6.6888893 49.7401834),272.0,0.03785355150921595
49.7414136,6.6885126,3,,,POINT (6.6885126 49.7414136),267.0,0.036594254858976466
49.7397088,6.6877208,3,,,POINT (6.6877208 49.7397088),269.0,0.0382211162109011
49.740345,6.6879455,1,turning_circle,,POINT (6.6879455 49.740345),270.0,0.03760701308276865
49.7401683,6.6898122,1,turning_circle,,POINT (6.6898122 49.7401683),274.0,0.03795229812551804
49.7407973,6.6888168,3,,,POINT (6.6888168 49.7407973),271.0,0.03723560606217245
49.7407912,6.6895518,1,turning_circle,,POINT (6.6895518 49.7407912),272.0,0.037308346873721636
49.7414142,6.6892034,1,turning_circle,,POINT (6.6892034 49.7414142),269.0,0.03665631425987388
49.7416415,6.6881705,3,,,POINT (6.6881705 49.7416415),267.0,0.03633626509713703
49.742032,6.6882372,1,turning_circle,,POINT (6.6882372 49.742032),267.0,0.035953424528838006
49.7354993,6.706606,4,,,POINT (6.706606 49.7354993),294.0,0.033363717047865254
49.7348375,6.7062259,3,,,POINT (6.7062259 49.7348375),290.0,0.03388500190703955
49.7206671,6.6977331,1,,,POINT (6.6977331 49.7206671),290.0,0.04695089148472124
49.725209,6.7047781,1,,,POINT (6.7047781 49.725209),276.0,0.03860664946508604
49.7239807,6.7021045,3,,,POINT (6.7021045 49.7239807),269.0,0.04154703265709968
49.7232906,6.7012033,1,turning_circle,,POINT (6.7012033 49.7232906),268.0,0.04266253853722336
49.7363163,6.706279,3,,,POINT (6.706279 49.7363163),286.0,0.03322800664033583
49.7364024,6.7073205,3,,,POINT (6.7073205 49.7364024),295.0,0.03247578281073432
49.736916,6.7072687,3,,,POINT (6.7072687 49.736916),297.0,0.03214583228491822
49.7393694,6.7034723,3,,,POINT (6.7034723 49.7393694),290.0,0.03282711771813135
49.7356221,6.7074025,3,,,POINT (6.7074025 49.7356221),296.0,0.032559787430510446
49.7364146,6.7092195,3,,,POINT (6.7092195 49.7364146),312.0,0.030614382067420353
49.7355621,6.708923,3,,,POINT (6.708923 49.7355621),303.0,0.031093112342928154
49.7362247,6.7090285,3,,,POINT (6.7090285 49.7362247),304.0,0.03084139318837627
49.7368363,6.7107296,1,,,POINT (6.7107296 49.7368363),319.0,0.029049521099151182
49.7348676,6.709146,3,,,POINT (6.709146 49.7348676),310.0,0.031047715027357887
49.734439,6.7095664,4,,,POINT (6.7095664 49.734439),308.0,0.03075613677853569
49.7341442,6.7097817,1,,,POINT (6.7097817 49.7341442),304.0,0.030631619109181756
49.7345265,6.709909,3,,,POINT (6.709909 49.7345265),313.0,0.03040267055720634
49.7352567,6.7093876,1,,,POINT (6.7093876 49.7352567),310.0,0.03071576553644702
49.7344596,6.7070776,3,,,POINT (6.7070776 49.7344596),294.0,0.033151752132579856
49.7347009,6.7082651,3,,,POINT (6.7082651 49.7347009),300.0,0.031941921400567126
49.735328,6.7079106,1,,,POINT (6.7079106 49.735328),300.0,0.03213218063717401
49.7356032,6.7078334,3,,,POINT (6.7078334 49.7356032),300.0,0.03214404947389184
49.7358982,6.7079536,3,,,POINT (6.7079536 49.7358982),300.0,0.03196146771254434
49.7357957,6.7073913,3,,,POINT (6.7073913 49.7357957),296.0,0.03253260520892906
49.7393982,6.7023152,3,,,POINT (6.7023152 49.7393982),291.0,0.03363328277243
49.7390765,6.7022472,2,,,POINT (6.7022472 49.7390765),289.0,0.033905260554962895
49.7382515,6.7003806,3,,,POINT (6.7003806 49.7382515),286.0,0.03582763270466305
49.7389358,6.7018929,3,,,POINT (6.7018929 49.7389358),289.0,0.034258093820294315
49.7384259,6.6998326,1,turning_circle,,POINT (6.6998326 49.7384259),286.0,0.03611379282351779
49.7401912,6.7029641,3,,,POINT (6.7029641 49.7401912),300.0,0.03261648338371512
49.7358114,6.7046027,3,,,POINT (6.7046027 49.7358114),279.0,0.034679280494410575
49.734452,6.7112505,1,,,POINT (6.7112505 49.734452),324.0,0.029136181702653727
49.7367969,6.70626,1,,,POINT (6.70626 49.7367969),283.0,0.03286463790839696
49.7242851,6.6962373,1,turning_circle,,POINT (6.6962373 49.7242851),248.0,0.04674490839749221
49.7242755,6.6946633,3,,,POINT (6.6946633 49.7242755),250.0,0.04820048591923239
49.7240317,6.6950202,1,turning_circle,,POINT (6.6950202 49.7240317),250.0,0.04796453207631786
49.7811383,6.6946553,3,,,POINT (6.6946553 49.7811383),133.0,0.0021703548639934196
49.7815388,6.6930333,4,,,POINT (6.6930333 49.7815388),133.0,0.0028222797485800743
49.7820101,6.692327,4,,,POINT (6.692327 49.7820101),131.0,0.0033993278977331766
49.782868,6.6923972,3,,,POINT (6.6923972 49.782868),130.0,0.004235336398415829
49.7766619,6.6113584,3,,,POINT (6.6113584 49.7766619),301.0,0.02346422388105062
49.7663567,6.6309434,3,,,POINT (6.6309434 49.7663567),157.0,0.002072364398415811
49.7575727,6.635607,4,,,POINT (6.635607 49.7575727),135.0,0.007382414011211712
49.7605534,6.6499953,4,,,POINT (6.6499953 49.7605534),135.0,0.011723137780744608
49.7655784,6.6453845,3,,,POINT (6.6453845 49.7655784),132.0,0.005731489356713279
49.7794616,6.6619719,4,,,POINT (6.6619719 49.7794616),152.0,0.005150076768669694
49.7282467,6.701696,1,,,POINT (6.701696 49.7282467),253.0,0.040198177509186105
49.7281878,6.7011789,3,,,POINT (6.7011789 49.7281878),252.0,0.04070238478762624
49.7281345,6.7005991,3,,,POINT (6.7005991 49.7281345),252.0,0.04126373061922064
49.7280735,6.7000841,4,,,POINT (6.7000841 49.7280735),252.0,0.04176733052564257
49.7279091,6.6993256,1,,,POINT (6.6993256 49.7279091),252.0,0.042535235317944085
49.7282793,6.7011631,3,,,POINT (6.7011631 49.7282793),252.0,0.04068483410129815
49.7282074,6.7005879,3,,,POINT (6.7005879 49.7282074),252.0,0.04124860418852674
49.7281419,6.7000697,3,,,POINT (6.7000697 49.7281419),252.0,0.04175678110644471
49.727926,6.6994168,3,,,POINT (6.6994168 49.727926),252.0,0.04244391179730495
49.728005,6.6994147,4,,,POINT (6.6994147 49.728005),252.0,0.04241816233183543
49.7281227,6.6993856,3,,,POINT (6.6993856 49.7281227),252.0,0.042404391292530326
49.7279118,6.6982858,3,,,POINT (6.6982858 49.7279118),251.0,0.043509351704892445
49.7278492,6.6976728,3,,,POINT (6.6976728 49.7278492),249.0,0.04410683031209541
49.7279883,6.6982479,3,,,POINT (6.6982479 49.7279883),251.0,0.04351875839773053
49.7279325,6.697656,3,,,POINT (6.697656 49.7279325),249.0,0.04409437139375027
49.7283022,6.692409,1,,,POINT (6.692409 49.7283022),244.0,0.04847571384322294
49.7629394,6.6522533,3,,,POINT (6.6522533 49.7629394),136.0,0.009776222066029083
49.7670732,6.6478119,3,,,POINT (6.6478119 49.7670732),132.0,0.004919163103869452
49.7531136,6.6490863,3,,,POINT (6.6490863 49.7531136),142.0,0.01873112002869016
49.7516042,6.6476297,3,,,POINT (6.6476297 49.7516042),142.0,0.019618765074601644
49.7529294,6.6496935,3,,,POINT (6.6496935 49.7529294),143.0,0.019092291965528845
49.7530245,6.649416,3,,,POINT (6.649416 49.7530245),143.0,0.018916836726411982
49.7538194,6.6515278,4,,,POINT (6.6515278 49.7538194),142.0,0.01862227340316748
49.753848,6.6531038,4,,,POINT (6.6531038 49.753848),146.0,0.018874103684339248
49.7525617,6.6491619,3,,,POINT (6.6491619 49.7525617),143.0,0.01927967897830246
49.7515152,6.6506759,3,,,POINT (6.6506759 49.7515152),149.0,0.02073848298263156
49.7257883,6.6967707,1,,,POINT (6.6967707 49.7257883),232.0,0.045679930428253794
49.7418728,6.6684336,3,,,POINT (6.6684336 49.7418728),162.0,0.03298175697272294
49.7418564,6.6685981,3,,,POINT (6.6685981 49.7418564),162.0,0.03302245142906757
49.7431021,6.6561012,3,,,POINT (6.6561012 49.7431021),157.0,0.029346759093978134
49.7433,6.6555306,3,,,POINT (6.6555306 49.7433),157.0,0.028807803531160234
49.74984,6.6456053,3,,,POINT (6.6456053 49.74984),145.0,0.01944380775244857
49.7500261,6.6449583,1,,,POINT (6.6449583 49.7500261),145.0,0.018778074114057505
49.7499326,6.6452732,1,,,POINT (6.6452732 49.7499326),145.0,0.01910247289803748
49.7496352,6.6462749,3,,,POINT (6.6462749 49.7496352),148.0,0.020134385441225477
49.7491304,6.6466259,3,,,POINT (6.6466259 49.7491304),152.0,0.02054837374635761
49.7478176,6.6459416,4,,,POINT (6.6459416 49.7478176),155.0,0.01989636211411342
49.7488593,6.6467609,3,,,POINT (6.6467609 49.7488593),155.0,0.020720174618231453
49.7502993,6.649474,3,,,POINT (6.649474 49.7502993),153.0,0.021524910069507217
49.7500318,6.6500563,3,,,POINT (6.6500563 49.7500318),156.0,0.021961910572575325
49.7510627,6.6483857,3,,,POINT (6.6483857 49.7510627),144.0,0.02041290973896572
49.7480605,6.6452192,3,,,POINT (6.6452192 49.7480605),151.0,0.01920529026271845
49.7501551,6.6497567,3,,,POINT (6.6497567 49.7501551),156.0,0.021752845337005382
49.7520798,6.6528688,3,,,POINT (6.6528688 49.7520798),157.0,0.020572430838810524
49.7523746,6.6520797,3,,,POINT (6.6520797 49.7523746),150.0,0.020142136874097473
49.7215307,6.5877757,3,,,POINT (6.5877757 49.7215307),135.0,0.009700821435323286
49.7213818,6.5864655,3,,,POINT (6.5864655 49.7213818),134.0,0.01005683608483887
49.7210061,6.5863443,3,,,POINT (6.5863443 49.7210061),134.0,0.00975519275582356
49.7167192,6.5997502,1,,,POINT (6.5997502 49.7167192),131.0,0.0013059616787729365
49.7503788,6.6501868,4,,,POINT (6.6501868 49.7503788),156.0,0.02167149063968112
49.7526527,6.6512166,4,,,POINT (6.6512166 49.7526527),147.0,0.019715131225314354
49.7470082,6.6454358,1,turning_circle,,POINT (6.6454358 49.7470082),153.0,0.019304044158949898
49.7857012,6.6931426,3,,,POINT (6.6931426 49.7857012),133.0,0.006915037537006466
49.7853046,6.6897102,3,,,POINT (6.6897102 49.7853046),129.0,0.006976286536463639
49.7814903,6.6871635,3,,,POINT (6.6871635 49.7814903),132.0,0.0034351437669209086
49.7832277,6.6856326,3,,,POINT (6.6856326 49.7832277),129.0,0.005308712480987218
49.7802343,6.6913562,3,,,POINT (6.6913562 49.7802343),132.0,0.0017638552320609305
49.7396671,6.6244969,3,,,POINT (6.6244969 49.7396671),131.0,0.002420963892262774
49.7397123,6.6227956,3,,,POINT (6.6227956 49.7397123),130.0,0.004095961520985175
49.7394978,6.6235684,3,,,POINT (6.6235684 49.7394978),132.0,0.003364379053616003
49.7391583,6.6215594,3,,,POINT (6.6215594 49.7391583),131.0,0.005401604627546444
49.739599,6.6078007,3,,,POINT (6.6078007 49.739599),143.0,0.01795072101909316
49.7227747,6.5842011,3,,,POINT (6.5842011 49.7227747),142.0,0.012147330236804062
49.7254206,6.588222,3,,,POINT (6.588222 49.7254206),142.0,0.013195701780662839
49.7239842,6.5848516,3,,,POINT (6.5848516 49.7239842),146.0,0.013076946469206858
49.7232883,6.5835654,3,,,POINT (6.5835654 49.7232883),150.0,0.012826200575148633
49.7261927,6.5864417,1,turning_circle,,POINT (6.5864417 49.7261927),159.0,0.01453597229291234
49.7239219,6.5827121,4,,,POINT (6.5827121 49.7239219),163.0,0.013684147974297296
49.7241599,6.5819603,3,,,POINT (6.5819603 49.7241599),172.0,0.014134184289045233
49.7243963,6.5815163,3,,,POINT (6.5815163 49.7243963),172.0,0.014491507002594804
49.7250695,6.5822148,1,,,POINT (6.5822148 49.7250695),186.0,0.014927557681460311
49.7227619,6.5805042,3,,,POINT (6.5805042 49.7227619),167.0,0.01323030752846402
49.7214822,6.5812606,3,,,POINT (6.5812606 49.7214822),149.0,0.011783969589242653
49.7220462,6.5798259,3,,,POINT (6.5798259 49.7220462),156.0,0.01272309981293232
49.7209442,6.5795894,3,,,POINT (6.5795894 49.7209442),146.0,0.011724045575012948
49.7222481,6.5778821,3,,,POINT (6.5778821 49.7222481),158.0,0.013435946079428194
49.7219953,6.5755693,3,,,POINT (6.5755693 49.7219953),162.0,0.013922155887356891
49.722657,6.5734956,1,,,POINT (6.5734956 49.722657),165.0,0.015228071940175818
49.720824,6.5766356,3,,,POINT (6.5766356 49.720824),154.0,0.012465676307531108
49.7212651,6.5754358,3,,,POINT (6.5754358 49.7212651),165.0,0.013276276540956176
49.7219759,6.5749146,3,,,POINT (6.5749146 49.7219759),168.0,0.014118803631334572
49.7189784,6.5737154,3,,,POINT (6.5737154 49.7189784),182.0,0.011681258662476454
49.7156906,6.5751667,3,,,POINT (6.5751667 49.7156906),147.0,0.008099212025307079
49.7161138,6.5742054,4,,,POINT (6.5742054 49.7161138),156.0,0.008814592741689707
49.7166389,6.5734405,3,,,POINT (6.5734405 49.7166389),165.0,0.009561735301020623
49.7177139,6.5748978,3,,,POINT (6.5748978 49.7177139),155.0,0.010098624840973928
49.717652,6.5752817,3,,,POINT (6.5752817 49.717652),150.0,0.009914102491343562
49.7174103,6.57579,4,,,POINT (6.57579 49.7174103),150.0,0.009518902080157984
49.716793,6.5770026,3,,,POINT (6.5770026 49.716793),140.0,0.008537668278776828
49.7178693,6.5751776,3,,,POINT (6.5751776 49.7178693),157.0,0.010153535832715244
49.7205753,6.5774644,3,,,POINT (6.5774644 49.7205753),151.0,0.011958647907264685
49.7199181,6.5753465,3,,,POINT (6.5753465 49.7199181),158.0,0.01203328226243445
49.7194328,6.5760515,3,,,POINT (6.5760515 49.7194328),150.0,0.011343401298617273
49.7191834,6.5744864,1,,,POINT (6.5744864 49.7191834),178.0,0.01162173305131142
49.7209802,6.5768529,3,,,POINT (6.5768529 49.7209802),156.0,0.012541864949731705
49.7214552,6.57751,3,,,POINT (6.57751 49.7214552),153.0,0.012779679801933466
49.7204025,6.5777264,1,,,POINT (6.5777264 49.7204025),150.0,0.011711317046766955
49.7186356,6.5769601,3,,,POINT (6.5769601 49.7186356),144.0,0.010292061019015865
49.7127554,6.5699986,4,,,POINT (6.5699986 49.7127554),162.0,0.007663792238671713
49.7133889,6.5708644,3,,,POINT (6.5708644 49.7133889),164.0,0.00779448084180194
49.7178151,6.578265,3,,,POINT (6.578265 49.7178151),139.0,0.009088586662126218
49.7122545,6.5707906,1,,,POINT (6.5707906 49.7122545),160.0,0.006840194875176421
49.7190835,6.581247,3,,,POINT (6.581247 49.7190835),139.0,0.009488751145250295
49.7125271,6.5874096,1,,,POINT (6.5874096 49.7125271),132.0,0.0014092224795946814
49.7139196,6.5853714,1,,,POINT (6.5853714 49.7139196),132.0,0.0033430288049743013
49.7139775,6.5865787,3,,,POINT (6.5865787 49.7139775),134.0,0.003040668371737955
49.7146366,6.5887239,1,,,POINT (6.5887239 49.7146366),132.0,0.002959091995117135
49.7224877,6.5834668,3,,,POINT (6.5834668 49.7224877),145.0,0.012090749045765898
49.7404169,6.6058414,3,,,POINT (6.6058414 49.7404169),149.0,0.02002444869321474
49.7386727,6.6070982,3,,,POINT (6.6070982 49.7386727),142.0,0.01798623156715724
49.738996,6.6069447,1,,,POINT (6.6069447 49.738996),142.0,0.018301744769114208
49.7374796,6.6069261,3,,,POINT (6.6069261 49.7374796),133.0,0.017395774769697028
49.7388779,6.6134294,1,,,POINT (6.6134294 49.7388779),133.0,0.012915970983537863
49.7421682,6.6164746,3,,,POINT (6.6164746 49.7421682),130.0,0.010030948864692803
49.7524432,6.6640522,2,,,POINT (6.6640522 49.7524432),267.0,0.021877091397653144
49.7521379,6.6635631,2,,,POINT (6.6635631 49.7521379),267.0,0.022105791547535978
49.7525845,6.6642953,4,,,POINT (6.6642953 49.7525845),267.0,0.021773536800519223
49.753012,6.6649813,4,,,POINT (6.6649813 49.753012),266.0,0.021452870196555823
49.7515897,6.6626894,4,,,POINT (6.6626894 49.7515897),267.0,0.02251678607940447
49.7519831,6.6633164,4,,,POINT (6.6633164 49.7519831),267.0,0.02222184978560783
49.7508781,6.6626163,1,turning_circle,,POINT (6.6626163 49.7508781),267.0,0.023209379848385548
49.7512376,6.662134,3,,,POINT (6.662134 49.7512376),268.0,0.02278162542070097
49.7504932,6.6619847,1,turning_circle,,POINT (6.6619847 49.7504932),267.0,0.02349522249067181
49.7508564,6.6615205,3,,,POINT (6.6615205 49.7508564),269.0,0.02306652391322446
49.7501336,6.6613933,1,turning_circle,,POINT (6.6613933 49.7501336),266.0,0.02376207899008258
49.7504898,6.6609396,3,,,POINT (6.6609396 49.7504898),269.0,0.023341875702997738
49.7497463,6.660777,1,turning_circle,,POINT (6.660777 49.7497463),268.0,0.024052588669124145
49.752918,6.663812,2,turning_circle,,POINT (6.663812 49.752918),266.0,0.02137183269489878
49.7536546,6.6650069,1,turning_circle,,POINT (6.6650069 49.7536546),266.0,0.020821232913735145
49.7533369,6.6644971,3,,,POINT (6.6644971 49.7533369),266.0,0.021059539771812456
49.7444805,6.661267,3,,,POINT (6.661267 49.7444805),166.0,0.02933232812744364
49.752983,6.666353,1,turning_circle,,POINT (6.666353 49.752983),264.0,0.021685651519091863
49.7534475,6.6656727,3,,,POINT (6.6656727 49.7534475),266.0,0.02112509615096662
49.753603,6.6667922,1,turning_circle,,POINT (6.6667922 49.753603),266.0,0.02113790488067093
49.7540932,6.6675861,3,,,POINT (6.6675861 49.7540932),267.0,0.02077172029008143
49.745005,6.6613936,1,,,POINT (6.6613936 49.745005),172.0,0.02883274114680051
49.7555118,6.6671966,3,,,POINT (6.6671966 49.7555118),261.0,0.019310527253623287
49.7552934,6.6675936,3,,,POINT (6.6675936 49.7552934),265.0,0.019586620715523105
49.7547651,6.6681645,3,,,POINT (6.6681645 49.7547651),264.0,0.020195596378046056
49.7551595,6.6674232,3,,,POINT (6.6674232 49.7551595),265.0,0.019693049455886555
49.7544732,6.6672584,3,,,POINT (6.6672584 49.7544732),267.0,0.020346761014427776
49.7549023,6.6683298,3,,,POINT (6.6683298 49.7549023),264.0,0.02008513043082759
49.7460562,6.6906118,3,,,POINT (6.6906118 49.7460562),265.0,0.03216619411670276
49.7502488,6.6870337,1,,,POINT (6.6870337 49.7502488),257.0,0.027661333685716237
49.7512731,6.6868562,3,,,POINT (6.6868562 49.7512731),257.0,0.026625267716968534
49.7498491,6.6898716,3,,,POINT (6.6898716 49.7498491),254.0,0.02831836382489598
49.7490727,6.6879735,1,turning_circle,,POINT (6.6879735 49.7490727),261.0,0.02891782761671802
49.7489461,6.6890527,1,turning_circle,,POINT (6.6890527 49.7489461),260.0,0.029141791358442186
49.7495245,6.6890693,3,,,POINT (6.6890693 49.7495245),259.0,0.028567281129658187
49.7534834,6.6843547,1,,,POINT (6.6843547 49.7534834),246.0,0.024161935389459144
49.7533833,6.6837196,3,,,POINT (6.6837196 49.7533833),247.0,0.02418208844787786
49.7526075,6.6857579,1,,,POINT (6.6857579 49.7526075),251.0,0.02519034103924584
49.7528669,6.6851228,3,,,POINT (6.6851228 49.7528669),247.0,0.02486104329330084
49.7524598,6.6844487,1,turning_circle,,POINT (6.6844487 49.7524598),251.0,0.02518960882178724
49.7544563,6.6833203,1,turning_circle,,POINT (6.6833203 49.7544563),237.0,0.023067216082747546
49.7533879,6.6707919,1,turning_circle,,POINT (6.6707919 49.7533879),256.0,0.021956343538091352
49.7541348,6.6700372,3,,,POINT (6.6700372 49.7541348),261.0,0.021103358814215864
49.7547249,6.6708238,3,,,POINT (6.6708238 49.7547249),259.0,0.020639745787592007
49.7539809,6.6703147,1,turning_circle,,POINT (6.6703147 49.7539809),261.0,0.021297669985114787
49.7550259,6.6712172,3,,,POINT (6.6712172 49.7550259),259.0,0.02040207368799056
49.7537163,6.6711961,1,turning_circle,,POINT (6.6711961 49.7537163),256.0,0.021693232561321246
49.7537091,6.6718959,1,turning_circle,,POINT (6.6718959 49.7537091),254.0,0.021809977396056914
49.7546167,6.6719321,3,,,POINT (6.6719321 49.7546167),258.0,0.020920527282562294
49.7543878,6.6716185,1,turning_circle,,POINT (6.6716185 49.7543878),257.0,0.02109504508953991
49.7599172,6.6599305,3,,,POINT (6.6599305 49.7599172),142.0,0.013869749520707235
49.7605515,6.6566555,3,,,POINT (6.6566555 49.7605515),135.0,0.012752877221405489
49.8297107,6.7062028,3,,,POINT (6.7062028 49.8297107),152.0,0.009633958757347356
49.8319411,6.7086619,3,,,POINT (6.7086619 49.8319411),154.0,0.010883372579431585
49.7594302,6.6581821,3,,,POINT (6.6581821 49.7594302),138.0,0.014089078381415775
49.7575384,6.6577282,1,,,POINT (6.6577282 49.7575384),152.0,0.015891429710100366
49.7585807,6.6599611,1,,,POINT (6.6599611 49.7585807),154.0,0.01519572768602272
49.7600567,6.6602786,3,,,POINT (6.6602786 49.7600567),140.0,0.013784022807578343
49.7625596,6.6605099,1,,,POINT (6.6605099 49.7625596),137.0,0.011344102508015942
49.7619236,6.6618697,3,,,POINT (6.6618697 49.7619236),141.0,0.01217680832048422
49.7632103,6.6625919,3,,,POINT (6.6625919 49.7632103),136.0,0.011012564966698885
49.7633561,6.6640167,3,,,POINT (6.6640167 49.7633561),138.0,0.011080393285028004
49.7630879,6.6650528,1,,,POINT (6.6650528 49.7630879),141.0,0.011499775690122449
49.7624615,6.6806367,3,,,POINT (6.6806367 49.7624615),252.0,0.014786971579861247
49.7410895,6.6963561,3,,,POINT (6.6963561 49.7410895),277.0,0.0371266193070394
49.739542,6.6818288,1,,,POINT (6.6818288 49.739542),237.0,0.037566001159961254
49.7568744,6.6561153,3,,,POINT (6.6561153 49.7568744),142.0,0.01632032628048165
49.756768,6.6563745,3,,,POINT (6.6563745 49.756768),145.0,0.016461459685131186
49.7565569,6.6561294,1,,,POINT (6.6561294 49.7565569),144.0,0.016636736554867044
49.7809607,6.6908342,3,,,POINT (6.6908342 49.7809607),132.0,0.002541909050387697
49.7954919,6.68824,3,,,POINT (6.68824 49.7954919),129.0,0.008839436784010089
49.7918356,6.6882826,3,,,POINT (6.6882826 49.7918356),130.0,0.012044125343500982
49.7917701,6.6887555,3,,,POINT (6.6887555 49.7917701),130.0,0.011923557967734234
49.7918971,6.6887435,3,,,POINT (6.6887435 49.7918971),129.0,0.011809839084845241
49.7917921,6.6897739,3,,,POINT (6.6897739 49.7917921),130.0,0.011569635398312851
49.8243903,6.7069854,3,,,POINT (6.7069854 49.8243903),142.0,0.004524456202437018
49.8242378,6.7060113,3,,,POINT (6.7060113 49.8242378),145.0,0.004910271312255894
49.8241918,6.7055652,3,,,POINT (6.7055652 49.8241918),148.0,0.0051340405033449485
49.8250173,6.7055013,3,,,POINT (6.7055013 49.8250173),149.0,0.0058417690479818886
49.8172362,6.6982235,3,,,POINT (6.6982235 49.8172362),129.0,0.008547664671842094
49.8159696,6.7000517,3,,,POINT (6.7000517 49.8159696),128.0,0.006622344535851056
49.7418978,6.6665887,3,,,POINT (6.6665887 49.7418978),165.0,0.032682520619068456
49.7416104,6.6678745,1,,,POINT (6.6678745 49.7416104),169.0,0.03315804377201511
49.7383463,6.6728914,1,,,POINT (6.6728914 49.7383463),177.0,0.03714227517991785
49.7545365,6.6999102,1,,,POINT (6.6999102 49.7545365),288.0,0.024933009832350472
49.7532868,6.7001493,1,,,POINT (6.7001493 49.7532868),292.0,0.026205321420662182
49.7434045,6.6996782,3,,,POINT (6.6996782 49.7434045),295.0,0.03307837661826839
49.7428249,6.7001187,3,,,POINT (6.7001187 49.7428249),295.0,0.033072626077918256
49.7428826,6.7003178,3,,,POINT (6.7003178 49.7428826),300.0,0.03287951550327111
49.7433015,6.6884861,3,,,POINT (6.6884861 49.7433015),267.0,0.034711733028698226
49.7424687,6.6875272,3,,,POINT (6.6875272 49.7424687),266.0,0.03545473286995687
49.7428967,6.6871665,1,turning_circle,,POINT (6.6871665 49.7428967),266.0,0.034997754621850896
49.7612726,6.627402,3,,,POINT (6.627402 49.7612726),134.0,0.0014474766620242462
49.7604214,6.6249056,3,,,POINT (6.6249056 49.7604214),141.0,0.0032476963928283514
49.7608551,6.6270548,3,,,POINT (6.6270548 49.7608551),134.0,0.0015543956963160331
49.7616541,6.6265086,3,,,POINT (6.6265086 49.7616541),136.0,0.0024148184375606687
49.7612694,6.6261011,3,,,POINT (6.6261011 49.7612694),136.0,0.0025903807288145996
49.7503366,6.6766489,3,,,POINT (6.6766489 49.7503366),253.0,0.025924341042739534
49.7503374,6.6771321,3,,,POINT (6.6771321 49.7503374),255.0,0.026019960321648297
49.7532888,6.6744102,3,,,POINT (6.6744102 49.7532888),252.0,0.022635944253157132
49.752921,6.6729474,1,turning_circle,,POINT (6.6729474 49.752921),252.0,0.02275948083405029
49.7532691,6.6729366,1,turning_circle,,POINT (6.6729366 49.7532691),252.0,0.02241430380187145
49.7536861,6.6749399,3,,,POINT (6.6749399 49.7536861),252.0,0.02233065370097538
49.7655676,6.6728676,1,,,POINT (6.6728676 49.7655676),164.0,0.010270208180921947
49.7633293,6.6583741,3,,,POINT (6.6583741 49.7633293),133.0,0.010262850343241587
49.7399263,6.606967,3,,,POINT (6.606967 49.7399263),145.0,0.018820735766529654
49.8149496,6.6822636,3,,,POINT (6.6822636 49.8149496),207.0,0.005760436640681418
49.8188179,6.6890481,3,,,POINT (6.6890481 49.8188179),232.0,0.012262113318003118
49.8212542,6.6905266,3,,,POINT (6.6905266 49.8212542),238.0,0.015059768437128003
49.7702948,6.660292,1,,,POINT (6.660292 49.7702948),128.0,0.0036636817948253408
49.7639064,6.6559925,1,,,POINT (6.6559925 49.7639064),133.0,0.00933859669748187
49.7638511,6.6559062,3,,,POINT (6.6559062 49.7638511),133.0,0.009381465194608786
49.7636453,6.6549252,3,,,POINT (6.6549252 49.7636453),135.0,0.009449993277691462
49.7637045,6.6548311,2,,,POINT (6.6548311 49.7637045),136.0,0.009378380278207732
49.7637298,6.6358045,2,turning_circle,,POINT (6.6358045 49.7637298),133.0,0.0030125070771952274
49.7711341,6.6536427,3,,,POINT (6.6536427 49.7711341),131.0,0.0018558772122865864
49.7712482,6.6536052,3,,,POINT (6.6536052 49.7712482),131.0,0.001737695502726818
49.7639476,6.6343109,1,,,POINT (6.6343109 49.7639476),127.0,0.0020302262640204873
49.8348343,6.7107044,1,,,POINT (6.7107044 49.8348343),157.0,0.013168400050120467
49.7806883,6.6675871,3,,,POINT (6.6675871 49.7806883),140.0,0.005510645598848765
49.7793028,6.6644768,3,,,POINT (6.6644768 49.7793028),144.0,0.00461751141581658
49.7795431,6.6631844,1,,,POINT (6.6631844 49.7795431),149.0,0.005050253744663489
49.7793715,6.6612431,3,,,POINT (6.6612431 49.7793715),154.0,0.005169422663571219
49.7793658,6.6593815,1,,,POINT (6.6593815 49.7793658),167.0,0.005441289112546762
49.7791736,6.6664771,3,,,POINT (6.6664771 49.7791736),137.0,0.00418561559057464
49.7791936,6.6667686,3,,,POINT (6.6667686 49.7791936),135.0,0.0041610526708561815
49.7789972,6.666634,3,,,POINT (6.666634 49.7789972),133.0,0.0039874065469217386
49.7808522,6.6678923,3,,,POINT (6.6678923 49.7808522),147.0,0.005622407949084492
49.7812073,6.669781,3,,,POINT (6.669781 49.7812073),137.0,0.005663740102285838
49.7834498,6.6710356,3,,,POINT (6.6710356 49.7834498),148.0,0.007632196929002779
49.7814591,6.6687823,3,,,POINT (6.6687823 49.7814591),144.0,0.006075531015984492
49.7865339,6.6732255,1,,,POINT (6.6732255 49.7865339),157.0,0.010181304696595806
49.7874584,6.6755314,4,,,POINT (6.6755314 49.7874584),151.0,0.010677468909372748
49.7836993,6.6802748,3,,,POINT (6.6802748 49.7836993),130.0,0.006326169232255991
49.7824463,6.6794343,3,,,POINT (6.6794343 49.7824463),131.0,0.005189484956976086
49.7642751,6.6501971,3,,,POINT (6.6501971 49.7642751),135.0,0.008096485326987465
49.7521281,6.6303258,3,,,POINT (6.6303258 49.7521281),138.0,0.003996429928134203
49.752615,6.6289975,3,,,POINT (6.6289975 49.752615),135.0,0.002616008862708221
49.752783,6.6282683,4,,,POINT (6.6282683 49.752783),133.0,0.0018711346507319369
49.7537893,6.6284726,4,,,POINT (6.6284726 49.7537893),129.0,0.0019425645293803778
49.7535992,6.6294461,2,,,POINT (6.6294461 49.7535992),132.0,0.002932535546937041
49.7663298,6.63002,1,,,POINT (6.63002 49.7663298),179.0,0.0027254855621183763
49.743022,6.6104303,3,,,POINT (6.6104303 49.743022),138.0,0.015927582737844753
49.741926,6.6095011,1,,,POINT (6.6095011 49.741926),141.0,0.016977608216712622
49.7376661,6.6283438,3,,,POINT (6.6283438 49.7376661),130.0,0.0014645192685467634
49.7662249,6.6250443,1,,,POINT (6.6250443 49.7662249),186.0,0.006269462487464666
49.7531078,6.6205258,3,,,POINT (6.6205258 49.7531078),135.0,0.005847673961803162
49.7535268,6.6207803,3,,,POINT (6.6207803 49.7535268),136.0,0.005649942654840202
49.7544906,6.6721522,3,,,POINT (6.6721522 49.7544906),255.0,0.021080935866465325
49.7549123,6.6727182,4,,,POINT (6.6727182 49.7549123),256.0,0.02075751257939489
49.7565617,6.6695782,3,,,POINT (6.6695782 49.7565617),259.0,0.018634883641668154
49.7546407,6.6202867,1,,,POINT (6.6202867 49.7546407),137.0,0.006284483304423938
49.7573869,6.6230212,1,,,POINT (6.6230212 49.7573869),137.0,0.004288673521283668
49.7536094,6.6184229,3,,,POINT (6.6184229 49.7536094),139.0,0.007998006041279851
49.7580864,6.6229316,1,,,POINT (6.6229316 49.7580864),140.0,0.004572203678024893
49.7567357,6.623453,3,,,POINT (6.623453 49.7567357),134.0,0.003690520435232538
49.7845867,6.7091894,3,,,POINT (6.7091894 49.7845867),133.0,0.0010871439248693858
49.7829111,6.7079533,3,,,POINT (6.7079533 49.7829111),132.0,0.0009341086513021261
49.7710347,6.6661484,3,,,POINT (6.6661484 49.7710347),132.0,0.0038086311159274914
49.7627882,6.6557435,3,,,POINT (6.6557435 49.7627882),134.0,0.010411766134394545
49.7622871,6.6552064,3,,,POINT (6.6552064 49.7622871),133.0,0.010833997084406237
49.7539003,6.6463759,3,,,POINT (6.6463759 49.7539003),141.0,0.017002879848723937
49.7537692,6.6460321,3,,,POINT (6.6460321 49.7537692),141.0,0.016948282369037167
49.7540406,6.6449133,3,,,POINT (6.6449133 49.7540406),144.0,0.016162517243517416
49.7535987,6.646204,4,,,POINT (6.646204 49.7535987),143.0,0.017181218103038073
49.7535683,6.6464545,4,,,POINT (6.6464545 49.7535683),143.0,0.017330697244889514
49.753528,6.647167,3,,,POINT (6.647167 49.753528),142.0,0.01767161662005922
49.7535766,6.6469406,3,,,POINT (6.6469406 49.7535766),142.0,0.017542669562045924
49.7679271,6.6234222,3,,,POINT (6.6234222 49.7679271),219.0,0.008607673014639702
49.766427,6.6245406,3,,,POINT (6.6245406 49.766427),186.0,0.006784251323737183
49.7609756,6.6355594,3,crossing,,POINT (6.6355594 49.7609756),133.0,0.004978013714222942
49.7493058,6.6761744,3,,,POINT (6.6761744 49.7493058),256.0,0.02685399931797918
49.7665769,6.6248826,3,,,POINT (6.6248826 49.7665769),186.0,0.0066205354948087785
49.7663936,6.6249051,1,,,POINT (6.6249051 49.7663936),186.0,0.006484758087754081
49.7607019,6.6616556,3,,,POINT (6.6616556 49.7607019),145.0,0.013352592653944272
49.7113915,6.56167,3,,,POINT (6.56167 49.7113915),169.0,0.010175372994205444
49.7243525,6.6285156,3,,,POINT (6.6285156 49.7243525),176.0,0.007343827509039183
49.7570981,6.6226841,4,,,POINT (6.6226841 49.7570981),136.0,0.004530473214027331
49.7574709,6.6222169,3,,,POINT (6.6222169 49.7574709),142.0,0.005083948781567107
49.750049,6.6351773,3,,,POINT (6.6351773 49.750049),141.0,0.00909198335782776
49.7392057,6.6293701,6,,,POINT (6.6293701 49.7392057),132.0,0.0023698151855117274
49.75025,6.6404658,3,,,POINT (6.6404658 49.75025),144.0,0.014294702900065275
49.7499261,6.6403251,3,,,POINT (6.6403251 49.7499261),145.0,0.014197943827539986
49.7558086,6.6815908,3,,,POINT (6.6815908 49.7558086),223.0,0.021507112100831543
49.7534217,6.6293676,2,,,POINT (6.6293676 49.7534217),132.0,0.0028778344022603367
49.7910949,6.7091062,3,,,POINT (6.7091062 49.7910949),181.0,0.004740825339335907
49.7894361,6.7085727,3,,,POINT (6.7085727 49.7894361),170.0,0.0039595997407359486
49.7486544,6.6585644,1,,,POINT (6.6585644 49.7486544),265.0,0.02480051424245022
49.7667524,6.6176748,1,,,POINT (6.6176748 49.7667524),245.0,0.012610291228571211
49.7428962,6.6285925,1,,,POINT (6.6285925 49.7428962),130.0,0.002079845206518885
49.7633359,6.6208613,3,,,POINT (6.6208613 49.7633359),225.0,0.008182539692251708
49.7464331,6.6493422,3,,,POINT (6.6493422 49.7464331),157.0,0.023112202758738834
49.809828,6.6835805,4,,,POINT (6.6835805 49.809828),135.0,0.0017663881269862364
49.7647162,6.6634609,3,,,POINT (6.6634609 49.7647162),134.0,0.009652733044463159
49.7653518,6.6626877,3,,,POINT (6.6626877 49.7653518),132.0,0.008909159194549923
49.7653931,6.6650396,3,,,POINT (6.6650396 49.7653931),133.0,0.009218273434587983
49.7628656,6.653217,3,,,POINT (6.653217 49.7628656),135.0,0.009986636877173436
49.7631819,6.6555817,3,,,POINT (6.6555817 49.7631819),133.0,0.009999512524868515
49.7648534,6.6597101,3,,,POINT (6.6597101 49.7648534),133.0,0.008956309062785474
49.7429757,6.6215682,3,,,POINT (6.6215682 49.7429757),132.0,0.0048757803690107245
49.7690959,6.6317686,3,,,POINT (6.6317686 49.7690959),182.0,0.003682454797721534
49.7581763,6.6494102,3,,,POINT (6.6494102 49.7581763),137.0,0.013958484646909563
49.7606372,6.6429583,3,,,POINT (6.6429583 49.7606372),135.0,0.009456152924419405
49.757938,6.6491697,4,,,POINT (6.6491697 49.757938),139.0,0.014150269544875171
49.7579479,6.6487663,3,,,POINT (6.6487663 49.7579479),139.0,0.014030804294705945
49.7581979,6.6489182,3,,,POINT (6.6489182 49.7581979),138.0,0.013839279737609268
49.762713,6.6558442,3,,,POINT (6.6558442 49.762713),134.0,0.010500136524270714
49.7643069,6.6586362,3,,,POINT (6.6586362 49.7643069),134.0,0.009335603666763198
49.7638056,6.6566551,3,,,POINT (6.6566551 49.7638056),132.0,0.009534178468833393
49.7634549,6.656728,3,,,POINT (6.656728 49.7634549),132.0,0.009891844579825079
49.7594594,6.6457972,3,,,POINT (6.6457972 49.7594594),141.0,0.011654466512754173
49.7597013,6.6459805,3,,,POINT (6.6459805 49.7597013),139.0,0.011497592707600791
49.7609043,6.6356397,3,,,POINT (6.6356397 49.7609043),133.0,0.005085350469575985
49.7616122,6.6375724,3,,,POINT (6.6375724 49.7616122),132.0,0.005761574115651418
49.7595671,6.6391705,3,,,POINT (6.6391705 49.7595671),133.0,0.008353688807762058
49.7594346,6.6390157,4,,,POINT (6.6390157 49.7594346),132.0,0.008373081580566957
49.7586913,6.6349744,1,,,POINT (6.6349744 49.7586913),135.0,0.0061762355314846
49.7521258,6.6368181,3,,,POINT (6.6368181 49.7521258),139.0,0.010432450693623207
49.7528156,6.6416811,3,,,POINT (6.6416811 49.7528156),145.0,0.014902590301910238
49.7526015,6.6425404,1,,,POINT (6.6425404 49.7526015),145.0,0.015787373615863846
49.7581581,6.6401733,2,,,POINT (6.6401733 49.7581581),138.0,0.0100830770896305
49.7384161,6.6289215,3,,,POINT (6.6289215 49.7384161),133.0,0.0019255796140375567
49.7376575,6.606129,3,,,POINT (6.606129 49.7376575),136.0,0.018132993394098254
49.7376426,6.6060286,3,,,POINT (6.6060286 49.7376426),136.0,0.018202845965313907
49.7405264,6.6198664,3,,,POINT (6.6198664 49.7405264),131.0,0.006878710163097983
49.7407759,6.6206797,4,,,POINT (6.6206797 49.7407759),131.0,0.00604005953066756
49.7408847,6.6206945,3,,,POINT (6.6206945 49.7408847),132.0,0.006011377282608834
49.7411538,6.6202526,3,,,POINT (6.6202526 49.7411538),132.0,0.006414960619384507
49.7414981,6.6195675,3,,,POINT (6.6195675 49.7414981),133.0,0.007050040393013091
49.7572239,6.6150307,3,,,POINT (6.6150307 49.7572239),306.0,0.011915957181022764
49.7569539,6.6155243,1,,,POINT (6.6155243 49.7569539),302.0,0.011371866911812599
49.7569715,6.615042,3,,,POINT (6.615042 49.7569715),306.0,0.01184521132652229
49.7469669,6.6112484,1,,,POINT (6.6112484 49.7469669),144.0,0.014745569039183976
49.7438616,6.6095359,3,,,POINT (6.6095359 49.7438616),146.0,0.016723509377734348
49.8224186,6.7020906,1,,,POINT (6.7020906 49.8224186),155.0,0.006505018936942369
49.8256674,6.703882,3,,,POINT (6.703882 49.8256674),158.0,0.0073450718423966575
49.7412531,6.6308537,3,,,POINT (6.6308537 49.7412531),133.0,0.004102372322845372
49.741014,6.6328173,3,,,POINT (6.6328173 49.741014),136.0,0.006007406729642636
49.7637068,6.6575163,3,,,POINT (6.6575163 49.7637068),132.0,0.009760994774427779
49.7447432,6.6285065,3,traffic_signals,,POINT (6.6285065 49.7447432),131.0,0.0022280452479062265
49.8158965,6.67839,1,,,POINT (6.67839 49.8158965),167.0,0.004293965646116787
49.7809025,6.6937366,3,,,POINT (6.6937366 49.7809025),133.0,0.002082781535112329
49.7368516,6.6012258,1,,,POINT (6.6012258 49.7368516),180.0,0.02004979859816065
49.7394299,6.604979,2,,,POINT (6.604979 49.7394299),149.0,0.02013124810106195
49.7326681,6.6926161,3,,,POINT (6.6926161 49.7326681),263.0,0.04533190899146211
49.733304,6.6934227,3,,,POINT (6.6934227 49.733304),261.0,0.04430636858286039
49.7348122,6.6940581,3,,,POINT (6.6940581 49.7348122),268.0,0.042837415953247214
49.7362583,6.6928014,3,,,POINT (6.6928014 49.7362583),270.0,0.04213368129434916
49.7360003,6.693153,1,,,POINT (6.693153 49.7360003),270.0,0.04242547777041327
49.7360429,6.6944608,3,,,POINT (6.6944608 49.7360429),271.0,0.041732561305769356
49.7363075,6.6945514,1,,,POINT (6.6945514 49.7363075),271.0,0.04149309896862042
49.7366118,6.6957721,4,,,POINT (6.6957721 49.7366118),273.0,0.04036502076364598
49.7367377,6.695017,3,,,POINT (6.695017 49.7367377),273.0,0.040859972133371565
49.7358375,6.6923864,3,,,POINT (6.6923864 49.7358375),266.0,0.042510970677368864
49.736024,6.6924204,3,,,POINT (6.6924204 49.736024),269.0,0.04232879414309513
49.7373594,6.6939577,3,,,POINT (6.6939577 49.7373594),273.0,0.041153457253975845
49.7373187,6.6946703,1,,,POINT (6.6946703 49.7373187),273.0,0.04075935985672105
49.7369827,6.6951144,1,,,POINT (6.6951144 49.7369827),274.0,0.04062840531081608
49.7353826,6.6936643,3,,,POINT (6.6936643 49.7353826),268.0,0.04276713808381121
49.7356152,6.6937468,1,,,POINT (6.6937468 49.7356152),270.0,0.04255443604055779
49.7373779,6.6960712,3,,,POINT (6.6960712 49.7373779),276.0,0.03964082726104438
49.7338804,6.6941963,4,,,POINT (6.6941963 49.7338804),264.0,0.043345066393769706
49.736626,6.6939395,1,,,POINT (6.6939395 49.736626),271.0,0.041763177582169166
49.7996142,6.6838506,3,,,POINT (6.6838506 49.7996142),141.0,0.007440545809281524
49.8078351,6.6874416,3,,,POINT (6.6874416 49.8078351),130.0,0.0014562472410492462
49.7765925,6.7240473,1,,,POINT (6.7240473 49.7765925),173.0,0.0038695183279060337
49.7822689,6.7176138,1,,,POINT (6.7176138 49.7822689),176.0,0.004027959744088093
49.7877583,6.7235971,1,,,POINT (6.7235971 49.7877583),227.0,0.011222047437522604
49.7849781,6.7090995,3,,,POINT (6.7090995 49.7849781),133.0,0.001290708947093201
49.7855089,6.7099773,3,,,POINT (6.7099773 49.7855089),143.0,0.0020854906894085474
49.7854959,6.7100524,4,,,POINT (6.7100524 49.7854959),143.0,0.0020663470549701357
49.7861707,6.7122019,3,,,POINT (6.7122019 49.7861707),159.0,0.003148965307776416
49.7876282,6.721355,4,,,POINT (6.721355 49.7876282),214.0,0.009210809804246775
49.7876492,6.7226851,3,,,POINT (6.7226851 49.7876492),222.0,0.010365161303133134
49.7879015,6.708285,4,,,POINT (6.708285 49.7879015),154.0,0.0031599388235238036
49.7868421,6.7100601,3,,,POINT (6.7100601 49.7868421),153.0,0.0033169880519814217
49.8190721,6.7038221,3,,,POINT (6.7038221 49.8190721),131.0,0.003460881802374285
49.8187906,6.701055,4,,,POINT (6.701055 49.8187906),130.0,0.006034738518154647
49.8204029,6.7026989,3,,,POINT (6.7026989 49.8204029),147.0,0.00502725567525827
49.8200254,6.7058257,3,,,POINT (6.7058257 49.8200254),139.0,0.002071993397670967
49.8219781,6.7085012,3,,,POINT (6.7085012 49.8219781),130.0,0.0016755911177491539
49.8253827,6.7077898,3,,,POINT (6.7077898 49.8253827),143.0,0.005025641614415006
49.8263067,6.7076581,1,turning_circle,,POINT (6.7076581 49.8263067),145.0,0.005933294415039552
49.8225427,6.7021585,3,,,POINT (6.7021585 49.8225427),153.0,0.006519250055794772
49.8224783,6.6924072,3,,,POINT (6.6924072 49.8224783),248.0,0.015367716082750553
49.7358297,6.6889171,3,,,POINT (6.6889171 49.7358297),270.0,0.04219182742249008
49.7691676,6.683658,1,,,POINT (6.683658 49.7691676),168.0,0.008499095012553956
49.7698688,6.6799023,3,,,POINT (6.6799023 49.7698688),134.0,0.007346260331260923
49.7693592,6.6787963,1,turning_circle,,POINT (6.6787963 49.7693592),134.0,0.007711631210072297
49.7867866,6.7115371,3,,,POINT (6.7115371 49.7867866),158.0,0.003499315951726072
49.7875622,6.7117187,3,,,POINT (6.7117187 49.7875622),168.0,0.004293702752874219
49.7885572,6.7126782,4,,,POINT (6.7126782 49.7885572),184.0,0.005555013646988702
49.7888758,6.7132222,1,,,POINT (6.7132222 49.7888758),188.0,0.006026747332514201
49.7879151,6.7143786,1,,,POINT (6.7143786 49.7879151),183.0,0.005208536324147968
49.7879387,6.7140473,1,,,POINT (6.7140473 49.7879387),183.0,0.0051648682897006614
49.7899076,6.710528,4,,,POINT (6.710528 49.7899076),184.0,0.0059640404325009755
49.7907795,6.7090463,3,,,POINT (6.7090463 49.7907795),176.0,0.004633333502201119
49.7880137,6.7108524,3,,,POINT (6.7108524 49.7880137),170.0,0.0045739570712914806
49.7889082,6.7094357,4,,,POINT (6.7094357 49.7889082),171.0,0.00456966830415432
49.7875153,6.7105286,3,,,POINT (6.7105286 49.7875153),165.0,0.004059439819732799
49.7884563,6.7089668,3,,,POINT (6.7089668 49.7884563),163.0,0.0039519979769706915
49.7856625,6.7113813,3,,,POINT (6.7113813 49.7856625),152.0,0.0023885709251680806
49.7846651,6.7126893,3,,,POINT (6.7126893 49.7846651),151.0,0.0018092755050421487
49.784662,6.7141602,3,,,POINT (6.7141602 49.784662),161.0,0.0020468934901427135
49.7839595,6.7115769,3,,,POINT (6.7115769 49.7839595),139.0,0.0008537431046975368
49.7840995,6.7119245,3,,,POINT (6.7119245 49.7840995),142.0,0.001088749820252569
49.7850519,6.7153974,3,,,POINT (6.7153974 49.7850519),174.0,0.002995904688069841
49.7852322,6.7160132,3,,,POINT (6.7160132 49.7852322),180.0,0.003530041763211725
49.785331,6.7163193,3,,,POINT (6.7163193 49.785331),180.0,0.0038143612886042217
49.7856261,6.7173441,3,,,POINT (6.7173441 49.7856261),184.0,0.004778375331638878
49.7873188,6.7172726,4,,,POINT (6.7172726 49.7873188),186.0,0.00593606894249237
49.7887872,6.7194543,1,,,POINT (6.7194543 49.7887872),197.0,0.008477353306311273
49.7865414,6.7171461,3,,,POINT (6.7171461 49.7865414),187.0,0.00526053194648456
49.7844725,6.7122225,3,,,POINT (6.7122225 49.7844725),147.0,0.0015183480685940034
49.7850318,6.713328,1,,,POINT (6.713328 49.7850318),160.0,0.002188386257036045
49.7848937,6.7115244,1,turning_circle,,POINT (6.7115244 49.7848937),147.0,0.0017203725049214028
49.7865535,6.713453,3,,,POINT (6.713453 49.7865535),169.0,0.003715178434470898
49.7869245,6.7146165,3,,,POINT (6.7146165 49.7869245),171.0,0.004325108813655749
49.7835043,6.7138341,4,,,POINT (6.7138341 49.7835043),148.0,0.0008603819573476142
49.7832068,6.7131582,3,,,POINT (6.7131582 49.7832068),137.0,0.0003576235590671567
49.7840113,6.7134953,1,,,POINT (6.7134953 49.7840113),152.0,0.0012073240203034174
49.7827468,6.7141707,1,turning_circle,,POINT (6.7141707 49.7827468),146.0,0.0005744759350920232
49.7765638,6.7200564,3,,,POINT (6.7200564 49.7765638),147.0,0.0008755121502929366
49.776066,6.7204645,1,turning_circle,,POINT (6.7204645 49.776066),154.0,0.0004782331230721958
49.8093702,6.6885671,4,,,POINT (6.6885671 49.8093702),129.0,0.0031034931312468703
49.8102944,6.689178,3,,,POINT (6.689178 49.8102944),129.0,0.004026968420532004
49.8104825,6.6897738,3,,,POINT (6.6897738 49.8104825),129.0,0.0042801391297458725
49.8130697,6.6928167,3,,,POINT (6.6928167 49.8130697),128.0,0.007558202650828459
49.8110715,6.6905849,3,,,POINT (6.6905849 49.8110715),130.0,0.005020396456451466
49.8114285,6.6899484,3,,,POINT (6.6899484 49.8114285),130.0,0.0052421125522031835
49.8095755,6.6914465,3,,,POINT (6.6914465 49.8095755),129.0,0.0038241172095554686
49.8134822,6.6918319,3,,,POINT (6.6918319 49.8134822),134.0,0.007682886224467495
49.8168006,6.6988644,3,,,POINT (6.6988644 49.8168006),129.0,0.007861801702536364
49.8149758,6.6952954,1,turning_circle,,POINT (6.6952954 49.8149758),130.0,0.010228379775898765
49.8163177,6.6961706,3,,,POINT (6.6961706 49.8163177),130.0,0.01051587065206296
49.8158168,6.6977688,4,,,POINT (6.6977688 49.8158168),129.0,0.008894962374473351
49.8168629,6.7012303,1,turning_circle,,POINT (6.7012303 49.8168629),128.0,0.005517935660587428
49.8170323,6.6985171,3,,,POINT (6.6985171 49.8170323),129.0,0.008232878717762078
49.819292,6.7004495,3,,,POINT (6.7004495 49.819292),134.0,0.0067545306707670755
49.8228583,6.7032589,3,,,POINT (6.7032589 49.8228583),152.0,0.00584517074348394
49.7280113,6.6588502,1,,,POINT (6.6588502 49.7280113),260.0,0.03320957177938389
49.7303059,6.6611769,1,turning_circle,,POINT (6.6611769 49.7303059),250.0,0.035081877374223684
49.7344003,6.6581998,1,turning_circle,,POINT (6.6581998 49.7344003),241.0,0.03146441587094834
49.7314298,6.656591,3,,,POINT (6.656591 49.7314298),250.0,0.030371023934649546
49.7871339,6.7199137,3,,,POINT (6.7199137 49.7871339),204.0,0.007739410815431224
49.7865882,6.7201377,3,,,POINT (6.7201377 49.7865882),211.0,0.0076276863726812225
49.7859843,6.7188607,3,,,POINT (6.7188607 49.7859843),198.0,0.0062238305608376615
49.7854737,6.7193947,1,,,POINT (6.7193947 49.7854737),197.0,0.006441509081727788
49.7856646,6.7186304,1,turning_circle,,POINT (6.7186304 49.7856646),193.0,0.0058599872397461835
49.7863513,6.7228242,1,turning_circle,,POINT (6.7228242 49.7863513),230.0,0.009934538967662063
49.7862594,6.7214994,1,,,POINT (6.7214994 49.7862594),223.0,0.008680385754676544
49.7865297,6.7227879,3,,,POINT (6.7227879 49.7865297),230.0,0.009968888590511244
49.7870776,6.7243024,1,,,POINT (6.7243024 49.7870776),239.0,0.01157754543286413
49.7129292,6.6270086,1,,,POINT (6.6270086 49.7129292),234.0,0.014003848025064254
49.7707337,6.6478584,1,,,POINT (6.6478584 49.7707337),127.0,0.0013251482508442197
49.7374158,6.614154,3,,,POINT (6.614154 49.7374158),134.0,0.011490621839638731
49.7232791,6.5796562,1,,,POINT (6.5796562 49.7232791),174.0,0.013956616494653955
49.7156626,6.573303,1,,,POINT (6.573303 49.7156626),156.0,0.008692425194385235
49.7612091,6.6245503,3,,,POINT (6.6245503 49.7612091),154.0,0.003925975652505752
49.7599238,6.6239258,1,turning_circle,,POINT (6.6239258 49.7599238),148.0,0.004029626878514696
49.736274,6.6899998,1,,,POINT (6.6899998 49.736274),270.0,0.04184756182509054
49.7384689,6.6286167,6,,,POINT (6.6286167 49.7384689),129.0,0.0016204303845809508
49.7419765,6.620204,3,,,POINT (6.620204 49.7419765),133.0,0.006357253456459839
49.7598846,6.6252711,3,,,POINT (6.6252711 49.7598846),138.0,0.002715860646276817
49.7788784,6.6785078,1,,,POINT (6.6785078 49.7788784),129.0,0.001767348227877289
49.7817025,6.683447,1,,,POINT (6.683447 49.7817025),131.0,0.00398359072872638
49.7813136,6.6834412,1,,,POINT (6.6834412 49.7813136),132.0,0.0035965751318188456
49.7837403,6.6887145,3,,,POINT (6.6887145 49.7837403),132.0,0.005519148936388961
49.7845079,6.687926,3,,,POINT (6.687926 49.7845079),130.0,0.006361597771434585
49.786797,6.6854773,1,,,POINT (6.6854773 49.786797),131.0,0.00887738613051152
49.7837521,6.6867429,3,,,POINT (6.6867429 49.7837521),130.0,0.005727624590533356
49.783092,6.686473,3,,,POINT (6.686473 49.783092),130.0,0.005097345881550266
49.7835606,6.687807,3,,,POINT (6.687807 49.7835606),131.0,0.005430899970691652
49.782812,6.6881797,4,,,POINT (6.6881797 49.782812),131.0,0.004648846582733565
49.7823242,6.6899936,4,,,POINT (6.6899936 49.7823242),132.0,0.003982482566168536
49.7827212,6.6913297,3,,,POINT (6.6913297 49.7827212),131.0,0.004234638571879902
49.7806559,6.6896301,1,,,POINT (6.6896301 49.7806559),132.0,0.002358780442548476
49.7806683,6.69295,3,,,POINT (6.69295 49.7806683),133.0,0.001975901057047195
49.7806872,6.6930031,3,,,POINT (6.6930031 49.7806872),133.0,0.001986167388789786
49.780913,6.6939311,3,,,POINT (6.6939311 49.780913),133.0,0.0020623960393352514
49.7807517,6.693245,3,,,POINT (6.693245 49.7807517),133.0,0.0020116079469909916
49.7804542,6.6942884,1,,,POINT (6.6942884 49.7804542),133.0,0.0015528728647562565
49.779621,6.6919938,3,,,POINT (6.6919938 49.779621),130.0,0.0010758146413242567
49.7798246,6.690425,3,,,POINT (6.690425 49.7798246),131.0,0.0014523109088151302
49.7802076,6.6891474,3,,,POINT (6.6891474 49.7802076),132.0,0.001960883700201265
49.7795431,6.6895864,3,,,POINT (6.6895864 49.7795431),132.0,0.0012558948845959085
49.779265,6.6871916,1,,,POINT (6.6871916 49.779265),131.0,0.0012181460775935538
49.7801838,6.6911088,1,,,POINT (6.6911088 49.7801838),132.0,0.00174148573578387
49.7804234,6.6921112,3,,,POINT (6.6921112 49.7804234),132.0,0.0018573043275547855
49.7801365,6.6924656,3,,,POINT (6.6924656 49.7801365),132.0,0.0015273817652055838
49.7796484,6.6930141,3,,,POINT (6.6930141 49.7796484),129.0,0.000958695532583859
49.7803689,6.6962112,1,,,POINT (6.6962112 49.7803689),130.0,0.0010951806378957326
49.7841744,6.6900929,3,,,POINT (6.6900929 49.7841744),131.0,0.005813539833366089
49.7840652,6.6894366,3,,,POINT (6.6894366 49.7840652),131.0,0.005770373215971127
49.7855139,6.6914622,3,,,POINT (6.6914622 49.7855139),132.0,0.006989000998588088
49.786101,6.6912853,3,,,POINT (6.6912853 49.786101),133.0,0.007593581307737836
49.7860184,6.6902734,1,turning_circle,,POINT (6.6902734 49.7860184),129.0,0.007630325566359004
49.7858789,6.6948807,3,,,POINT (6.6948807 49.7858789),132.0,0.00673793240775341
49.7856824,6.696592,3,,,POINT (6.696592 49.7856824),133.0,0.005974033421071834
49.7851896,6.6932734,3,,,POINT (6.6932734 49.7851896),132.0,0.006389191651444507
49.7848201,6.6903893,1,,,POINT (6.6903893 49.7848201),130.0,0.006426441170464431
49.783508,6.6918057,1,,,POINT (6.6918057 49.783508),131.0,0.004955920521912719
49.7841614,6.6911005,1,,,POINT (6.6911005 49.7841614),131.0,0.005692179951160213
49.7845368,6.6934482,3,,,POINT (6.6934482 49.7845368),131.0,0.005716964897484106
49.7838655,6.693625,3,,,POINT (6.693625 49.7838655),130.0,0.005026154630726882
49.7842689,6.6935162,3,,,POINT (6.6935162 49.7842689),131.0,0.005441683065030597
49.7843248,6.6958465,3,,,POINT (6.6958465 49.7843248),131.0,0.004950240390838779
49.7849575,6.6933396,3,,,POINT (6.6933396 49.7849575),131.0,0.006149544086272624
49.7849679,6.69621,3,,,POINT (6.69621 49.7849679),131.0,0.005431699015401311
49.7799826,6.6876201,3,,,POINT (6.6876201 49.7799826),133.0,0.0018894070750399476
49.7440138,6.6109441,1,,,POINT (6.6109441 49.7440138),133.0,0.015307115983500154
49.7443614,6.6100453,3,,,POINT (6.6100453 49.7443614),138.0,0.01616192345216287
49.7443958,6.6097522,3,,,POINT (6.6097522 49.7443958),138.0,0.016449416028416416
49.7463353,6.6125337,3,,,POINT (6.6125337 49.7463353),133.0,0.013493534971237358
49.7471552,6.6130947,3,,,POINT (6.6130947 49.7471552),134.0,0.01289215704035107
49.7467475,6.6128297,3,,,POINT (6.6128297 49.7467475),135.0,0.013177236593322962
49.7460144,6.6122998,1,,,POINT (6.6122998 49.7460144),136.0,0.013747339997251022
49.7463747,6.6123792,3,,,POINT (6.6123792 49.7463747),133.0,0.013645836211906981
49.747794,6.6136242,3,,,POINT (6.6136242 49.747794),136.0,0.01233133895322148
49.7483153,6.6140449,3,,,POINT (6.6140449 49.7483153),137.0,0.011885069084359991
49.7472804,6.616963,3,,,POINT (6.616963 49.7472804),134.0,0.009022439964086288
49.7478395,6.6152735,3,,,POINT (6.6152735 49.7478395),134.0,0.010681829316411196
49.7484888,6.6135893,3,,,POINT (6.6135893 49.7484888),140.0,0.012333077484959062
49.7488268,6.61268,3,,,POINT (6.61268 49.7488268),146.0,0.013235622818741943
49.7463819,6.6140828,3,,,POINT (6.6140828 49.7463819),132.0,0.011944165866647923
49.7456456,6.6135945,1,,,POINT (6.6135945 49.7456456),131.0,0.01249240404664775
49.7457923,6.6154904,3,,,POINT (6.6154904 49.7457923),133.0,0.010591914802429575
49.7444112,6.6100743,1,,,POINT (6.6100743 49.7444112),140.0,0.016127590280195468
49.7506474,6.6097664,1,,,POINT (6.6097664 49.7506474),200.0,0.016237767399682752
49.7467337,6.6111507,3,,,POINT (6.6111507 49.7467337),144.0,0.014854821893335406
49.7645519,6.6302831,3,,,POINT (6.6302831 49.7645519),136.0,0.0012740402602575648
49.7815602,6.6627551,3,,,POINT (6.6627551 49.7815602),147.0,0.007108777398362955
49.7829058,6.6718617,3,,,POINT (6.6718617 49.7829058),138.0,0.00692527282861924
49.7423538,6.6222302,1,,,POINT (6.6222302 49.7423538),131.0,0.004299342725832801
49.7903578,6.6783234,3,,,POINT (6.6783234 49.7903578),145.0,0.013177950117990611
49.7908886,6.6775866,3,,,POINT (6.6775866 49.7908886),149.0,0.013797642113369831
49.7904191,6.6773229,3,,,POINT (6.6773229 49.7904191),152.0,0.013365248108913328
49.7429116,6.6851669,3,,,POINT (6.6851669 49.7429116),257.0,0.0347527403828224
49.8042829,6.6837709,3,,,POINT (6.6837709 49.8042829),145.0,0.003097148547997556
49.8035033,6.6853486,3,,,POINT (6.6853486 49.8035033),133.0,0.003286433643023223
49.7632237,6.6628751,3,,,POINT (6.6628751 49.7632237),136.0,0.011041453305668426
49.7889891,6.7119319,3,,,POINT (6.7119319 49.7889891),184.0,0.005724526141091232
49.7905674,6.7117239,1,,,POINT (6.7117239 49.7905674),195.0,0.007222029025836617
49.7893925,6.6965358,2,,,POINT (6.6965358 49.7893925),131.0,0.007639447450549694
49.7988508,6.6873297,1,turning_circle,,POINT (6.6873297 49.7988508),129.0,0.006850788411562337
49.797898,6.6982963,1,turning_circle,,POINT (6.6982963 49.797898),125.0,0.0015227987839073517
49.7932187,6.6952731,3,,,POINT (6.6952731 49.7932187),129.0,0.006212056056576648
49.8031283,6.6836412,1,,,POINT (6.6836412 49.8031283),170.0,0.0042064412390688775
49.8100722,6.6828179,3,,,POINT (6.6828179 49.8100722),147.0,0.0016647392336198133
49.8103331,6.6845294,3,,,POINT (6.6845294 49.8103331),135.0,0.0026501577920033156
49.8109071,6.6848573,1,,,POINT (6.6848573 49.8109071),144.0,0.0033105542793990263
49.8123049,6.6826104,1,,,POINT (6.6826104 49.8123049),218.0,0.0036091272454404437
49.8135912,6.6874375,1,,,POINT (6.6874375 49.8135912),241.0,0.0068936285303886095
49.8142421,6.6853599,3,,,POINT (6.6853599 49.8142421),226.0,0.006518979196103503
49.8151897,6.6869067,3,,,POINT (6.6869067 49.8151897),231.0,0.00805639509690496
49.8223703,6.6902393,3,,,POINT (6.6902393 49.8223703),241.0,0.015964456974793064
49.8205952,6.690033,3,,,POINT (6.690033 49.8205952),237.0,0.014293045016661936
49.8220366,6.6899006,3,,,POINT (6.6899006 49.8220366),241.0,0.01551242943835204
49.8215198,6.6908701,3,,,POINT (6.6908701 49.8215198),241.0,0.015361822022464515
49.8221567,6.6921863,3,,,POINT (6.6921863 49.8221567),249.0,0.015486594476837657
49.8227516,6.6917742,3,,,POINT (6.6917742 49.8227516),245.0,0.016053680225106826
49.8224022,6.6914636,3,,,POINT (6.6914636 49.8224022),245.0,0.01624904276349927
49.8225354,6.6931889,1,turning_circle,,POINT (6.6931889 49.8225354),252.0,0.014641889755766541
49.8242971,6.6919597,3,,,POINT (6.6919597 49.8242971),253.0,0.01641790302596736
49.8230677,6.6928727,3,,,POINT (6.6928727 49.8230677),250.0,0.015116513118112473
49.8236155,6.6933543,3,,,POINT (6.6933543 49.8236155),252.0,0.014868021867419135
49.8236786,6.6914731,3,,,POINT (6.6914731 49.8236786),248.0,0.01664106500498251
49.8230865,6.691091,3,,,POINT (6.691091 49.8230865),245.0,0.01680670883427353
49.8232723,6.6930464,3,,,POINT (6.6930464 49.8232723),250.0,0.015025802580894617
49.8245387,6.6922203,3,,,POINT (6.6922203 49.8245387),253.0,0.0162758361779054
49.8246135,6.6925965,3,,,POINT (6.6925965 49.8246135),253.0,0.015964659628587497
49.7940005,6.6887717,3,,,POINT (6.6887717 49.7940005),130.0,0.009873491725316747
49.7945791,6.68656,3,,,POINT (6.68656 49.7945791),130.0,0.010530982884802483
49.7921217,6.6880497,3,,,POINT (6.6880497 49.7921217),130.0,0.01187981185246147
49.7957305,6.687283,3,,,POINT (6.687283 49.7957305),129.0,0.009174559880454134
49.7959863,6.6862785,1,,,POINT (6.6862785 49.7959863),130.0,0.009611385704983452
49.7992219,6.6835529,3,,,POINT (6.6835529 49.7992219),145.0,0.007907200008018242
49.7988988,6.6848818,3,,,POINT (6.6848818 49.7988988),130.0,0.007836495441291539
49.7898101,6.6888159,3,,,POINT (6.6888159 49.7898101),131.0,0.011548537060455713
49.7911006,6.677074,3,,,POINT (6.677074 49.7911006),156.0,0.01407274731800974
49.7917851,6.6790342,3,,,POINT (6.6790342 49.7917851),143.0,0.014503933339472032
49.7921089,6.6778537,3,,,POINT (6.6778537 49.7921089),154.0,0.01497438181669518
49.7919287,6.6784491,3,,,POINT (6.6784491 49.7919287),148.0,0.014720353320791746
49.7908563,6.6776666,3,,,POINT (6.6776666 49.7908563),149.0,0.013755487157807696
49.7915709,6.6774751,3,,,POINT (6.6774751 49.7915709),159.0,0.014488563881338934
49.793246,6.6776799,1,turning_circle,,POINT (6.6776799 49.793246),167.0,0.015670349897856456
49.7935819,6.6786831,3,,,POINT (6.6786831 49.7935819),154.0,0.01494091064326796
49.7965205,6.6815532,3,,,POINT (6.6815532 49.7965205),138.0,0.011114398625655077
49.7967752,6.6807309,3,,,POINT (6.6807309 49.7967752),154.0,0.011193546354251028
49.7988615,6.682325,1,turning_circle,,POINT (6.682325 49.7988615),158.0,0.008651733262760253
49.7966295,6.6816211,3,,,POINT (6.6816211 49.7966295),138.0,0.010988587244041965
49.7982524,6.6828335,3,,,POINT (6.6828335 49.7982524),142.0,0.009057348873105895
49.7918245,6.6894627,3,,,POINT (6.6894627 49.7918245),130.0,0.01163233466033381
49.7941391,6.6891649,3,,,POINT (6.6891649 49.7941391),130.0,0.00958076877134136
49.7181911,6.5724116,1,turning_circle,,POINT (6.5724116 49.7181911),195.0,0.0113719926877357
49.7403575,6.6032074,1,turning_circle,,POINT (6.6032074 49.7403575),153.0,0.02209793240355665
49.7408563,6.6050393,1,,,POINT (6.6050393 49.7408563),155.0,0.02093363428789755
49.7139469,6.5869994,3,,,POINT (6.5869994 49.7139469),134.0,0.002886810053055544
49.7136625,6.5873065,1,,,POINT (6.5873065 49.7136625),134.0,0.0025241985029978774
49.7142764,6.5882504,1,,,POINT (6.5882504 49.7142764),133.0,0.002805440887438203
49.7140652,6.5868546,3,,,POINT (6.5868546 49.7140652),134.0,0.0030426965026677045
49.7601822,6.6424929,4,,,POINT (6.6424929 49.7601822),136.0,0.009623788959471602
49.7219793,6.5785024,3,,,POINT (6.5785024 49.7219793),153.0,0.01301149215231788
49.7225473,6.5802903,3,,,POINT (6.5802903 49.7225473),162.0,0.013082242934150588
49.7226998,6.5799266,1,,,POINT (6.5799266 49.7226998),167.0,0.01332619217765668
49.7225154,6.58026,3,,,POINT (6.58026 49.7225154),162.0,0.013059576218858053
49.7217999,6.5782865,1,,,POINT (6.5782865 49.7217999),153.0,0.012896149202822761
49.7187182,6.5770812,3,,,POINT (6.5770812 49.7187182),145.0,0.010330317855782773
49.7201543,6.5806895,4,,,POINT (6.5806895 49.7201543),141.0,0.010669430513978116
49.7219089,6.5787005,3,,,POINT (6.5787005 49.7219089),154.0,0.01289082320760311
49.721781,6.5788969,3,,,POINT (6.5788969 49.721781),154.0,0.012715188905644275
49.7213255,6.5795421,3,,,POINT (6.5795421 49.7213255),151.0,0.012104154339625023
49.7440588,6.6412491,2,,,POINT (6.6412491 49.7440588),158.0,0.014780801694266488
49.7692896,6.6455006,1,,,POINT (6.6455006 49.7692896),130.0,0.0022338474351670423
49.7702016,6.6482798,3,,,POINT (6.6482798 49.7702016),130.0,0.0019236460231725518
49.745262,6.6147342,3,,,POINT (6.6147342 49.745262),133.0,0.011402157416115574
49.7543544,6.6670928,3,,,POINT (6.6670928 49.7543544),267.0,0.02043959781373122
49.7561222,6.6680451,2,,,POINT (6.6680451 49.7561222),260.0,0.018836123244483007
49.763255,6.6554858,3,,,POINT (6.6554858 49.763255),135.0,0.00991388410726977
49.7593293,6.6486089,3,,,POINT (6.6486089 49.7593293),138.0,0.012667505934417534
49.7571961,6.619656,1,turning_circle,,POINT (6.619656 49.7571961),168.0,0.007462949648370859
49.7550251,6.6183327,1,turning_circle,,POINT (6.6183327 49.7550251),147.0,0.008271912945628502
49.7519472,6.616705,3,,,POINT (6.616705 49.7519472),140.0,0.00945037086785429
49.7505965,6.6148881,3,,,POINT (6.6148881 49.7505965),147.0,0.011129286377188572
49.75191,6.6168268,3,,,POINT (6.6168268 49.75191),138.0,0.009324428245206025
49.7529203,6.6174623,1,,,POINT (6.6174623 49.7529203),140.0,0.008854073109742209
49.7531207,6.6176034,1,,,POINT (6.6176034 49.7531207),140.0,0.008746017480734385
49.7447298,6.6862013,1,turning_circle,,POINT (6.6862013 49.7447298),257.0,0.033067842740175074
49.7435303,6.685912,3,,,POINT (6.685912 49.7435303),257.0,0.03422711452643436
49.7272564,6.6325951,3,,,POINT (6.6325951 49.7272564),172.0,0.009056908675385989
49.7821888,6.661936,1,,,POINT (6.661936 49.7821888),146.0,0.00785225893263052
49.7420326,6.6544618,1,,,POINT (6.6544618 49.7420326),161.0,0.027595881776272008
49.7986949,6.6882585,1,turning_circle,,POINT (6.6882585 49.7986949),129.0,0.006283312012783792
49.7391654,6.6299629,3,,,POINT (6.6299629 49.7391654),134.0,0.0029628241666583557
49.821863,6.6917918,3,,,POINT (6.6917918 49.821863),246.0,0.015785377313829188
49.8193169,6.6923383,1,,,POINT (6.6923383 49.8193169),258.0,0.013448558689311777
49.8223932,6.6923608,3,,,POINT (6.6923608 49.8223932),249.0,0.015386778483165962
49.8206815,6.701702,3,,,POINT (6.701702 49.8206815),152.0,0.006049291252139787
49.8195628,6.7016886,3,,,POINT (6.7016886 49.8195628),136.0,0.005639174277322104
49.8196257,6.7040178,3,,,POINT (6.7040178 49.8196257),135.0,0.0035041880574015515
49.8265603,6.6999655,1,,,POINT (6.6999655 49.8265603),206.0,0.010742913319017765
49.7207889,6.5971837,3,,,POINT (6.5971837 49.7207889),133.0,0.005953068583451135
49.719877,6.5947899,1,turning_circle,,POINT (6.5947899 49.719877),133.0,0.005809630701756375
49.7277631,6.6043918,3,,,POINT (6.6043918 49.7277631),134.0,0.010428696907527239
49.7268155,6.6059077,1,turning_circle,,POINT (6.6059077 49.7268155),134.0,0.00906381581458443
49.8116232,6.6887119,3,,,POINT (6.6887119 49.8116232),135.0,0.005354968836348153
49.7559221,6.6196904,1,,,POINT (6.6196904 49.7559221),144.0,0.007080014497865661
49.7557458,6.6201457,3,,,POINT (6.6201457 49.7557458),140.0,0.006596614226251513
49.7718923,6.6593971,3,,,POINT (6.6593971 49.7718923),131.0,0.001950056289585896
49.7721636,6.6597995,3,,,POINT (6.6597995 49.7721636),131.0,0.0017421617349054684
49.7855658,6.7069209,1,,,POINT (6.7069209 49.7855658),129.0,0.000502344356246994
49.7844898,6.7086802,3,,,POINT (6.7086802 49.7844898),131.0,0.0006473163547874786
49.784206,6.7093566,3,,,POINT (6.7093566 49.784206),132.0,0.0008877901052314287
49.7712238,6.6541803,4,,,POINT (6.6541803 49.7712238),131.0,0.00184118330821891
49.7713359,6.6541436,3,,,POINT (6.6541436 49.7713359),131.0,0.0017250928243272136
49.7542112,6.6414572,1,,,POINT (6.6414572 49.7542112),145.0,0.013930170943049726
49.7445234,6.6810536,1,turning_circle,,POINT (6.6810536 49.7445234),236.0,0.03253355515648618
49.746397,6.6787315,3,,,POINT (6.6787315 49.746397),231.0,0.030209834933263846
49.761841,6.6545633,4,,,POINT (6.6545633 49.761841),132.0,0.011187133579326868
49.7372661,6.6889511,1,,,POINT (6.6889511 49.7372661),272.0,0.04076443201525355
49.7379414,6.6891603,3,,,POINT (6.6891603 49.7379414),274.0,0.04011089040182971
49.7376745,6.6882618,3,,,POINT (6.6882618 49.7376745),272.0,0.04029519453248323
49.7510928,6.6814394,3,,,POINT (6.6814394 49.7510928),261.0,0.026164850770281904
49.7385048,6.6900587,1,,,POINT (6.6900587 49.7385048),276.0,0.039631299350162845
49.7382105,6.6905888,1,turning_circle,,POINT (6.6905888 49.7382105),276.0,0.03997246738876556
49.7386431,6.6894375,3,,,POINT (6.6894375 49.7386431),276.0,0.03943722534171902
49.7385207,6.6894397,3,,,POINT (6.6894397 49.7385207),275.0,0.03955932036309946
49.7388974,6.6894492,1,turning_circle,,POINT (6.6894492 49.7388974),276.0,0.039185034759060815
49.7400507,6.6772447,3,,,POINT (6.6772447 49.7400507),204.0,0.03615940573248522
49.7400746,6.6760195,3,,,POINT (6.6760195 49.7400746),192.0,0.0359353899279377
49.7408078,6.6747883,1,,,POINT (6.6747883 49.7408078),184.0,0.03501064864714699
49.7407212,6.6731973,3,,,POINT (6.6731973 49.7407212),176.0,0.03484151848178491
49.738809,6.6777299,1,,,POINT (6.6777299 49.738809),211.0,0.03746375360350138
49.7389914,6.6767553,1,turning_circle,,POINT (6.6767553 49.7389914),191.0,0.03712437035608854
49.7402274,6.674457,3,,,POINT (6.674457 49.7402274),181.0,0.035529029813425525
49.7381764,6.6765694,1,turning_circle,,POINT (6.6765694 49.7381764),186.0,0.0378979777115697
49.7871156,6.6895951,3,,,POINT (6.6895951 49.7871156),129.0,0.008789733181328441
49.7324169,6.7110594,3,,,POINT (6.7110594 49.7324169),307.0,0.02996587835605864
49.7751607,6.6514609,1,,,POINT (6.6514609 49.7751607),168.0,0.0024331649864734787
49.726869,6.6004613,3,,,POINT (6.6004613 49.726869),133.0,0.010775607052919208
49.7291459,6.5969264,3,,,POINT (6.5969264 49.7291459),132.0,0.014018343672047368
49.8261691,6.7064621,1,turning_circle,,POINT (6.7064621 49.8261691),145.0,0.006314888846214844
49.8255819,6.7064696,1,turning_circle,,POINT (6.7064696 49.8255819),144.0,0.005809053058972654
49.79217,6.6675724,3,,,POINT (6.6675724 49.79217),253.0,0.016840062359686478
49.7918295,6.6687481,3,,,POINT (6.6687481 49.7918295),245.0,0.016306476950399478
49.7919411,6.6681347,3,,,POINT (6.6681347 49.7919411),250.0,0.01652225621121647
49.7914663,6.6683291,1,turning_circle,,POINT (6.6683291 49.7914663),246.0,0.016022049932084653
49.7917271,6.667937,1,turning_circle,,POINT (6.667937 49.7917271),246.0,0.01634348226889963
49.7434495,6.6554093,3,,,POINT (6.6554093 49.7434495),157.0,0.028708866857643827
49.7433387,6.6554098,3,,,POINT (6.6554098 49.7433387),157.0,0.028693585597481447
49.7264035,6.5938854,3,,,POINT (6.5938854 49.7264035),134.0,0.01230326803822918
49.7245582,6.5906268,3,,,POINT (6.5906268 49.7245582),133.0,0.011554680769549689
49.7251311,6.5898711,3,,,POINT (6.5898711 49.7251311),134.0,0.012353622324710314
49.7429789,6.6645625,3,,,POINT (6.6645625 49.7429789),162.0,0.03131109772718674
49.7429788,6.6636833,1,,,POINT (6.6636833 49.7429788),164.0,0.031179364255599532
49.7586884,6.6387777,3,traffic_signals,,POINT (6.6387777 49.7586884),133.0,0.008848595631516238
49.7390425,6.631263,4,,,POINT (6.631263 49.7390425),137.0,0.00426356888428681
49.7390525,6.631679,3,,,POINT (6.631679 49.7390525),138.0,0.004679508817565367
49.7391526,6.6309684,3,,,POINT (6.6309684 49.7391526),136.0,0.003968378627203261
49.7393297,6.6315182,4,,,POINT (6.6315182 49.7393297),136.0,0.004517454548747656
49.7351538,6.7122501,1,,,POINT (6.7122501 49.7351538),332.0,0.02797930630108647
49.7464057,6.6286463,1,,,POINT (6.6286463 49.7464057),134.0,0.0025510571968920246
49.8003722,6.6923851,1,,,POINT (6.6923851 49.8003722),131.0,0.0026011955904919693
49.7245124,6.6282851,3,,,POINT (6.6282851 49.7245124),173.0,0.0070644962755514245
49.791732,6.6883287,3,,,POINT (6.6883287 49.791732),130.0,0.012120871358935761
49.7919822,6.6885393,3,,,POINT (6.6885393 49.7919822),129.0,0.011808288649077917
49.7916717,6.6884671,3,,,POINT (6.6884671 49.7916717),130.0,0.012122662432398588
49.7920166,6.6898501,3,,,POINT (6.6898501 49.7920166),129.0,0.011332703717119382
49.7919084,6.6898909,3,,,POINT (6.6898909 49.7919084),129.0,0.011424826630632318
49.7919513,6.6894062,3,,,POINT (6.6894062 49.7919513),129.0,0.011530000584558584
49.7920823,6.6895995,3,,,POINT (6.6895995 49.7920823),129.0,0.011344759488415972
49.7917803,6.6895594,3,,,POINT (6.6895594 49.7917803),130.0,0.011644490054955313
49.8043624,6.6902134,3,,,POINT (6.6902134 49.8043624),129.0,0.0015255190613118433
49.8047741,6.6898972,3,,,POINT (6.6898972 49.8047741),126.0,0.001217117001691153
49.8042849,6.6901105,3,,,POINT (6.6901105 49.8042849),129.0,0.001630821056825788
49.7985474,6.690771,3,,,POINT (6.690771 49.7985474),128.0,0.004914585094390345
49.7722305,6.6679852,3,,,POINT (6.6679852 49.7722305),133.0,0.0029060738709716597
49.7639063,6.6296903,3,,,POINT (6.6296903 49.7639063),133.0,0.0012276654674642418
49.7640014,6.6297745,3,,,POINT (6.6297745 49.7640014),138.0,0.001234581256039953
49.7245951,6.7115306,3,,,POINT (6.7115306 49.7245951),378.0,0.03303627320885252
49.7473477,6.6148755,3,,,POINT (6.6148755 49.7473477),134.0,0.011103952621932374
49.7476412,6.6140776,3,,,POINT (6.6140776 49.7476412),136.0,0.011886157632083517
49.7893077,6.6967623,2,,,POINT (6.6967623 49.7893077),131.0,0.007519773161789173
49.7635486,6.6571933,4,,,POINT (6.6571933 49.7635486),132.0,0.009868973708853975
49.7719065,6.6592698,3,,,POINT (6.6592698 49.7719065),130.0,0.0019169287322500853
49.7720217,6.6589109,3,,,POINT (6.6589109 49.7720217),129.0,0.0017492156131611674
49.7396362,6.6488885,3,,,POINT (6.6488885 49.7396362),173.0,0.02189016799798454
49.7551532,6.6360968,3,,,POINT (6.6360968 49.7551532),139.0,0.008887817165084874
49.7583896,6.6349156,3,,,POINT (6.6349156 49.7583896),136.0,0.006326657296419904
49.7559844,6.6509051,1,turning_circle,,POINT (6.6509051 49.7559844),136.0,0.016381087966054097
49.7585352,6.6511481,4,,,POINT (6.6511481 49.7585352),137.0,0.013914030157280839
49.7587577,6.6510628,3,,,POINT (6.6510628 49.7587577),138.0,0.01367991578607387
49.754261,6.6431945,3,,,POINT (6.6431945 49.754261),145.0,0.015008695645954705
49.7543057,6.6431121,1,crossing,,POINT (6.6431121 49.7543057),145.0,0.014924743663401107
49.7561052,6.6556625,1,,,POINT (6.6556625 49.7561052),146.0,0.017019722017079197
49.7569023,6.6456649,1,,,POINT (6.6456649 49.7569023),138.0,0.013980986323581544
49.7591078,6.6584231,3,,,POINT (6.6584231 49.7591078),140.0,0.014443970333762702
49.7591658,6.6585449,4,,,POINT (6.6585449 49.7591658),140.0,0.014404889466608263
49.7501237,6.6438647,3,,,POINT (6.6438647 49.7501237),145.0,0.01768108053091679
49.7527219,6.6281739,3,,,POINT (6.6281739 49.7527219),133.0,0.0017855013104318982
49.7573855,6.6395677,1,,,POINT (6.6395677 49.7573855),137.0,0.010357205393799631
49.7189949,6.5754437,3,,,POINT (6.5754437 49.7189949),154.0,0.011129352895195399
49.7504627,6.6396383,3,,,POINT (6.6396383 49.7504627),144.0,0.013446542092987433
49.7508441,6.639827,3,,,POINT (6.639827 49.7508441),143.0,0.01358393398586028
49.80469,6.6839215,1,,,POINT (6.6839215 49.80469),145.0,0.002663853743891174
49.7537972,6.6466668,3,,,POINT (6.6466668 49.7537972),140.0,0.017235528690498967
49.7794216,6.6926727,1,,,POINT (6.6926727 49.7794216),126.0,0.0007887290658264075
49.7405514,6.6118582,3,,,POINT (6.6118582 49.7405514),134.0,0.014817065458606657
49.7399215,6.6109959,3,,,POINT (6.6109959 49.7399215),134.0,0.015512554416442701
49.7403539,6.6099307,1,,,POINT (6.6099307 49.7403539),139.0,0.01663531377670874
49.780465,6.6924023,3,,,POINT (6.6924023 49.780465),132.0,0.0018617581484759998
49.8021922,6.6896587,3,,,POINT (6.6896587 49.8021922),129.0,0.002956229223647898
49.8040423,6.6897745,3,,,POINT (6.6897745 49.8040423),129.0,0.0019549290882127004
49.7795684,6.6938044,1,,,POINT (6.6938044 49.7795684),127.0,0.000754743410789941
49.7893773,6.6861004,3,,,POINT (6.6861004 49.7893773),131.0,0.011388861141356435
49.7744336,6.6559747,3,,,POINT (6.6559747 49.7744336),138.0,0.0010756868110411153
49.7387704,6.6950236,1,,,POINT (6.6950236 49.7387704),276.0,0.03958307879902569
49.783599,6.6876024,3,,,POINT (6.6876024 49.783599),131.0,0.005489524169372113
49.7746845,6.6556423,3,,,POINT (6.6556423 49.7746845),155.0,0.0013735921721717392
49.7744328,6.6554572,4,,,POINT (6.6554572 49.7744328),142.0,0.0011524928034218783
49.7519162,6.6357609,3,,,POINT (6.6357609 49.7519162),138.0,0.009412800527443763
49.7524236,6.6363288,4,,,POINT (6.6363288 49.7524236),138.0,0.009878959314042503
49.8114063,6.680328,1,,,POINT (6.680328 49.8114063),175.0,0.0017305577885381492
49.8123924,6.6788104,3,,,POINT (6.6788104 49.8123924),143.0,0.001636645413642672
49.742652,6.6763306,3,,,POINT (6.6763306 49.742652),206.0,0.03344360886127822
49.741235,6.6615213,1,turning_circle,,POINT (6.6615213 49.741235),198.0,0.03257926643120524
49.7590109,6.6419368,3,,,POINT (6.6419368 49.7590109),141.0,0.010371131029131262
49.756379,6.6220636,1,,,POINT (6.6220636 49.756379),138.0,0.004922591599980032
49.7553247,6.6177063,1,,,POINT (6.6177063 49.7553247),176.0,0.00893201209999825
49.7546403,6.6162977,1,,,POINT (6.6162977 49.7546403),212.0,0.01023941961318307
49.8228499,6.7079548,3,,,POINT (6.7079548 49.8228499),136.0,0.00270445455804023
49.8230021,6.7091494,1,,,POINT (6.7091494 49.8230021),143.0,0.0023118158281986074
49.8235133,6.704634,1,turning_circle,,POINT (6.704634 49.8235133),148.0,0.0052704741381707524
49.8241618,6.7053373,3,,,POINT (6.7053373 49.8241618),148.0,0.005254485051835701
49.7577747,6.6503998,3,,,POINT (6.6503998 49.7577747),137.0,0.014529498528451115
49.7575227,6.6506066,4,,,POINT (6.6506066 49.7575227),137.0,0.014814228063542097
49.7596036,6.6424408,3,,,POINT (6.6424408 49.7596036),137.0,0.010102260154415984
49.7663009,6.6377307,4,,,POINT (6.6377307 49.7663009),131.0,0.001955182485772231
49.7356688,6.6310409,3,,,POINT (6.6310409 49.7356688),133.0,0.004474520816949451
49.7339621,6.6297396,1,,,POINT (6.6297396 49.7339621),134.0,0.0035400448191790883
49.7338637,6.6323736,3,,,POINT (6.6323736 49.7338637),136.0,0.006095360292058909
49.7336292,6.6297004,1,turning_circle,,POINT (6.6297004 49.7336292),134.0,0.003601358027201109
49.7359172,6.6304518,3,,,POINT (6.6304518 49.7359172),134.0,0.003850570656065582
49.7661045,6.637649,3,,,POINT (6.637649 49.7661045),130.0,0.0020861632034875266
49.7649255,6.635153,3,,,POINT (6.635153 49.7649255),125.0,0.001659630491887946
49.7646299,6.6358705,4,,,POINT (6.6358705 49.7646299),129.0,0.0023140443903550685
49.7232487,6.6208979,1,,,POINT (6.6208979 49.7232487),138.0,0.0024091168259290346
49.7210917,6.5865783,3,,,POINT (6.5865783 49.7210917),134.0,0.009745629349700358
49.7263329,6.6006474,4,,,POINT (6.6006474 49.7263329),134.0,0.010208306303823158
49.7269328,6.6008784,3,,,POINT (6.6008784 49.7269328),133.0,0.010709621884630153
49.7594084,6.6589329,2,,,POINT (6.6589329 49.7594084),140.0,0.014223211216606536
49.763179,6.6690259,2,,,POINT (6.6690259 49.763179),158.0,0.012010559412728203
49.7263369,6.5998035,4,,,POINT (6.5998035 49.7263369),133.0,0.010468599497464287
49.7505613,6.6208686,1,,,POINT (6.6208686 49.7505613),132.0,0.005166218584515616
49.7508801,6.6201474,3,,,POINT (6.6201474 49.7508801),131.0,0.0059112323402232166
49.7510824,6.6196124,3,,,POINT (6.6196124 49.7510824),132.0,0.006461080796584617
49.7514946,6.6182111,3,,,POINT (6.6182111 49.7514946),133.0,0.00789710898050657
49.7549832,6.6537524,1,turning_circle,,POINT (6.6537524 49.7549832),145.0,0.017867546940064302
49.7575009,6.6576895,1,,,POINT (6.6576895 49.7575009),152.0,0.01592270284114776
49.7587705,6.6592467,3,,,POINT (6.6592467 49.7587705),146.0,0.014900952248855083
49.7388225,6.6323473,3,,,POINT (6.6323473 49.7388225),139.0,0.005349041099517289
49.7636398,6.6294707,3,,,POINT (6.6294707 49.7636398),143.0,0.0012220045843321734
49.7640357,6.6293018,3,,,POINT (6.6293018 49.7640357),150.0,0.0016069768681272454
49.7430967,6.6181092,3,,,POINT (6.6181092 49.7430967),131.0,0.008290426372048788
49.7463731,6.6141442,3,,,POINT (6.6141442 49.7463731),132.0,0.011883350640707557
49.7468212,6.6128831,3,,,POINT (6.6128831 49.7468212),135.0,0.013120213701369834
49.7405409,6.6092917,3,,,POINT (6.6092917 49.7405409),141.0,0.017267836671334427
49.7438136,6.6098049,3,,,POINT (6.6098049 49.7438136),139.0,0.016461478988486346
49.7442163,6.6097133,3,,,POINT (6.6097133 49.7442163),138.0,0.016507942139172848
49.736909,6.6133781,3,crossing,,POINT (6.6133781 49.736909),133.0,0.011842958390973435
49.7408705,6.6189555,4,,,POINT (6.6189555 49.7408705),132.0,0.007737737072935385
49.741078,6.6191813,3,,,POINT (6.6191813 49.741078),132.0,0.007487105051832194
49.7401747,6.6064248,3,,,POINT (6.6064248 49.7401747),147.0,0.019407479329053526
49.7404513,6.6058712,3,,,POINT (6.6058712 49.7404513),149.0,0.020019717067371264
49.7410819,6.6019866,3,,,POINT (6.6019866 49.7410819),157.0,0.023505698124042518
49.7406639,6.6087974,3,,,POINT (6.6087974 49.7406639),142.0,0.017744860153030607
49.741074,6.6082695,3,,,POINT (6.6082695 49.741074),142.0,0.018308636051932992
49.8159598,6.6941351,3,,,POINT (6.6941351 49.8159598),140.0,0.010706386113440202
49.8156658,6.6951711,3,,,POINT (6.6951711 49.8156658),133.0,0.010802071486987468
49.7520157,6.6320708,3,,,POINT (6.6320708 49.7520157),136.0,0.005741198001078985
49.7634709,6.6339294,4,,,POINT (6.6339294 49.7634709),130.0,0.0020799351768919084
49.763639,6.6337653,3,,,POINT (6.6337653 49.763639),127.0,0.0018452148244397434
49.7645218,6.6359543,3,,,POINT (6.6359543 49.7645218),129.0,0.0024506718544446684
49.7675398,6.6409212,3,,,POINT (6.6409212 49.7675398),132.0,0.002343173292478379
49.736782,6.6082416,1,,,POINT (6.6082416 49.736782),131.0,0.015929981705977043
49.7366823,6.6087378,3,,,POINT (6.6087378 49.7366823),131.0,0.015477868252780143
49.7368643,6.6083339,3,,,POINT (6.6083339 49.7368643),132.0,0.01590806665092591
49.7369254,6.6100439,1,,,POINT (6.6100439 49.7369254),133.0,0.014578597486066441
49.7371442,6.6095351,3,,,POINT (6.6095351 49.7371442),132.0,0.01511788574805672
49.7372668,6.6094013,3,,,POINT (6.6094013 49.7372668),132.0,0.01529834616615502
49.7374594,6.6089216,3,,,POINT (6.6089216 49.7374594),134.0,0.015798661973516825
49.7376303,6.6112604,1,turning_circle,,POINT (6.6112604 49.7376303),133.0,0.013990229752897935
49.7377539,6.6104184,3,,,POINT (6.6104184 49.7377539),134.0,0.014748130465073967
49.7377397,6.6101519,3,,,POINT (6.6101519 49.7377397),134.0,0.014957598262086013
49.7379428,6.6094326,3,,,POINT (6.6094326 49.7379428),135.0,0.0156635892397924
49.7835955,6.6728913,1,turning_circle,,POINT (6.6728913 49.7835955),138.0,0.007380760344385627
49.7871765,6.6752117,3,,,POINT (6.6752117 49.7871765),152.0,0.010451163127522313
49.7882892,6.6743188,1,,,POINT (6.6743188 49.7882892),171.0,0.01169396853097082
49.7597625,6.626138,3,,,POINT (6.626138 49.7597625),136.0,0.0018560783523325684
49.774256,6.6843551,1,,,POINT (6.6843551 49.774256),130.0,0.003513035330150733
49.7760174,6.6845251,3,,,POINT (6.6845251 49.7760174),130.0,0.0017723279609534988
49.7213023,6.587153,3,,,POINT (6.587153 49.7213023),134.0,0.009722484629178081
49.7380184,6.6866627,3,,,POINT (6.6866627 49.7380184),270.0,0.03978849716587034
49.7385232,6.6891958,3,,,POINT (6.6891958 49.7385232),275.0,0.03953470845498949
49.7367878,6.6831606,4,,,POINT (6.6831606 49.7367878),265.0,0.04054010080723639
49.7371696,6.6860935,3,,,POINT (6.6860935 49.7371696),271.0,0.04056581327047235
49.7372435,6.6838702,3,,,POINT (6.6838702 49.7372435),266.0,0.04021142187320014
49.735503,6.6929296,3,,,POINT (6.6929296 49.735503),266.0,0.04289800400415049
49.7357292,6.6930265,1,,,POINT (6.6930265 49.7357292),268.0,0.0426826020353095
49.7364139,6.6931165,3,,,POINT (6.6931165 49.7364139),270.0,0.0420102998824936
49.7370817,6.6938993,3,,,POINT (6.6938993 49.7370817),272.0,0.04142394388358904
49.7377257,6.6921563,3,,,POINT (6.6921563 49.7377257),273.0,0.04060923414583494
49.7383336,6.6928236,1,,,POINT (6.6928236 49.7383336),275.0,0.04007095411593689
49.7267888,6.6338475,4,,,POINT (6.6338475 49.7267888),176.0,0.010377726387310035
49.7390661,6.7022303,3,,,POINT (6.7022303 49.7390661),289.0,0.0339246399227755
49.7394019,6.7022314,3,,,POINT (6.7022314 49.7394019),292.0,0.03369134879609651
49.7579319,6.6348744,3,,,POINT (6.6348744 49.7579319),135.0,0.006591453463473946
49.76133,6.6361964,3,,,POINT (6.6361964 49.76133),132.0,0.005198066100665251
49.761848,6.6334354,3,,,POINT (6.6334354 49.761848),129.0,0.002862398044895628
49.7453553,6.6993489,1,,,POINT (6.6993489 49.7453553),302.0,0.03224202803128064
49.7441557,6.6998316,3,,,POINT (6.6998316 49.7441557),298.0,0.032515453804304525
49.740704,6.6601459,3,,,POINT (6.6601459 49.740704),205.0,0.0328980276182675
49.7582963,6.6067409,1,,,POINT (6.6067409 49.7582963),241.0,0.020239114305224383
49.7664561,6.6248553,3,,,POINT (6.6248553 49.7664561),186.0,0.0065631708283416055
49.7229898,6.666766,1,,,POINT (6.666766 49.7229898),255.0,0.04215506668717345
49.7232333,6.6664509,3,,,POINT (6.6664509 49.7232333),261.0,0.04178274628145136
49.7238161,6.6672398,3,,,POINT (6.6672398 49.7238161),259.0,0.04237653857513658
49.7240432,6.6676637,1,,,POINT (6.6676637 49.7240432),257.0,0.04272413818218161
49.7241801,6.6674836,1,,,POINT (6.6674836 49.7241801),257.0,0.042514366250128624
49.7266956,6.6549704,3,,,POINT (6.6549704 49.7266956),263.0,0.029791528176984182
49.727066,6.6546958,3,,,POINT (6.6546958 49.727066),261.0,0.029422703261937345
49.7539965,6.667771,1,,,POINT (6.667771 49.7539965),267.0,0.020895414487533133
49.7437569,6.6676447,3,,,POINT (6.6676447 49.7437569),169.0,0.03100124552118118
49.7445537,6.6619913,1,,,POINT (6.6619913 49.7445537),166.0,0.029368561448300225
49.7606197,6.6648272,1,,,POINT (6.6648272 49.7606197),165.0,0.013906930799840607
49.7453071,6.6437761,3,,,POINT (6.6437761 49.7453071),149.0,0.017447466156559042
49.7453176,6.6447164,2,,,POINT (6.6447164 49.7453176),148.0,0.0183812946786221
49.7272889,6.6282621,3,,,POINT (6.6282621 49.7272889),160.0,0.005398695935376282
49.7272962,6.6274749,4,,,POINT (6.6274749 49.7272962),157.0,0.004750062774108818
49.7267389,6.6286375,1,,,POINT (6.6286375 49.7267389),161.0,0.006021878404780021
49.7313181,6.6323568,2,,,POINT (6.6323568 49.7313181),159.0,0.006927976270398083
49.7774201,6.724927,1,,,POINT (6.724927 49.7774201),,0.004987688268126768
49.7438611,6.6437237,3,,,POINT (6.6437237 49.7438611),160.0,0.017209364421618432
49.7831613,6.7066457,1,,,POINT (6.7066457 49.7831613),129.0,0.001703270710547848
49.744159,6.6408864,1,,,POINT (6.6408864 49.744159),154.0,0.01443401762073078
49.7443396,6.6308767,3,,,POINT (6.6308767 49.7443396),134.0,0.004530844142820144
49.7445002,6.6308911,4,,,POINT (6.6308911 49.7445002),134.0,0.004565797721870887
49.7446191,6.6280785,4,,,POINT (6.6280785 49.7446191),128.0,0.0017889352750935805
49.7446922,6.6282344,4,,,POINT (6.6282344 49.7446922),131.0,0.001951971193850023
49.7576673,6.644169,3,,,POINT (6.644169 49.7576673),138.0,0.012637633700479226
49.7396177,6.6295631,1,turning_circle,,POINT (6.6295631 49.7396177),134.0,0.0025810085877418214
49.7448665,6.6347228,3,,,POINT (6.6347228 49.7448665),137.0,0.00841277108328557
49.7449913,6.6364061,3,,,POINT (6.6364061 49.7449913),137.0,0.010098131373660967
49.7480185,6.6379136,3,,,POINT (6.6379136 49.7480185),140.0,0.011938839860223323
49.7857045,6.7209549,1,,,POINT (6.7209549 49.7857045),215.0,0.007959398023092307
49.7314235,6.6323815,2,,,POINT (6.6323815 49.7314235),159.0,0.006902704383792614
49.7264445,6.6301096,3,,,POINT (6.6301096 49.7264445),165.0,0.0073960842414980115
49.7248694,6.6367923,3,,,POINT (6.6367923 49.7248694),203.0,0.0138853379528381
49.7247233,6.6366252,1,,,POINT (6.6366252 49.7247233),203.0,0.013811314351840192
49.7533423,6.6743083,3,,,POINT (6.6743083 49.7533423),252.0,0.022566494605352826
49.753065,6.6739371,1,turning_circle,,POINT (6.6739371 49.753065),252.0,0.02277933183031345
49.7881169,6.7108731,3,,,POINT (6.7108731 49.7881169),170.0,0.0046785611826713775
49.7953478,6.7102412,3,,,POINT (6.7102412 49.7953478),205.0,0.007175003241896995
49.7956477,6.7107704,3,,,POINT (6.7107704 49.7956477),209.0,0.007783196259637582
49.7637849,6.6688533,3,,,POINT (6.6688533 49.7637849),155.0,0.011385458399353258
49.7644404,6.6693152,3,,,POINT (6.6693152 49.7644404),154.0,0.010807826824399732
49.7644073,6.6681333,1,turning_circle,,POINT (6.6681333 49.7644073),149.0,0.010660802636097588
49.7660374,6.653611,1,,,POINT (6.653611 49.7660374),133.0,0.0068994937397119935
49.7692983,6.6572823,3,,,POINT (6.6572823 49.7692983),132.0,0.004197623731834246
49.7184229,6.5940201,1,,,POINT (6.5940201 49.7184229),133.0,0.0046572617880953895
49.7202324,6.5922594,3,,,POINT (6.5922594 49.7202324),134.0,0.006931189434264548
49.7269934,6.6340704,3,,,POINT (6.6340704 49.7269934),176.0,0.010471707550264744
49.7272222,6.6334011,3,,,POINT (6.6334011 49.7272222),174.0,0.009776183816473646
49.7274618,6.6327899,3,,,POINT (6.6327899 49.7274618),172.0,0.009126005700772311
49.7512723,6.6631567,3,,,POINT (6.6631567 49.7512723),268.0,0.02290066729356436
49.7516618,6.6637961,3,,,POINT (6.6637961 49.7516618),267.0,0.022611446235049015
49.7798378,6.6623739,1,,,POINT (6.6623739 49.7798378),152.0,0.0054622726577182035
49.8098076,6.6871932,3,,,POINT (6.6871932 49.8098076),129.0,0.003275098707632581
49.8099685,6.6865218,1,,,POINT (6.6865218 49.8099685),128.0,0.0032147039773549563
49.7715389,6.665381,3,,,POINT (6.665381 49.7715389),132.0,0.003193592111192912
49.7717603,6.6656601,3,,,POINT (6.6656601 49.7717603),132.0,0.0030172118205916585
49.7734218,6.6704611,3,,,POINT (6.6704611 49.7734218),130.0,0.002128130769290088
49.7664308,6.6605662,3,,,POINT (6.6605662 49.7664308),134.0,0.00752511139448699
49.766478,6.6604037,3,,,POINT (6.6604037 49.766478),134.0,0.00745407883601464
49.7665142,6.6606133,3,,,POINT (6.6606133 49.7665142),134.0,0.0074497167434375965
49.766655,6.6609426,1,,,POINT (6.6609426 49.766655),135.0,0.007359885746925715
49.7356279,6.6962524,3,,,POINT (6.6962524 49.7356279),266.0,0.040647317821724316
49.735686,6.6968238,4,,,POINT (6.6968238 49.735686),265.0,0.0401831568178764
49.7346652,6.6957878,3,,,POINT (6.6957878 49.7346652),264.0,0.04163629454994769
49.7363754,6.6970723,3,,,POINT (6.6970723 49.7363754),267.0,0.03953790317252642
49.7358874,6.6961856,1,,,POINT (6.6961856 49.7358874),266.0,0.0405254716301977
49.7363512,6.6970268,3,,,POINT (6.6970268 49.7363512),267.0,0.03958799031840383
49.7346549,6.695132,3,,,POINT (6.695132 49.7346549),266.0,0.042131139708533376
49.7357477,6.6975135,1,,,POINT (6.6975135 49.7357477),265.0,0.039632463690896305
49.7361924,6.6980556,1,,,POINT (6.6980556 49.7361924),267.0,0.03893253431065187
49.7355842,6.6955907,3,,,POINT (6.6955907 49.7355842),268.0,0.04117280215385123
49.7540341,6.6751594,3,,,POINT (6.6751594 49.7540341),251.0,0.022023251476573417
49.7542264,6.6748083,4,,,POINT (6.6748083 49.7542264),251.0,0.021776103703484692
49.7544656,6.6751203,3,,,POINT (6.6751203 49.7544656),251.0,0.021591168291063813
49.7550238,6.6733626,3,,,POINT (6.6733626 49.7550238),255.0,0.02075293602371979
49.7551413,6.6730307,3,,,POINT (6.6730307 49.7551413),256.0,0.020582721544674453
49.7553299,6.6727986,3,,,POINT (6.6727986 49.7553299),256.0,0.02035869184510121
49.7220021,6.6259626,1,turning_circle,,POINT (6.6259626 49.7220021),177.0,0.006801308799775674
49.7213308,6.6255305,3,,,POINT (6.6255305 49.7213308),180.0,0.0069146101329021475
49.7233688,6.631012,1,turning_circle,,POINT (6.631012 49.7233688),192.0,0.009905087767906516
49.7604118,6.6430982,3,,,POINT (6.6430982 49.7604118),135.0,0.009721279262523454
49.7704184,6.6481641,3,,,POINT (6.6481641 49.7704184),130.0,0.0016897404468856924
49.7603883,6.6428343,4,,,POINT (6.6428343 49.7603883),135.0,0.009611871138031356
49.7584278,6.6394248,2,,,POINT (6.6394248 49.7584278),136.0,0.009432027857608721
49.7592406,6.6395841,3,,,POINT (6.6395841 49.7592406),133.0,0.00885863779240153
49.7591699,6.6392118,3,,,POINT (6.6392118 49.7591699),133.0,0.008702404391505911
49.7442064,6.63127,3,,,POINT (6.63127 49.7442064),134.0,0.004903725675102333
49.7435255,6.684895,3,,,POINT (6.684895 49.7435255),257.0,0.034109390935526604
49.7652122,6.6537915,3,,,POINT (6.6537915 49.7652122),135.0,0.007741702537046555
49.7846201,6.689066,3,,,POINT (6.689066 49.7846201),131.0,0.0063594837941703414
49.782379,6.6875592,3,,,POINT (6.6875592 49.782379),131.0,0.004279923743656924
49.7827219,6.6914769,3,,,POINT (6.6914769 49.7827219),131.0,0.004216972278242142
49.7805463,6.6942082,3,,,POINT (6.6942082 49.7805463),133.0,0.0016564951498299566
49.7801694,6.6945682,1,,,POINT (6.6945682 49.7801694),131.0,0.0012274148167288822
49.7914513,6.689725,3,,,POINT (6.689725 49.7914513),130.0,0.011910183113620408
49.7809717,6.694384,3,,,POINT (6.694384 49.7809717),133.0,0.0020487472435587115
49.7538949,6.6691024,1,,,POINT (6.6691024 49.7538949),265.0,0.021198307377536425
49.7991016,6.6552922,3,,,POINT (6.6552922 49.7991016),259.0,0.020710895750063373
49.7988211,6.6552264,3,,,POINT (6.6552264 49.7988211),256.0,0.020963176078544497
49.7990228,6.6556176,3,motorway_junction,,POINT (6.6556176 49.7990228),255.0,0.02055241041362048
49.7330416,6.6486971,1,turning_circle,,POINT (6.6486971 49.7330416),195.0,0.022316230380016736
49.7806746,6.6786593,4,,,POINT (6.6786593 49.7806746),132.0,0.00352998180647325
49.78081,6.6791165,3,,,POINT (6.6791165 49.78081),132.0,0.0036064930862310805
49.7808792,6.6785906,3,,,POINT (6.6785906 49.7808792),132.0,0.0037416255984911747
49.7811559,6.6783428,3,,,POINT (6.6783428 49.7811559),132.0,0.004047433870356558
49.7808034,6.6785056,3,,,POINT (6.6785056 49.7808034),132.0,0.003677180086220191
49.7989124,6.6894142,3,,,POINT (6.6894142 49.7989124),129.0,0.005351101723010973
49.7985982,6.6889678,3,,,POINT (6.6889678 49.7985982),129.0,0.005875896109530221
49.7390751,6.6767088,3,,,POINT (6.6767088 49.7390751),191.0,0.037034190797639505
49.7396728,6.6772266,3,,,POINT (6.6772266 49.7396728),205.0,0.03652925335790898
49.7632571,6.6338927,3,,,POINT (6.6338927 49.7632571),130.0,0.0021999799800103493
49.7535149,6.6826282,3,,,POINT (6.6826282 49.7535149),247.0,0.023913562364481788
49.8185826,6.6999639,1,turning_circle,,POINT (6.6999639 49.8185826),132.0,0.007030915516488118
49.8190567,6.7007978,3,,,POINT (6.7007978 49.8190567),134.0,0.006355054418540173
49.8192093,6.7003784,3,,,POINT (6.7003784 49.8192093),134.0,0.006800224416325662
49.8199508,6.705272,1,,,POINT (6.705272 49.8199508),142.0,0.0025038075105722427
49.8253921,6.7084526,1,,,POINT (6.7084526 49.8253921),153.0,0.004790551842761808
49.7673157,6.6581936,3,,,POINT (6.6581936 49.7673157),134.0,0.006294454491927882
49.7676975,6.638926,3,,,POINT (6.638926 49.7676975),128.0,0.0013255504355578131
49.7389673,6.6315897,3,,,POINT (6.6315897 49.7389673),138.0,0.004590670209347387
49.7390894,6.630871,3,,,POINT (6.630871 49.7390894),136.0,0.0038713213345778694
49.7388292,6.6311038,4,,,POINT (6.6311038 49.7388292),137.0,0.0041055230498810045
49.7992745,6.6553914,1,,,POINT (6.6553914 49.7992745),259.0,0.020516276518411175
49.7448639,6.6362073,3,,,POINT (6.6362073 49.7448639),137.0,0.009884585665020176
49.7605694,6.6423498,3,,,POINT (6.6423498 49.7605694),135.0,0.00921621399900805
49.7539517,6.6284077,3,,,POINT (6.6284077 49.7539517),129.0,0.001848784275922076
49.7368917,6.6130922,3,,,POINT (6.6130922 49.7368917),133.0,0.012068767316293461
49.737192,6.6136951,3,,,POINT (6.6136951 49.737192),133.0,0.011742026603405111
49.7383805,6.6284512,3,,,POINT (6.6284512 49.7383805),129.0,0.0014564160188620604
49.7384741,6.6289987,3,,,POINT (6.6289987 49.7384741),133.0,0.0020023961400327693
49.7386185,6.6284687,3,,,POINT (6.6284687 49.7386185),129.0,0.0014716125397961218
49.7519491,6.6412251,3,,,POINT (6.6412251 49.7519491),145.0,0.014709907631417721
49.8016348,6.6896215,3,,,POINT (6.6896215 49.8016348),129.0,0.003318639216291071
49.8019946,6.6896428,4,,,POINT (6.6896428 49.8019946),129.0,0.003086881506124804
49.8019172,6.6899568,3,,,POINT (6.6899568 49.8019172),131.0,0.002881067464547881
49.801964,6.6902929,3,,,POINT (6.6902929 49.801964),131.0,0.0025834174175818243
49.8038064,6.687221,3,,,POINT (6.687221 49.8038064),128.0,0.002479675892130052
49.7616041,6.6382944,3,,,POINT (6.6382944 49.7616041),133.0,0.006183358536897502
49.7604656,6.6429993,3,,,POINT (6.6429993 49.7604656),135.0,0.00962556133687324
49.7583163,6.6509301,3,,,POINT (6.6509301 49.7583163),137.0,0.014090720744735146
49.7583161,6.6514044,4,,,POINT (6.6514044 49.7583161),137.0,0.014175176647123195
49.7300667,6.7064144,1,,,POINT (6.7064144 49.7300667),277.0,0.0351409561170437
49.7233011,6.6813549,3,,,POINT (6.6813549 49.7233011),259.0,0.053363859270579364
49.722826,6.6806373,1,,,POINT (6.6806373 49.722826),258.0,0.05370725388865544
49.7276616,6.6850878,3,,,POINT (6.6850878 49.7276616),250.0,0.049867413800253946
49.8240834,6.7046639,3,,,POINT (6.7046639 49.8240834),148.0,0.0056557138778951035
49.7275346,6.6090385,1,turning_circle,,POINT (6.6090385 49.7275346),132.0,0.008536467888293993
49.7221076,6.5961788,3,,,POINT (6.5961788 49.7221076),132.0,0.007514321450411982
49.7219093,6.5960537,3,,,POINT (6.5960537 49.7219093),132.0,0.0073632678495944934
49.7221675,6.5960523,3,,,POINT (6.5960523 49.7221675),132.0,0.007609746007132674
49.7216635,6.5963195,3,,,POINT (6.5963195 49.7216635),132.0,0.007048466297928332
49.7219951,6.5958085,3,,,POINT (6.5958085 49.7219951),132.0,0.007519352190323173
49.7216857,6.5953777,3,,,POINT (6.5953777 49.7216857),132.0,0.007355083104370263
49.7224262,6.5964746,3,,,POINT (6.5964746 49.7224262),132.0,0.007728276474803521
49.7219252,6.5958902,3,,,POINT (6.5958902 49.7219252),132.0,0.007427977005197519
49.7219587,6.5961665,3,,,POINT (6.5961665 49.7219587),132.0,0.007376154120115972
49.728942,6.6952339,3,,,POINT (6.6952339 49.728942),234.0,0.04604833245113181
49.7274013,6.6976912,1,,,POINT (6.6976912 49.7274013),246.0,0.04424395955664587
49.7310229,6.6853713,3,,,POINT (6.6853713 49.7310229),194.0,0.046571886565692465
49.7309119,6.685752,3,,,POINT (6.685752 49.7309119),194.0,0.04673012652323054
49.7308906,6.6858327,3,,,POINT (6.6858327 49.7308906),199.0,0.04676145824190668
49.7300714,6.7035812,3,,,POINT (6.7035812 49.7300714),261.0,0.03779494133902072
49.7290653,6.7023923,3,,,POINT (6.7023923 49.7290653),257.0,0.0392578247675545
49.728826,6.702564,3,,,POINT (6.702564 49.728826),256.0,0.03918115158861602
49.729349,6.7022571,3,,,POINT (6.7022571 49.729349),255.0,0.03928601766850498
49.7293791,6.7023968,3,,,POINT (6.7023968 49.7293791),258.0,0.0391444888924352
49.7292959,6.7018679,3,,,POINT (6.7018679 49.7292959),255.0,0.03966984233898768
49.8050544,6.6852269,2,,,POINT (6.6852269 49.8050544),136.0,0.0018468304533549094
49.805084,6.684901,2,,,POINT (6.684901 49.805084),142.0,0.0019242981853521727
49.8022885,6.6930409,3,,,POINT (6.6930409 49.8022885),130.0,0.0005793820266783024
49.8030527,6.6909164,3,,,POINT (6.6909164 49.8030527),134.0,0.001433503447995389
49.7492736,6.6400603,3,,,POINT (6.6400603 49.7492736),145.0,0.014036164336652794
49.7940056,6.6891572,3,,,POINT (6.6891572 49.7940056),130.0,0.009705728735647552
49.8085291,6.6848414,1,,,POINT (6.6848414 49.8085291),129.0,0.001207157000965012
49.8112197,6.6893412,3,,,POINT (6.6893412 49.8112197),130.0,0.004959810432870462
49.8094206,6.688136,3,,,POINT (6.688136 49.8094206),129.0,0.003176946280083009
49.7449277,6.6286106,1,,,POINT (6.6286106 49.7449277),132.0,0.002351935575615647
49.7451736,6.6282198,3,,,POINT (6.6282198 49.7451736),132.0,0.0019907686414870297
49.7260058,6.6310184,3,,,POINT (6.6310184 49.7260058),172.0,0.008392015430223623
49.7260155,6.6311434,3,,,POINT (6.6311434 49.7260155),172.0,0.008488775958945729
49.7261485,6.6309384,3,,,POINT (6.6309384 49.7261485),172.0,0.008244571780527106
49.7261892,6.631019,3,,,POINT (6.631019 49.7261892),172.0,0.00828718117372361
49.7405074,6.6476633,1,turning_circle,,POINT (6.6476633 49.7405074),168.0,0.020697310604519712
49.7433421,6.6486432,1,,,POINT (6.6486432 49.7433421),168.0,0.02200339510965097
49.7424348,6.650056,3,,,POINT (6.650056 49.7424348),169.0,0.023266333022845906
49.7413442,6.6502737,2,,,POINT (6.6502737 49.7413442),171.0,0.023361849697743593
49.7430788,6.6487153,3,,,POINT (6.6487153 49.7430788),166.0,0.02203493738045326
49.741316,6.6500315,2,,,POINT (6.6500315 49.741316),172.0,0.023118114428732364
49.7409071,6.6508406,3,,,POINT (6.6508406 49.7409071),172.0,0.02389340461717427
49.7409853,6.6515269,1,,,POINT (6.6515269 49.7409853),169.0,0.024583421121763985
49.741467,6.6511906,1,,,POINT (6.6511906 49.741467),170.0,0.024286001405953172
49.7413762,6.6505285,4,,,POINT (6.6505285 49.7413762),171.0,0.023618471309125234
49.7412336,6.6514393,1,,,POINT (6.6514393 49.7412336),172.0,0.024514284477829947
49.7419569,6.6503797,1,,,POINT (6.6503797 49.7419569),169.0,0.023528541934637093
49.7411415,6.6506917,3,,,POINT (6.6506917 49.7411415),173.0,0.023761782315516355
49.7376665,6.6961906,3,,,POINT (6.6961906 49.7376665),277.0,0.03936383140929847
49.7378696,6.6963471,3,,,POINT (6.6963471 49.7378696),278.0,0.03911352724569481
49.7502641,6.6441227,3,,,POINT (6.6441227 49.7502641),145.0,0.017918585596791107
49.7503202,6.6439699,3,,,POINT (6.6439699 49.7503202),145.0,0.017759778184494104
49.7270655,6.6270468,3,,,POINT (6.6270468 49.7270655),156.0,0.004532088493764264
49.7303842,6.6266582,3,,,POINT (6.6266582 49.7303842),131.0,0.0023490035171856746
49.769983,6.6492064,3,,,POINT (6.6492064 49.769983),132.0,0.002303378821038298
49.7686512,6.646039,3,,,POINT (6.646039 49.7686512),131.0,0.0030063775083209853
49.7697671,6.6485397,3,,,POINT (6.6485397 49.7697671),131.0,0.002397405866506587
49.7688133,6.6462855,4,,,POINT (6.6462855 49.7688133),132.0,0.0029274846698785204
49.7684472,6.6464888,4,,,POINT (6.6464888 49.7684472),131.0,0.00333197030399309
49.7687061,6.6462725,4,,,POINT (6.6462725 49.7687061),131.0,0.0030255640554688636
49.7687636,6.6464211,4,,,POINT (6.6464211 49.7687636),131.0,0.003008576148468269
49.767164,6.6393776,5,,,POINT (6.6393776 49.767164),132.0,0.002013404058371009
49.7669745,6.6391204,3,,,POINT (6.6391204 49.7669745),132.0,0.0020507150614833933
49.7649394,6.6296911,3,,,POINT (6.6296911 49.7649394),154.0,0.0019646928480999137
49.7617259,6.6331509,3,,,POINT (6.6331509 49.7617259),129.0,0.002751349100857411
49.7586179,6.6312462,3,,,POINT (6.6312462 49.7586179),130.0,0.003196633516863025
49.7588513,6.6314207,4,,,POINT (6.6314207 49.7588513),130.0,0.003239163827178711
49.7587793,6.6313677,4,,,POINT (6.6313677 49.7587793),130.0,0.003226774397363407
49.7586104,6.632038,3,,,POINT (6.632038 49.7586104),132.0,0.003896760749503909
49.7587116,6.631569,3,,,POINT (6.631569 49.7587116),132.0,0.0034360527248414614
49.7573464,6.6499911,3,,,POINT (6.6499911 49.7573464),138.0,0.014878380638833275
49.7577936,6.649988,3,,,POINT (6.649988 49.7577936),138.0,0.014437743154982568
49.7220178,6.5792988,3,,,POINT (6.5792988 49.7220178),154.0,0.012836262889081804
49.8173749,6.7000561,1,,,POINT (6.7000561 49.8173749),129.0,0.006742528078329673
49.8183961,6.6996073,3,,,POINT (6.6996073 49.8183961),130.0,0.007336692895985176
49.8182031,6.6990514,3,,,POINT (6.6990514 49.8182031),130.0,0.007846678335448352
49.8183052,6.6996474,3,,,POINT (6.6996474 49.8183052),130.0,0.0072791460137844695
49.8167036,6.7040667,3,,,POINT (6.7040667 49.8167036),128.0,0.002681726646279558
49.816707,6.7028509,3,,,POINT (6.7028509 49.816707),128.0,0.0038901032353902596
49.8161011,6.7036275,3,,,POINT (6.7036275 49.8161011),127.0,0.0030573444581748076
49.8165403,6.7036046,3,,,POINT (6.7036046 49.8165403),128.0,0.0031223813628471282
49.8164824,6.703484,3,,,POINT (6.703484 49.8164824),128.0,0.0032356553937232663
49.7286936,6.7014071,4,,,POINT (6.7014071 49.7286936),253.0,0.040310809121252546
49.728841,6.7018765,1,,,POINT (6.7018765 49.728841),254.0,0.039819546611278935
49.7290352,6.7016244,1,,,POINT (6.7016244 49.7290352),255.0,0.03998810479355185
49.7933653,6.6798512,4,,,POINT (6.6798512 49.7933653),139.0,0.01467348476708935
49.7962955,6.6828742,3,,,POINT (6.6828742 49.7962955),132.0,0.010898969942616386
49.7963495,6.683623,3,,,POINT (6.683623 49.7963495),132.0,0.010645304852848569
49.7617328,6.6378827,3,,,POINT (6.6378827 49.7617328),133.0,0.005841331384056113
49.7594961,6.6258316,3,,,POINT (6.6258316 49.7594961),136.0,0.002076466943143526
49.7635935,6.6356162,4,,,POINT (6.6356162 49.7635935),132.0,0.003015745960362496
49.7536549,6.6459573,3,,,POINT (6.6459573 49.7536549),143.0,0.017011128874944274
49.7534274,6.6461206,3,,,POINT (6.6461206 49.7534274),143.0,0.017289498036339584
49.7650444,6.6544633,3,,,POINT (6.6544633 49.7650444),135.0,0.008000557214960818
49.7590379,6.6473835,2,,,POINT (6.6473835 49.7590379),140.0,0.012569944607415137
49.7577234,6.6344405,3,,,POINT (6.6344405 49.7577234),135.0,0.006377583520698625
49.7576655,6.6347154,4,,,POINT (6.6347154 49.7576655),135.0,0.006632831966954666
49.7575083,6.634637,3,,,POINT (6.634637 49.7575083),135.0,0.0066635697392643314
49.7570445,6.6344973,3,,,POINT (6.6344973 49.7570445),135.0,0.006804829904986437
49.7576416,6.6348375,4,,,POINT (6.6348375 49.7576416),135.0,0.006745120595285877
49.7577306,6.634882,4,,,POINT (6.634882 49.7577306),135.0,0.0067275206746332675
49.7651675,6.6299278,3,,,POINT (6.6299278 49.7651675),154.0,0.0019629279400414606
49.7633779,6.6596187,3,traffic_signals,,POINT (6.6596187 49.7633779),133.0,0.01040142233786671
49.749393,6.6406188,3,,,POINT (6.6406188 49.749393),145.0,0.01456914943697406
49.749226,6.6404346,3,,,POINT (6.6404346 49.749226),145.0,0.01441330457335783
49.7506684,6.6406756,3,,,POINT (6.6406756 49.7506684),144.0,0.014448193518757271
49.7504036,6.6351405,3,,,POINT (6.6351405 49.7504036),141.0,0.009000230956839557
49.7506151,6.6349017,3,,,POINT (6.6349017 49.7506151),140.0,0.008731703376203704
49.7509109,6.6349813,3,,,POINT (6.6349813 49.7509109),140.0,0.008770845544664825
49.7504466,6.6348064,4,,,POINT (6.6348064 49.7504466),140.0,0.00866351572457008
49.7504692,6.6346253,4,,,POINT (6.6346253 49.7504692),140.0,0.008481108796037928
49.7501465,6.6372412,1,crossing,,POINT (6.6372412 49.7501465),141.0,0.011115301466602981
49.7271493,6.6193079,1,,,POINT (6.6193079 49.7271493),133.0,0.001278192443208573
49.7576493,6.6500579,5,,,POINT (6.6500579 49.7576493),138.0,0.014592165587027929
49.7576573,6.6502903,5,,,POINT (6.6502903 49.7576573),137.0,0.014625578543635396
49.7395577,6.6176499,3,,,POINT (6.6176499 49.7395577),132.0,0.009206067086183356
49.7397655,6.6175798,3,,,POINT (6.6175798 49.7397655),132.0,0.009244705557778468
49.7445541,6.6285509,3,,,POINT (6.6285509 49.7445541),131.0,0.0022512322670312757
49.744377,6.6282483,3,,,POINT (6.6282483 49.744377),130.0,0.0019291262331651517
49.7599139,6.6512178,1,,,POINT (6.6512178 49.7599139),138.0,0.012569642121919532
49.7608621,6.6725117,3,,,POINT (6.6725117 49.7608621),172.0,0.014854089154032222
49.7636073,6.6672777,3,crossing,,POINT (6.6672777 49.7636073),153.0,0.011321380981673049
49.7634084,6.6673363,3,crossing,,POINT (6.6673363 49.7634084),154.0,0.011526879203605105
49.7518311,6.6418326,1,,,POINT (6.6418326 49.7518311),145.0,0.015326000133522578
49.7870391,6.6761946,3,,,POINT (6.6761946 49.7870391),143.0,0.010156872244937052
49.7264326,6.6550162,3,,,POINT (6.6550162 49.7264326),265.0,0.0299124826736928
49.7563925,6.6389306,1,turning_circle,,POINT (6.6389306 49.7563925),137.0,0.010604676062657383
49.7443536,6.631186,4,,,POINT (6.631186 49.7443536),134.0,0.004839372994224097
49.7444108,6.6311625,3,,,POINT (6.6311625 49.7444108),134.0,0.004823431632418114
49.7443654,6.6313923,2,,,POINT (6.6313923 49.7443654),134.0,0.005045475587138401
49.7576183,6.6350722,3,,,POINT (6.6350722 49.7576183),135.0,0.006945196509666522
49.7574862,6.6347642,3,,,POINT (6.6347642 49.7574862),135.0,0.006778880773890884
49.7194615,6.6265202,3,,,POINT (6.6265202 49.7194615),207.0,0.008950692659788215
49.7388581,6.622928,3,,,POINT (6.622928 49.7388581),131.0,0.004070313804345621
49.7396172,6.6242358,3,,,POINT (6.6242358 49.7396172),131.0,0.0026866039599824656
49.7391327,6.6213699,3,,,POINT (6.6213699 49.7391327),131.0,0.005592797707485656
49.7385877,6.6240566,3,,,POINT (6.6240566 49.7385877),131.0,0.0029183047412077055
49.7399107,6.6243669,2,,,POINT (6.6243669 49.7399107),131.0,0.002512715887775959
49.744599,6.6143455,3,,,POINT (6.6143455 49.744599),133.0,0.011861843216742222
49.7447245,6.613996,4,,,POINT (6.613996 49.7447245),133.0,0.012195307413555458
49.7448829,6.6142155,3,,,POINT (6.6142155 49.7448829),132.0,0.011959625780952174
49.7558736,6.620257,1,turning_circle,,POINT (6.620257 49.7558736),140.0,0.006518102070387815
49.7593592,6.642497,2,,,POINT (6.642497 49.7593592),139.0,0.01034276561724441
49.8119057,6.6820534,1,,,POINT (6.6820534 49.8119057),213.0,0.0030427112671112966
49.8118587,6.6813207,3,,,POINT (6.6813207 49.8118587),202.0,0.0026627999319572774
49.811644,6.6815726,1,,,POINT (6.6815726 49.811644),194.0,0.0026098124045806533
49.8119763,6.6809476,3,,,POINT (6.6809476 49.8119763),182.0,0.0025432093897283614
49.8122898,6.681631,1,,,POINT (6.681631 49.8122898),202.0,0.0031939621482072
49.7187324,6.6807329,3,,,POINT (6.6807329 49.7187324),269.0,0.056756421765735345
49.7186372,6.6798323,1,,,POINT (6.6798323 49.7186372),283.0,0.05592402133855471
49.7882119,6.689922,3,,,POINT (6.689922 49.7882119),129.0,0.00984794220107978
49.7882979,6.6879704,3,,,POINT (6.6879704 49.7882979),129.0,0.010128251846355614
49.7882461,6.6896168,3,crossing,,POINT (6.6896168 49.7882461),129.0,0.009912425652975421
49.7886033,6.6882141,4,,,POINT (6.6882141 49.7886033),129.0,0.01040781021410959
49.7887017,6.6879277,3,,,POINT (6.6879277 49.7887017),129.0,0.010534297307171698
49.7881323,6.689912,3,,,POINT (6.689912 49.7881323),129.0,0.009769737318710942
49.7883921,6.6884475,3,,,POINT (6.6884475 49.7883921),129.0,0.010174374657512406
49.7885043,6.6881449,4,,,POINT (6.6881449 49.7885043),129.0,0.010316209380357993
49.7888864,6.6873745,3,,,POINT (6.6873745 49.7888864),128.0,0.01077327611267933
49.7884781,6.6899592,3,,,POINT (6.6899592 49.7884781),129.0,0.01010910165125585
49.7888658,6.6883932,3,,,POINT (6.6883932 49.7888658),129.0,0.01065112875133994
49.7407677,6.6509368,1,,,POINT (6.6509368 49.7407677),173.0,0.023980497910593698
49.735085,6.6113661,3,,,POINT (6.6113661 49.735085),132.0,0.012421787171307404
49.7318249,6.6076654,3,,,POINT (6.6076654 49.7318249),133.0,0.012934718619826632
49.7321114,6.6073385,3,,,POINT (6.6073385 49.7321114),133.0,0.013350925230251979
49.7325847,6.6079626,3,,,POINT (6.6079626 49.7325847),133.0,0.013365410818847352
49.7320358,6.6072467,3,,,POINT (6.6072467 49.7320358),133.0,0.013335468996588381
49.7317304,6.6071111,3,,,POINT (6.6071111 49.7317304),133.0,0.013148354732158614
49.7318491,6.6078075,3,,,POINT (6.6078075 49.7318491),133.0,0.012879928985416338
49.7319503,6.6074026,4,,,POINT (6.6074026 49.7319503),133.0,0.01318033938607056
49.7320209,6.6074944,4,,,POINT (6.6074944 49.7320209),133.0,0.013191555595298422
49.7322146,6.6077454,3,,,POINT (6.6077454 49.7322146),133.0,0.013222787051662048
49.7317249,6.6079492,3,,,POINT (6.6079492 49.7317249),133.0,0.012699507421161466
49.7434162,6.6116828,3,,,POINT (6.6116828 49.7434162),135.0,0.014639134005953656
49.7431644,6.6114116,1,,,POINT (6.6114116 49.7431644),136.0,0.01493654911157298
49.7432822,6.6122123,3,,,POINT (6.6122123 49.7432822),135.0,0.014127728869008314
49.7436201,6.611169,1,,,POINT (6.611169 49.7436201),135.0,0.015127195346135021
49.7443876,6.6922065,3,,,POINT (6.6922065 49.7443876),273.0,0.03398559218139372
49.7442793,6.6918122,4,,,POINT (6.6918122 49.7442793),273.0,0.03405400675339673
49.7439356,6.6920599,3,,,POINT (6.6920599 49.7439356),274.0,0.03442070793010915
49.7443664,6.6917494,4,,,POINT (6.6917494 49.7443664),273.0,0.03396107501234739
49.7442479,6.6913727,3,,,POINT (6.6913727 49.7442479),273.0,0.034041394879262624
49.744303,6.6915065,3,,,POINT (6.6915065 49.744303),273.0,0.03399992100496177
49.7444648,6.6920892,3,,,POINT (6.6920892 49.7444648),272.0,0.03389707279104356
49.7334666,6.6585143,3,,,POINT (6.6585143 49.7334666),248.0,0.03190854927570287
49.7333935,6.6595396,3,,,POINT (6.6595396 49.7333935),248.0,0.03293282228203241
49.7296436,6.6593359,3,,,POINT (6.6593359 49.7296436),257.0,0.033367202345567226
49.7322348,6.660238,3,,,POINT (6.660238 49.7322348),250.0,0.03381605274174631
49.7286522,6.6581939,3,,,POINT (6.6581939 49.7286522),259.0,0.0324318142509794
49.7312382,6.6600769,3,,,POINT (6.6600769 49.7312382),252.0,0.03383522851837211
49.7281359,6.6574459,3,,,POINT (6.6574459 49.7281359),260.0,0.03181285832647017
49.7288005,6.6584063,3,,,POINT (6.6584063 49.7288005),259.0,0.03260970886009371
49.7282355,6.6575956,3,,,POINT (6.6575956 49.7282355),260.0,0.03193644957928264
49.7309436,6.6600126,3,,,POINT (6.6600126 49.7309436),253.0,0.033824486197059744
49.7319304,6.6593925,3,,,POINT (6.6593925 49.7319304),252.0,0.03303837565606172
49.7315485,6.6601237,3,,,POINT (6.6601237 49.7315485),251.0,0.0338259519398296
49.7310201,6.6587002,1,,,POINT (6.6587002 49.7310201),254.0,0.03251947600474565
49.7343974,6.6597053,3,,,POINT (6.6597053 49.7343974),245.0,0.032958364486726864
49.7738751,6.6131097,3,,,POINT (6.6131097 49.7738751),305.0,0.020377130845527905
49.7717551,6.6122612,3,,,POINT (6.6122612 49.7717551),296.0,0.01982618838128028
49.7843503,6.5961474,3,,,POINT (6.5961474 49.7843503),246.0,0.040245323756307114
49.7722468,6.6117994,3,,,POINT (6.6117994 49.7722468),299.0,0.020482900575845328
49.7719902,6.6114388,4,,,POINT (6.6114388 49.7719902),299.0,0.020643921350362405
49.7723975,6.6119052,3,,,POINT (6.6119052 49.7723975),301.0,0.020479659238618653
49.7770738,6.6100128,1,,,POINT (6.6100128 49.7770738),300.0,0.02477526004404325
49.7758274,6.6267031,1,,,POINT (6.6267031 49.7758274),332.0,0.012040562708610753
49.7257423,6.6560464,3,,,POINT (6.6560464 49.7257423),268.0,0.03110108046282422
49.7529778,6.63258,2,,,POINT (6.63258 49.7529778),135.0,0.0061206877794568355
49.7507328,6.6281201,3,,,POINT (6.6281201 49.7507328),135.0,0.0020146170892361972
49.7377333,6.6946627,3,,,POINT (6.6946627 49.7377333),273.0,0.040506199489087236
49.7381209,6.6976415,3,,,POINT (6.6976415 49.7381209),279.0,0.037963519623643235
49.7651834,6.6541481,3,,,POINT (6.6541481 49.7651834),135.0,0.00781941154877057
49.7567382,6.6381331,2,,,POINT (6.6381331 49.7567382),136.0,0.009800576264552252
49.7632402,6.6595608,3,,,POINT (6.6595608 49.7632402),133.0,0.010528883670463035
49.7644071,6.6432045,3,,,POINT (6.6432045 49.7644071),131.0,0.0060985126681823675
49.765861,6.6458578,3,,,POINT (6.6458578 49.765861),132.0,0.005607279717203987
49.7657326,6.645642,3,,,POINT (6.645642 49.7657326),132.0,0.005663483637192869
49.7980123,6.6835767,3,,,POINT (6.6835767 49.7980123),132.0,0.0090517149093404
49.7417795,6.6105868,3,,,POINT (6.6105868 49.7417795),138.0,0.01591979936308124
49.7738162,6.681227,1,turning_circle,,POINT (6.681227 49.7738162),130.0,0.0035980118185522307
49.7406445,6.6729497,3,,,POINT (6.6729497 49.7406445),176.0,0.03487967222651271
49.773426,6.6701373,3,motorway_junction,1,POINT (6.6701373 49.773426),130.0,0.0020710149746145574
49.7574803,6.6447509,1,,,POINT (6.6447509 49.7574803),137.0,0.013086483128786639
49.7647644,6.669462,1,,,POINT (6.669462 49.7647644),154.0,0.010509920183757617
49.7586136,6.6415715,2,crossing,,POINT (6.6415715 49.7586136),141.0,0.010514390912432336
49.7125881,6.5706794,3,,,POINT (6.5706794 49.7125881),161.0,0.007185656691705716
49.7805698,6.6782916,3,,,POINT (6.6782916 49.7805698),132.0,0.003472509805752126
49.7616008,6.6384379,3,,,POINT (6.6384379 49.7616008),134.0,0.006268572397441343
49.7417929,6.6684357,3,,,POINT (6.6684357 49.7417929),162.0,0.033061079985682196
49.7410914,6.6687798,1,,,POINT (6.6687798 49.7410914),167.0,0.03380597164921818
49.7248839,6.6352729,3,,,POINT (6.6352729 49.7248839),195.0,0.012556936187223557
49.7240105,6.6315128,3,,,POINT (6.6315128 49.7240105),183.0,0.009942643719155373
49.7246901,6.6329765,3,,,POINT (6.6329765 49.7246901),193.0,0.01075061093488504
49.7240818,6.6352809,3,,,POINT (6.6352809 49.7240818),206.0,0.012990390418305764
49.723895,6.635214,3,,,POINT (6.635214 49.723895),214.0,0.013039594152045116
49.7237296,6.6367911,3,,,POINT (6.6367911 49.7237296),219.0,0.01445302227840401
49.7390478,6.6160902,3,,,POINT (6.6160902 49.7390478),132.0,0.010824851065584765
49.7388651,6.6161267,3,,,POINT (6.6161267 49.7388651),132.0,0.010739905884128733
49.7390551,6.6163719,3,,,POINT (6.6163719 49.7390551),132.0,0.010545275251881713
49.7957758,6.7142677,3,,,POINT (6.7142677 49.7957758),230.0,0.011001949936715648
49.7445498,6.630032,3,,,POINT (6.630032 49.7445498),134.0,0.0037202300609965985
49.7336307,6.6510854,3,,,POINT (6.6510854 49.7336307),210.0,0.02456122358912812
49.7336566,6.651556,3,,,POINT (6.651556 49.7336566),212.0,0.025019664745878023
49.7244204,6.631487,3,,,POINT (6.631487 49.7244204),183.0,0.009686119617859201
49.720371,6.5926106,3,,,POINT (6.5926106 49.720371),134.0,0.006942172685840938
49.7198966,6.5913976,3,,,POINT (6.5913976 49.7198966),133.0,0.00691423126590255
49.7210861,6.5877568,3,,,POINT (6.5877568 49.7210861),134.0,0.009293619568822322
49.7213597,6.5892917,3,,,POINT (6.5892917 49.7213597),134.0,0.009015473548036479
49.7219012,6.5894405,3,,,POINT (6.5894405 49.7219012),135.0,0.009472071663618548
49.721409,6.5895143,3,,,POINT (6.5895143 49.721409),134.0,0.008984728897212402
49.7213629,6.5899725,3,,,POINT (6.5899725 49.7213629),133.0,0.008782975711662321
49.7214898,6.5894794,3,,,POINT (6.5894794 49.7214898),134.0,0.009072613221870234
49.7216947,6.5915772,1,,,POINT (6.5915772 49.7216947),133.0,0.008539199089876175
49.765408,6.6436039,3,,,POINT (6.6436039 49.765408),131.0,0.005316531163538091
49.7649497,6.6442389,3,,,POINT (6.6442389 49.7649497),132.0,0.005977317854484162
49.7510014,6.6225218,2,,,POINT (6.6225218 49.7510014),132.0,0.0035584595459263926
49.7509853,6.6232088,3,,,POINT (6.6232088 49.7509853),133.0,0.0028758505611389032
49.7509974,6.6226751,2,,,POINT (6.6226751 49.7509974),133.0,0.0034059261897459447
49.7473083,6.633269,2,crossing,,POINT (6.633269 49.7473083),140.0,0.007245251215049593
49.7471714,6.6330866,3,crossing,,POINT (6.6330866 49.7471714),140.0,0.007048821070088938
49.7341242,6.6315365,1,turning_circle,,POINT (6.6315365 49.7341242),136.0,0.005220489679140883
49.7491503,6.6408398,4,,,POINT (6.6408398 49.7491503),144.0,0.014825355783610921
49.748942,6.6407346,1,,,POINT (6.6407346 49.748942),144.0,0.014753993577456423
49.7493307,6.6408868,3,,,POINT (6.6408868 49.7493307),145.0,0.014843592006678036
49.7384192,6.6691381,1,,,POINT (6.6691381 49.7384192),204.0,0.036501738072745864
49.7216388,6.5914186,3,,,POINT (6.5914186 49.7216388),133.0,0.008541612503730357
49.7217184,6.5908844,1,,,POINT (6.5908844 49.7217184),133.0,0.008801087261862604
49.7216455,6.5909244,3,,,POINT (6.5909244 49.7216455),133.0,0.008718851055030478
49.7215948,6.5907723,1,,,POINT (6.5907723 49.7215948),133.0,0.008723894987097299
49.7232543,6.589664,1,turning_circle,,POINT (6.589664 49.7232543),135.0,0.010664325752827069
49.7706106,6.6504137,1,,,POINT (6.6504137 49.7706106),130.0,0.0019002375715511497
49.7510965,6.6402905,1,,,POINT (6.6402905 49.7510965),142.0,0.01401059247646094
49.7312662,6.6152634,1,turning_circle,,POINT (6.6152634 49.7312662),131.0,0.007000840160928642
49.7557692,6.6469261,3,,,POINT (6.6469261 49.7557692),138.0,0.015500426174044228
49.744815,6.7015853,3,,,POINT (6.7015853 49.744815),317.0,0.030706387224807497
49.8223098,6.7100479,3,,,POINT (6.7100479 49.8223098),129.0,0.0013375246463868664
49.814444,6.6962364,3,,,POINT (6.6962364 49.814444),128.0,0.01021816385545178
49.8135126,6.6940624,3,,,POINT (6.6940624 49.8135126),129.0,0.008385855309988895
49.8128972,6.6960133,1,turning_circle,,POINT (6.6960133 49.8128972),128.0,0.008777571104815245
49.8145094,6.6933809,4,,,POINT (6.6933809 49.8145094),134.0,0.009097476850754046
49.8141619,6.6943385,3,,,POINT (6.6943385 49.8141619),129.0,0.00909141441691333
49.8127885,6.6937494,3,,,POINT (6.6937494 49.8127885),128.0,0.007597046487291649
49.8098655,6.691867,3,,,POINT (6.691867 49.8098655),129.0,0.004216626179097489
49.8138121,6.6954285,3,,,POINT (6.6954285 49.8138121),128.0,0.009262111648000464
49.8127214,6.6937134,3,,,POINT (6.6937134 49.8127214),128.0,0.007521250441252185
49.8152392,6.6990182,3,,,POINT (6.6990182 49.8152392),128.0,0.007618658152002179
49.7664663,6.6458221,3,,,POINT (6.6458221 49.7664663),131.0,0.0050200921568089385
49.7668176,6.6449065,1,,,POINT (6.6449065 49.7668176),130.0,0.004405463247819653
49.8071904,6.6892302,1,,,POINT (6.6892302 49.8071904),130.0,0.0009446011313832769
49.8091928,6.6861634,1,,,POINT (6.6861634 49.8091928),130.0,0.002360363401514497
49.8092711,6.6858529,3,,,POINT (6.6858529 49.8092711),130.0,0.0023071965224765517
49.7585749,6.6443533,2,,,POINT (6.6443533 49.7585749),140.0,0.011939635982051196
49.7825138,6.6899328,3,,,POINT (6.6899328 49.7825138),132.0,0.0041772031716836
49.7824883,6.6898612,3,,,POINT (6.6898612 49.7824883),132.0,0.004158974988976353
49.7814235,6.6834986,3,,,POINT (6.6834986 49.7814235),132.0,0.0037012259347727157
49.7811046,6.68525,3,,,POINT (6.68525 49.7811046),130.0,0.00322906630621738
49.8094722,6.6856903,3,,,POINT (6.6856903 49.8094722),131.0,0.002423509695854371
49.809793,6.686689,3,,,POINT (6.686689 49.809793),128.0,0.0031099333503910296
49.7296405,6.6971817,1,turning_circle,,POINT (6.6971817 49.7296405),238.0,0.04399825032612092
49.7296526,6.6979591,3,,,POINT (6.6979591 49.7296526),239.0,0.043253668755493774
49.7979208,6.684168,3,,,POINT (6.684168 49.7979208),129.0,0.008983398281245386
49.7792624,6.6868438,1,,,POINT (6.6868438 49.7792624),131.0,0.0012498988910435746
49.772181,6.6106071,3,,,POINT (6.6106071 49.772181),301.0,0.021449039683167102
49.7723367,6.6021364,3,,,POINT (6.6021364 49.7723367),336.0,0.028940905140127482
49.7722122,6.602861,4,,,POINT (6.602861 49.7722122),334.0,0.02824052640054556
49.7719272,6.6049605,3,,,POINT (6.6049605 49.7719272),332.0,0.026255886596907405
49.7728384,6.5992698,3,,,POINT (6.5992698 49.7728384),352.0,0.031731110025649475
49.772512,6.6011223,3,,,POINT (6.6011223 49.772512),343.0,0.0299243879965808
49.7732495,6.5968658,3,,,POINT (6.5968658 49.7732495),362.0,0.034082509387806395
49.727824,6.6339232,4,,,POINT (6.6339232 49.727824),175.0,0.009936233337093042
49.7666236,6.6451345,3,,,POINT (6.6451345 49.7666236),130.0,0.004659926731162005
49.7662721,6.6444923,3,,,POINT (6.6444923 49.7662721),131.0,0.004798046361764665
49.7276232,6.6168504,3,,,POINT (6.6168504 49.7276232),133.0,0.0035050901730802803
49.8074433,6.6851042,3,mini_roundabout,,POINT (6.6851042 49.8074433),130.0,0.0003326192644174416
49.8101956,6.6814322,3,,,POINT (6.6814322 49.8101956),140.0,0.0012232861058777222
49.813021,6.6767324,3,,,POINT (6.6767324 49.813021),141.0,0.0009761355746019937
49.724438,6.6949685,3,,,POINT (6.6949685 49.724438),246.0,0.04785642617413132
49.7514492,6.6393492,2,,,POINT (6.6393492 49.7514492),142.0,0.01303135895119281
49.7664619,6.6448391,3,,,POINT (6.6448391 49.7664619),131.0,0.004723474953626482
49.7436605,6.6554153,4,,,POINT (6.6554153 49.7436605),161.0,0.028745994197106696
49.7436612,6.6555423,3,,,POINT (6.6555423 49.7436612),161.0,0.028871645708894483
49.7408753,6.672555,3,,,POINT (6.672555 49.7408753),178.0,0.034591532136776106
49.7410655,6.6724369,3,,,POINT (6.6724369 49.7410655),178.0,0.03438558417214297
49.7407044,6.6728958,3,,,POINT (6.6728958 49.7407044),176.0,0.03481227201732716
49.7410593,6.6720011,3,,,POINT (6.6720011 49.7410593),174.0,0.03432543712771598
49.7410699,6.6725984,3,,,POINT (6.6725984 49.7410699),178.0,0.034405795701460844
49.756058,6.6295436,1,,,POINT (6.6295436 49.756058),132.0,0.0023434912015329913
49.7584688,6.6804606,4,,,POINT (6.6804606 49.7584688),193.0,0.018725892386013826
49.7568331,6.680981,3,,,POINT (6.680981 49.7568331),202.0,0.020413789370538945
49.755352,6.6819313,3,,,POINT (6.6819313 49.755352),230.0,0.02200309659817317
49.7351269,6.6585701,1,turning_circle,,POINT (6.6585701 49.7351269),240.0,0.03174759859028703
49.7317406,6.6547889,1,turning_circle,,POINT (6.6547889 49.7317406),242.0,0.02854238484096828
49.7544962,6.6997587,3,,,POINT (6.6997587 49.7544962),288.0,0.024946113355795295
49.8098441,6.6851345,3,,,POINT (6.6851345 49.8098441),130.0,0.0025074795145081804
49.8168528,6.6949269,1,turning_circle,,POINT (6.6949269 49.8168528),142.0,0.011788344671751253
49.8235586,6.7063164,3,,,POINT (6.7063164 49.8235586),146.0,0.004177426180073688
49.758581,6.6504631,3,,,POINT (6.6504631 49.758581),137.0,0.013747268858530833
49.7345278,6.6498598,1,turning_circle,,POINT (6.6498598 49.7345278),191.0,0.02319639779901028
49.7239895,6.6287228,3,,,POINT (6.6287228 49.7239895),176.0,0.007736017023647708
49.7244278,6.629369,3,,,POINT (6.629369 49.7244278),176.0,0.007955873370658761
49.7245012,6.6294925,3,,,POINT (6.6294925 49.7245012),173.0,0.008010039446842705
49.7225343,6.6201599,3,,,POINT (6.6201599 49.7225343),143.0,0.0023473485169449434
49.7226128,6.6201666,4,,,POINT (6.6201666 49.7226128),143.0,0.002297024205358214
49.722618,6.620074,4,,,POINT (6.620074 49.722618),143.0,0.002227434919365887
49.7226449,6.6203597,3,,,POINT (6.6203597 49.7226449),143.0,0.0024174276618938798
49.7227151,6.6201451,3,,,POINT (6.6201451 49.7227151),138.0,0.002211459104498316
49.7617476,6.6547339,3,traffic_signals,,POINT (6.6547339 49.7617476),132.0,0.011303171023072257
49.8174395,6.6978869,3,,,POINT (6.6978869 49.8174395),129.0,0.008905106580149058
49.8176461,6.6982068,3,,,POINT (6.6982068 49.8176461),129.0,0.00861063806902943
49.8089158,6.6828552,2,,,POINT (6.6828552 49.8089158),127.0,0.0006331840325671111
49.750927,6.6849827,4,,,POINT (6.6849827 49.750927),256.0,0.026772810139938708
49.7457869,6.6332562,3,,,POINT (6.6332562 49.7457869),138.0,0.007064108379506283
49.7454874,6.6332127,3,,,POINT (6.6332127 49.7454874),137.0,0.006987710878193775
49.758506,6.6386598,3,,,POINT (6.6386598 49.758506),134.0,0.008927866855853844
49.7585712,6.6388979,3,traffic_signals,,POINT (6.6388979 49.7585712),134.0,0.009012993643072172
49.7302897,6.6276903,3,,,POINT (6.6276903 49.7302897),136.0,0.0032949075634661987
49.730367,6.6276404,4,,,POINT (6.6276404 49.730367),136.0,0.003213520902637101
49.7304553,6.6279511,3,,,POINT (6.6279511 49.7304553),136.0,0.00344104085460043
49.7304924,6.6281981,3,,,POINT (6.6281981 49.7304924),136.0,0.0036381390156949773
49.7305342,6.6274629,3,,,POINT (6.6274629 49.7305342),136.0,0.0029768475103779577
49.7305776,6.6271142,3,,,POINT (6.6271142 49.7305776),134.0,0.0026516451058412036
49.7306607,6.6271002,3,,,POINT (6.6271002 49.7306607),133.0,0.0025987056279115585
49.7306651,6.6265885,3,,,POINT (6.6265885 49.7306651),130.0,0.002150550886180507
49.7307897,6.6266383,3,,,POINT (6.6266383 49.7307897),130.0,0.002132875469107883
49.7531883,6.6758104,2,,,POINT (6.6758104 49.7531883),252.0,0.02296681624257486
49.740617,6.6186237,3,,,POINT (6.6186237 49.740617),132.0,0.008099408588805854
49.7406739,6.6185098,3,,,POINT (6.6185098 49.7406739),132.0,0.008205036459216934
49.7549636,6.6788887,1,,,POINT (6.6788887 49.7549636),230.0,0.021871727902243253
49.7552935,6.6789639,3,,,POINT (6.6789639 49.7552935),224.0,0.021565301426950942
49.7554238,6.6790717,3,,,POINT (6.6790717 49.7554238),224.0,0.021460846811306823
49.7329686,6.6969033,3,,,POINT (6.6969033 49.7329686),257.0,0.04199805541260391
49.7329674,6.697292,3,,,POINT (6.697292 49.7329674),257.0,0.041724737289647776
49.733714,6.6980459,3,,,POINT (6.6980459 49.733714),259.0,0.040663772817092846
49.7343105,6.698495,3,,,POINT (6.698495 49.7343105),261.0,0.03992392763068431
49.7343651,6.6941206,3,,,POINT (6.6941206 49.7343651),266.0,0.04308206085437685
49.7343467,6.6983946,3,,,POINT (6.6983946 49.7343467),261.0,0.03996909581188824
49.7344767,6.6987223,3,,,POINT (6.6987223 49.7344767),261.0,0.03964586178720291
49.7351027,6.6990678,3,,,POINT (6.6990678 49.7351027),265.0,0.03895847440673431
49.7356397,6.6995035,3,,,POINT (6.6995035 49.7356397),267.0,0.03827076226847478
49.7358862,6.6987433,1,,,POINT (6.6987433 49.7358862),266.0,0.03864211100082289
49.7361317,6.6998497,3,,,POINT (6.6998497 49.7361317),269.0,0.03767843830428803
49.7363761,6.6991469,1,,,POINT (6.6991469 49.7363761),268.0,0.03801177438649839
49.73652,6.7001447,3,,,POINT (6.7001447 49.73652),271.0,0.037195669030145935
49.7369309,6.6978192,3,,,POINT (6.6978192 49.7369309),273.0,0.03861069026293434
49.7372035,6.6975859,3,,,POINT (6.6975859 49.7372035),273.0,0.038604885980535006
49.7380313,6.6994605,3,,,POINT (6.6994605 49.7380313),281.0,0.03665446442235861
49.7382186,6.6980858,3,,,POINT (6.6980858 49.7382186),281.0,0.03756248448085275
49.7382361,6.6984487,3,,,POINT (6.6984487 49.7382361),282.0,0.037276053115773866
49.7383049,6.6980189,3,,,POINT (6.6980189 49.7383049),281.0,0.037557173885697494
49.7383457,6.6984885,3,,,POINT (6.6984885 49.7383457),282.0,0.03717425524216891
49.738423,6.6980723,3,,,POINT (6.6980723 49.738423),281.0,0.03743980056153503
49.7384527,6.698381,3,,,POINT (6.698381 49.7384527),282.0,0.03718599434545083
49.7384776,6.6982372,3,,,POINT (6.6982372 49.7384776),282.0,0.03727903067549564
49.7388234,6.6976489,3,,,POINT (6.6976489 49.7388234),283.0,0.037503015278238815
49.740997,6.6941947,3,,,POINT (6.6941947 49.740997),277.0,0.03755766100477349
49.7411861,6.6946017,4,,,POINT (6.6946017 49.7411861),277.0,0.03741011695684495
49.7412508,6.6945275,4,,,POINT (6.6945275 49.7412508),277.0,0.037338335879671676
49.7412945,6.6948584,3,,,POINT (6.6948584 49.7412945),277.0,0.0373278725767526
49.7413841,6.6949509,3,,,POINT (6.6949509 49.7413841),276.0,0.03724794980062926
49.7413955,6.6943593,3,,,POINT (6.6943593 49.7413955),276.0,0.03717757435874046
49.7409719,6.6948667,3,,,POINT (6.6948667 49.7409719),277.0,0.03764969072176153
49.7340894,6.7049875,3,,,POINT (6.7049875 49.7340894),276.0,0.03526789422931301
49.734332,6.7051363,3,,,POINT (6.7051363 49.734332),283.0,0.035064034652189706
49.7343779,6.7053428,3,crossing,,POINT (6.7053428 49.7343779),283.0,0.03485257113973117
49.7344421,6.7054656,3,,,POINT (6.7054656 49.7344421),283.0,0.03471786027695209
49.7344767,6.7053736,5,,,POINT (6.7053736 49.7344767),283.0,0.03479878127880354
49.724223,6.7115508,3,,,POINT (6.7115508 49.724223),378.0,0.033220548855488544
49.7243166,6.7116541,3,,,POINT (6.7116541 49.7243166),378.0,0.033082934085869084
49.7243583,6.7113642,3,,,POINT (6.7113642 49.7243583),378.0,0.03330395970706835
49.7323141,6.7109258,3,,,POINT (6.7109258 49.7323141),307.0,0.030126958280748437
49.7332079,6.7093373,3,,,POINT (6.7093373 49.7332079),298.0,0.031333385048540795
49.7362198,6.703792,3,,,POINT (6.703792 49.7362198),270.0,0.03489946894066028
49.7364956,6.703761,3,,,POINT (6.703761 49.7364956),269.0,0.034714056141284505
49.7365277,6.7043469,3,,,POINT (6.7043469 49.7365277),274.0,0.03430183330960554
49.7365285,6.7041284,3,,,POINT (6.7041284 49.7365285),269.0,0.03444539424843633
49.7715063,6.6128509,3,,,POINT (6.6128509 49.7715063),297.0,0.01919720480955459
49.7176943,6.6278164,3,,,POINT (6.6278164 49.7176943),225.0,0.01113447638867885
49.7192935,6.6284696,3,,,POINT (6.6284696 49.7192935),217.0,0.010458814742121311
49.7231232,6.6986735,1,,,POINT (6.6986735 49.7231232),254.0,0.04500485605309628
49.7434176,6.6880351,3,,,POINT (6.6880351 49.7434176),267.0,0.03455520499062012
49.7679586,6.6672976,1,turning_circle,,POINT (6.6672976 49.7679586),137.0,0.007023718454518215
49.7435881,6.6188304,3,,,POINT (6.6188304 49.7435881),132.0,0.007516456402863392
49.7435725,6.6173447,3,,,POINT (6.6173447 49.7435725),131.0,0.008994746820315317
49.7433208,6.6171628,3,,,POINT (6.6171628 49.7433208),131.0,0.009203400046749641
49.7430827,6.6168956,3,,,POINT (6.6168956 49.7430827),131.0,0.009495943785111434
49.7434498,6.6187479,3,,,POINT (6.6187479 49.7434498),132.0,0.007613763629833422
49.7437116,6.6545451,4,,,POINT (6.6545451 49.7437116),159.0,0.027893469915736855
49.7436367,6.6550578,3,,,POINT (6.6550578 49.7436367),161.0,0.028388996514131796
49.7436847,6.6546497,3,,,POINT (6.6546497 49.7436847),159.0,0.027992812911981236
49.7438087,6.6544791,3,,,POINT (6.6544791 49.7438087),159.0,0.02784287812602046
49.7441035,6.6538364,3,,,POINT (6.6538364 49.7441035),160.0,0.02725202318963163
49.7430263,6.6858673,3,,,POINT (6.6858673 49.7430263),259.0,0.03472287015472971
49.7432205,6.6854974,4,,,POINT (6.6854974 49.7432205),257.0,0.03448810301757899
49.7434709,6.6852665,3,,,POINT (6.6852665 49.7434709),257.0,0.034210520323826286
49.7372224,6.6902556,3,,,POINT (6.6902556 49.7372224),273.0,0.0409262726201994
49.7352331,6.6943972,3,,,POINT (6.6943972 49.7352331),269.0,0.042306087008444244
49.7376273,6.6909153,4,,,POINT (6.6909153 49.7376273),274.0,0.040583544313056656
49.7347717,6.6932528,3,,,POINT (6.6932528 49.7347717),265.0,0.043475798612327726
49.7371042,6.6899483,3,,,POINT (6.6899483 49.7371042),273.0,0.04101611269085752
49.7376517,6.6908572,3,,,POINT (6.6908572 49.7376517),274.0,0.040553694582118605
49.7372674,6.690196,4,,,POINT (6.690196 49.7372674),273.0,0.04087605226858085
49.7337246,6.6920552,3,,,POINT (6.6920552 49.7337246),261.0,0.04458027687736954
49.7352603,6.6944277,3,,,POINT (6.6944277 49.7352603),269.0,0.04226522859261784
49.7377464,6.6910212,3,,,POINT (6.6910212 49.7377464),276.0,0.04047537754499515
49.7351972,6.694357,3,,,POINT (6.694357 49.7351972),269.0,0.04235997193948827
49.7364871,6.6904043,1,turning_circle,,POINT (6.6904043 49.7364871),272.0,0.04167202915706846
49.734848,6.6951062,3,,,POINT (6.6951062 49.734848),266.0,0.04202246346717607
49.7342261,6.6924649,3,,,POINT (6.6924649 49.7342261),261.0,0.044122161403571045
49.7423574,6.6694038,3,,,POINT (6.6694038 49.7423574),171.0,0.032647447436196846
49.7261147,6.6307271,3,,,POINT (6.6307271 49.7261147),168.0,0.008091002283204897
49.7260424,6.6315617,3,,,POINT (6.6315617 49.7260424),176.0,0.008815768510621186
49.7262396,6.6305561,3,,,POINT (6.6305561 49.7262396),168.0,0.007879283962985118
49.7257744,6.631173,3,,,POINT (6.631173 49.7257744),172.0,0.008651470168416709
49.7260499,6.6311946,3,,,POINT (6.6311946 49.7260499),172.0,0.008510935109074884
49.726183,6.6311334,3,,,POINT (6.6311334 49.726183),172.0,0.008384395286900005
49.726068,6.6309229,3,,,POINT (6.6309229 49.726068),172.0,0.008278113349385921
49.7258819,6.6310637,3,,,POINT (6.6310637 49.7258819),172.0,0.008500255225618904
49.7203158,6.6218309,3,,,POINT (6.6218309 49.7203158),176.0,0.005101926990912644
49.7261338,6.631203,3,,,POINT (6.631203 49.7261338),172.0,0.008469628531146838
49.743148,6.6409142,3,,,POINT (6.6409142 49.743148),160.0,0.014331444417213561
49.7542278,6.6362779,3,,,POINT (6.6362779 49.7542278),139.0,0.009320523042631666
49.8082775,6.6837375,2,,,POINT (6.6837375 49.8082775),129.0,0.0004598103629705315
49.8079264,6.6841686,2,,,POINT (6.6841686 49.8079264),132.0,0.0003625764327229695
49.7676249,6.6641257,3,,,POINT (6.6641257 49.7676249),134.0,0.006875333073372787
49.7677583,6.6642218,3,,,POINT (6.6642218 49.7677583),134.0,0.00675771744707557
49.7491941,6.6408919,4,,,POINT (6.6408919 49.7491941),144.0,0.014869972394115734
49.7492172,6.6405453,3,,,POINT (6.6405453 49.7492172),144.0,0.014524019951282604
49.7653809,6.6540536,4,,,POINT (6.6540536 49.7653809),134.0,0.007610765168311501
49.7652948,6.6542445,3,,,POINT (6.6542445 49.7652948),134.0,0.007722372270576465
49.7576009,6.6502443,4,,,POINT (6.6502443 49.7576009),137.0,0.014672909567120114
49.7277762,6.6834949,1,turning_circle,,POINT (6.6834949 49.7277762),255.0,0.04941737796398848
49.735557,6.7088267,3,,,POINT (6.7088267 49.735557),303.0,0.03118792801726325
49.7328777,6.6922295,1,,,POINT (6.6922295 49.7328777),261.0,0.04544034247288589
49.7260623,6.6861471,3,,,POINT (6.6861471 49.7260623),250.0,0.05159076430050851
49.7242527,6.6852787,3,,,POINT (6.6852787 49.7242527),244.0,0.053239178046328495
49.7272558,6.6855317,3,,,POINT (6.6855317 49.7272558),251.0,0.05032903803304499
49.7270132,6.6855471,3,,,POINT (6.6855471 49.7270132),254.0,0.05057163837095717
49.7226477,6.6821154,3,,,POINT (6.6821154 49.7226477),248.0,0.05414762804407894
49.7269282,6.6855502,3,,,POINT (6.6855502 49.7269282),254.0,0.05065634825002964
49.7258032,6.6834986,4,,,POINT (6.6834986 49.7258032),263.0,0.051346221754833575
49.7270111,6.6857779,3,,,POINT (6.6857779 49.7270111),254.0,0.050602900791605517
49.7237371,6.6867162,1,,,POINT (6.6867162 49.7237371),224.0,0.05396925620601402
49.7252278,6.6843346,4,,,POINT (6.6843346 49.7252278),255.0,0.05208593160325917
49.724553,6.6869085,3,,,POINT (6.6869085 49.724553),234.0,0.053184214866700864
49.72428,6.6858846,4,,,POINT (6.6858846 49.72428),239.0,0.053325576054991684
49.7239477,6.6848189,3,,,POINT (6.6848189 49.7239477),243.0,0.05343965165014329
49.7270772,6.6857114,3,,,POINT (6.6857114 49.7270772),254.0,0.0505289238084494
49.7307641,6.6856186,3,,,POINT (6.6856186 49.7307641),194.0,0.04685987525457572
49.7306629,6.6856849,3,,,POINT (6.6856849 49.7306629),194.0,0.04696864530854275
49.7305372,6.6857184,3,,,POINT (6.6857184 49.7305372),193.0,0.047097571979318416
49.7244737,6.6951255,3,,,POINT (6.6951255 49.7244737),246.0,0.04769763819320803
49.7251259,6.6976154,3,,,POINT (6.6976154 49.7251259),235.0,0.045148093843483214
49.7627179,6.6839696,1,,,POINT (6.6839696 49.7627179),267.0,0.014942839291055218
49.7485684,6.6447708,2,,,POINT (6.6447708 49.7485684),149.0,0.018798995518107875
49.7227492,6.5886198,3,,,POINT (6.5886198 49.7227492),135.0,0.010551614557843704
49.7229456,6.5879862,3,,,POINT (6.5879862 49.7229456),134.0,0.010955062830669727
49.7228907,6.5877863,3,,,POINT (6.5877863 49.7228907),134.0,0.010972700881206793
49.7230506,6.5880361,3,,,POINT (6.5880361 49.7230506),134.0,0.011036319410765104
49.7324137,6.6080028,3,,,POINT (6.6080028 49.7324137),133.0,0.013215000895021423
49.7882622,6.7214186,1,turning_circle,,POINT (6.7214186 49.7882622),211.0,0.00961981051216632
49.7755138,6.6798518,3,,,POINT (6.6798518 49.7755138),129.0,0.001740171500814118
49.7439562,6.6190974,3,,,POINT (6.6190974 49.7439562),132.0,0.007210337028147639
49.7311853,6.605064,3,,,POINT (6.605064 49.7311853),134.0,0.013458484256422107
49.7320556,6.6060641,1,,,POINT (6.6060641 49.7320556),133.0,0.013902555348599454
49.734702,6.6095436,3,,,POINT (6.6095436 49.734702),131.0,0.01362238943614155
49.7332651,6.6058342,3,,,POINT (6.6058342 49.7332651),133.0,0.01509100795081955
49.7326847,6.6068916,3,,,POINT (6.6068916 49.7326847),133.0,0.014073938251103374
49.7686578,6.6448289,3,,,POINT (6.6448289 49.7686578),131.0,0.0026297935094700088
49.8092211,6.6878126,3,,,POINT (6.6878126 49.8092211),129.0,0.0028897370763832065
49.7308713,6.6057129,4,,,POINT (6.6057129 49.7308713),135.0,0.012937526285832727
49.7308256,6.6059544,3,,,POINT (6.6059544 49.7308256),135.0,0.012810316958682812
49.7308454,6.6056783,4,,,POINT (6.6056783 49.7308454),135.0,0.012925349787350712
49.7306945,6.6057876,3,,,POINT (6.6057876 49.7306945),135.0,0.01274576879047085
49.7306469,6.6054206,3,,,POINT (6.6054206 49.7306469),134.0,0.012829414981530701
49.7310101,6.6053092,3,,,POINT (6.6053092 49.7310101),134.0,0.013208645953820297
49.7310522,6.605391,3,,,POINT (6.605391 49.7310522),134.0,0.01321950748486878
49.7311413,6.6060774,3,,,POINT (6.6060774 49.7311413),134.0,0.01306313312121026
49.7519447,6.6243829,3,,,POINT (6.6243829 49.7519447),134.0,0.0018660369734207754
49.7521222,6.624347,3,,,POINT (6.624347 49.7521222),134.0,0.0019292294945085732
49.7982201,6.6893807,3,,,POINT (6.6893807 49.7982201),129.0,0.005930164497717096
49.7985354,6.6897787,3,,,POINT (6.6897787 49.7985354),129.0,0.005447711392430505
49.7986147,6.6898216,3,,,POINT (6.6898216 49.7986147),129.0,0.0053578164502163395
49.7985388,6.6893886,4,,,POINT (6.6893886 49.7985388),129.0,0.005664824534791453
49.798627,6.6893938,4,,,POINT (6.6893938 49.798627),129.0,0.005590587279523444
49.7865726,6.6893864,2,,,POINT (6.6893864 49.7865726),129.0,0.008270268203787803
49.7920086,6.6902742,3,,,POINT (6.6902742 49.7920086),129.0,0.011190910974023138
49.7918276,6.6877636,4,,,POINT (6.6877636 49.7918276),129.0,0.012268459181575491
49.7308381,6.6057269,4,,,POINT (6.6057269 49.7308381),135.0,0.012901527091579117
49.7224461,6.6315432,3,,,POINT (6.6315432 49.7224461),211.0,0.010890329875627058
49.7648018,6.6394557,1,,,POINT (6.6394557 49.7648018),131.0,0.004108114274283343
49.7758126,6.68163,2,,,POINT (6.68163 49.7758126),130.0,0.0016679277554554213
49.7759312,6.6823067,3,,,POINT (6.6823067 49.7759312),128.0,0.0016263184940206457
49.7678482,6.6393728,1,,,POINT (6.6393728 49.7678482),130.0,0.0014185485489651196
49.7392762,6.629507,3,traffic_signals,,POINT (6.629507 49.7392762),134.0,0.0025063324813652133
49.7430915,6.6184576,3,,,POINT (6.6184576 49.7430915),131.0,0.007945594362320911
49.7429413,6.6183052,3,,,POINT (6.6183052 49.7429413),131.0,0.008116061060458582
49.7785492,6.6636566,3,,,POINT (6.6636566 49.7785492),142.0,0.0039971562937996695
49.7787427,6.6636821,3,,,POINT (6.6636821 49.7787427),145.0,0.004184707909911605
49.779321,6.6645449,3,,,POINT (6.6645449 49.779321),142.0,0.004625143318303424
49.7872293,6.6757024,3,,,POINT (6.6757024 49.7872293),147.0,0.0104236643131337
49.7818246,6.6716721,1,,,POINT (6.6716721 49.7818246),134.0,0.005908937667543713
49.8193062,6.7048154,1,,,POINT (6.7048154 49.8193062),131.0,0.002646072939547133
49.7259991,6.6379292,3,,,POINT (6.6379292 49.7259991),193.0,0.014322461400732492
49.7260756,6.6377089,3,,,POINT (6.6377089 49.7260756),192.0,0.01409294625240076
49.7276336,6.6543487,3,,,POINT (6.6543487 49.7276336),257.0,0.028933703509403608
49.7272261,6.6545606,3,,,POINT (6.6545606 49.7272261),259.0,0.02924823082940212
49.727338,6.6547387,3,,,POINT (6.6547387 49.727338),259.0,0.029388804379389122
49.7272903,6.6548328,3,,,POINT (6.6548328 49.7272903),259.0,0.02949233253254239
49.7417659,6.6452538,4,,,POINT (6.6452538 49.7417659),164.0,0.018417810389944857
49.7419037,6.6453373,3,,,POINT (6.6453373 49.7419037),165.0,0.018519381379786176
49.7417789,6.6451582,4,,,POINT (6.6451582 49.7417789),164.0,0.018324819036486528
49.7417307,6.6452094,4,,,POINT (6.6452094 49.7417307),163.0,0.018369132048084328
49.7415765,6.6445909,3,,,POINT (6.6445909 49.7415765),163.0,0.01773583883017599
49.7409909,6.6462598,4,,,POINT (6.6462598 49.7409909),166.0,0.019332431729091614
49.7408438,6.6460699,3,,,POINT (6.6460699 49.7408438),165.0,0.019130885826327295
49.7410268,6.6461629,4,,,POINT (6.6461629 49.7410268),166.0,0.019239076612457023
49.7409277,6.6459929,3,,,POINT (6.6459929 49.7409277),166.0,0.01906108366410472
49.7412627,6.6457468,3,,,POINT (6.6457468 49.7412627),164.0,0.018847687471941918
49.7410711,6.6463483,4,,,POINT (6.6463483 49.7410711),166.0,0.01942771322647021
49.7407557,6.6474004,3,,,POINT (6.6474004 49.7407557),168.0,0.020450940403805486
49.7408168,6.6474336,4,,,POINT (6.6474336 49.7408168),168.0,0.020488467544694168
49.7406075,6.6478651,3,,,POINT (6.6478651 49.7406075),168.0,0.020904760570022815
49.7296662,6.6506526,3,,,POINT (6.6506526 49.7296662),247.0,0.024849508933579786
49.7296717,6.6525268,3,,,POINT (6.6525268 49.7296717),243.0,0.02667672763384004
49.7297458,6.6524772,3,,,POINT (6.6524772 49.7297458),243.0,0.02661262490849009
49.729702,6.6523645,3,,,POINT (6.6523645 49.729702),243.0,0.02651169305287758
49.7300128,6.6527313,3,,,POINT (6.6527313 49.7300128),242.0,0.02680695563114298
49.7297336,6.652797,4,,,POINT (6.652797 49.7297336),243.0,0.026927933931142577
49.7294419,6.6529311,3,,,POINT (6.6529311 49.7294419),245.0,0.02712089532777376
49.795104,6.716075,1,,,POINT (6.716075 49.795104),243.0,0.01249687898440699
49.7216109,6.6313565,3,,,POINT (6.6313565 49.7216109),218.0,0.011274621672143418
49.7230396,6.6318134,3,,,POINT (6.6318134 49.7230396),204.0,0.01074666493243232
49.7227071,6.6298543,3,,,POINT (6.6298543 49.7227071),188.0,0.009415399885824306
49.772013,6.6026229,3,,,POINT (6.6026229 49.772013),336.0,0.028360275789384905
49.7431673,6.6183746,3,,,POINT (6.6183746 49.7431673),131.0,0.00801814639425542
49.7431687,6.6182047,3,,,POINT (6.6182047 49.7431687),131.0,0.00818645264533886
49.7429836,6.6184338,3,,,POINT (6.6184338 49.7429836),131.0,0.00798308587891853
49.736878,6.6145286,3,,,POINT (6.6145286 49.736878),133.0,0.010877277883257366
49.7370545,6.6134014,5,,,POINT (6.6134014 49.7370545),133.0,0.011906175855202305
49.7370333,6.6136429,3,,,POINT (6.6136429 49.7370333),133.0,0.011695148289002573
49.7372307,6.6131882,4,,,POINT (6.6131882 49.7372307),133.0,0.012181681714409278
49.7351869,6.611613,3,,,POINT (6.611613 49.7351869),132.0,0.012283676594449247
49.7270448,6.5997307,2,,,POINT (6.5997307 49.7270448),132.0,0.011165138689779072
49.7265969,6.600236,4,,,POINT (6.600236 49.7265969),133.0,0.010584852822280567
49.7266194,6.6001338,4,,,POINT (6.6001338 49.7266194),133.0,0.010637349627942447
49.7265542,6.6001554,4,,,POINT (6.6001554 49.7265542),133.0,0.01056866907118403
49.7264166,6.6004103,3,,,POINT (6.6004103 49.7264166),133.0,0.010360107598811888
49.7129571,6.5702964,3,,,POINT (6.5702964 49.7129571),164.0,0.007694603395957747
49.7131131,6.5703043,3,,,POINT (6.5703043 49.7131131),164.0,0.007826931490238713
49.7233825,6.588141,3,,,POINT (6.588141 49.7233825),134.0,0.011311442912627716
49.751702,6.621668,3,,,POINT (6.621668 49.751702),133.0,0.0045096730198844245
49.7518166,6.6221679,3,,,POINT (6.6221679 49.7518166),133.0,0.004033818242178059
49.7516991,6.6223365,1,,,POINT (6.6223365 49.7516991),133.0,0.0038489301729867716
49.7527603,6.6226402,3,,,POINT (6.6226402 49.7527603),134.0,0.00370602028314712
49.7539342,6.6226264,1,,,POINT (6.6226264 49.7539342),133.0,0.003872670305702486
49.7404848,6.6178284,2,,,POINT (6.6178284 49.7404848),132.0,0.008905109426122255
49.7406946,6.6181824,2,,,POINT (6.6181824 49.7406946),132.0,0.00852704793268625
49.7577627,6.6437607,3,,,POINT (6.6437607 49.7577627),141.0,0.012354049183507161
49.7577462,6.6436879,1,,,POINT (6.6436879 49.7577462),141.0,0.012332678378939773
49.7872819,6.6885572,3,,,POINT (6.6885572 49.7872819),129.0,0.009058769225542504
49.7619714,6.6547631,3,,,POINT (6.6547631 49.7619714),132.0,0.011085537397742125
49.8003262,6.6944772,3,,,POINT (6.6944772 49.8003262),128.0,0.0022507131714168366
49.7988126,6.6944923,3,,,POINT (6.6944923 49.7988126),129.0,0.003764307273589934
49.7986822,6.6872309,3,,,POINT (6.6872309 49.7986822),129.0,0.007037438171660787
49.8084874,6.6863323,3,,,POINT (6.6863323 49.8084874),130.0,0.0017591580744527895
49.8085391,6.6859112,4,,,POINT (6.6859112 49.8085391),130.0,0.001660429439901837
49.7595902,6.6261424,3,,,POINT (6.6261424 49.7595902),136.0,0.0017967789457792101
49.7595695,6.6260138,3,,,POINT (6.6260138 49.7595695),136.0,0.0019153996371502507
49.7596479,6.6259917,4,,,POINT (6.6259917 49.7596479),136.0,0.0019576171740137392
49.7509243,6.6160105,1,turning_circle,,POINT (6.6160105 49.7509243),139.0,0.010037709445747748
49.7395896,6.6034781,3,,,POINT (6.6034781 49.7395896),151.0,0.02141131368598834
49.7399085,6.605653,4,,,POINT (6.605653 49.7399085),148.0,0.01988289968980711
49.7680915,6.642474,3,,,POINT (6.642474 49.7680915),134.0,0.0024054031775440363
49.7722529,6.6449023,3,,,POINT (6.6449023 49.7722529),140.0,0.0007703844153248834
49.7721422,6.6449841,1,,,POINT (6.6449841 49.7721422),140.0,0.0006399633446756725
49.7394231,6.6089825,3,,,POINT (6.6089825 49.7394231),139.0,0.016885557839263998
49.7410412,6.6060776,3,,,POINT (6.6060776 49.7410412),153.0,0.02019072354373237
49.7404284,6.600667,3,,,POINT (6.600667 49.7404284),158.0,0.023626566550270477
49.7394013,6.6049044,3,,,POINT (6.6049044 49.7394013),149.0,0.020172341701073914
49.7437541,6.612715,3,,,POINT (6.612715 49.7437541),133.0,0.013575864791314275
49.7437145,6.6127895,4,,,POINT (6.6127895 49.7437145),133.0,0.013506208057624971
49.7439584,6.6162768,3,,,POINT (6.6162768 49.7439584),132.0,0.010013346744716056
49.7520515,6.6242928,3,,,POINT (6.6242928 49.7520515),134.0,0.0019717173316400917
49.752149,6.6244295,3,,,POINT (6.6244295 49.752149),134.0,0.0018519300856279226
49.7521394,6.6245374,3,,,POINT (6.6245374 49.7521394),134.0,0.0017438553234214668
49.752066,6.6246265,3,,,POINT (6.6246265 49.752066),134.0,0.0016443812559945698
49.7519844,6.6246057,3,,,POINT (6.6246057 49.7519844),134.0,0.0016521762321748384
49.7519368,6.62451,3,,,POINT (6.62451 49.7519368),134.0,0.0017392636342723894
49.7427209,6.6185888,3,,,POINT (6.6185888 49.7427209),131.0,0.007863191747950396
49.7378977,6.6967468,3,,,POINT (6.6967468 49.7378977),278.0,0.038789257855493815
49.7243318,6.6361968,1,,,POINT (6.6361968 49.7243318),208.0,0.013633219216677636
49.7588641,6.6312572,4,,,POINT (6.6312572 49.7588641),130.0,0.0030892435338940798
49.7727291,6.6762522,1,turning_circle,,POINT (6.6762522 49.7727291),132.0,0.003951374690461302
49.7883688,6.6756986,3,,,POINT (6.6756986 49.7883688),158.0,0.011548688330490902
49.7884841,6.6758177,3,,,POINT (6.6758177 49.7884841),158.0,0.011643141259805243
49.7904421,6.6769239,3,,,POINT (6.6769239 49.7904421),152.0,0.013438507789843462
49.7882328,6.6755582,1,,,POINT (6.6755582 49.7882328),155.0,0.011437264772845962
49.8093005,6.6825984,2,,,POINT (6.6825984 49.8093005),130.0,0.0008733920616885883
49.8098332,6.6817602,2,,,POINT (6.6817602 49.8098332),134.0,0.0009958033070467892
49.7369425,6.6985021,3,,,POINT (6.6985021 49.7369425),273.0,0.0380961037715173
49.7372047,6.698463,1,turning_circle,,POINT (6.698463 49.7372047),273.0,0.03794872809278463
49.8163983,6.703865,4,,,POINT (6.703865 49.8163983),128.0,0.0028475862462829806
49.7386813,6.6079784,3,,,POINT (6.6079784 49.7386813),139.0,0.017278648120451157
49.7440648,6.6452526,3,,,POINT (6.6452526 49.7440648),158.0,0.018751765763566124
49.7437588,6.6452215,4,,,POINT (6.6452215 49.7437588),161.0,0.018681534375092467
49.744708,6.6453237,2,,,POINT (6.6453237 49.744708),155.0,0.018905070743324807
49.7454804,6.6441281,3,,,POINT (6.6441281 49.7454804),148.0,0.017818845793201837
49.7455387,6.6439923,3,,,POINT (6.6439923 49.7455387),148.0,0.01769168034252955
49.7406011,6.5994228,1,,,POINT (6.5994228 49.7406011),164.0,0.02417059970736672
49.7385768,6.6108572,3,,,POINT (6.6108572 49.7385768),135.0,0.014865147410722214
49.7385166,6.6932387,3,,,POINT (6.6932387 49.7385166),275.0,0.03993028787562043
49.7566665,6.6381192,3,,,POINT (6.6381192 49.7566665),136.0,0.00984223831211462
49.7454702,6.6141359,1,,,POINT (6.6141359 49.7454702),132.0,0.011973741003270179
49.7544208,6.6225811,3,,,POINT (6.6225811 49.7544208),135.0,0.0039809915725539284
49.7542562,6.6234148,1,,,POINT (6.6234148 49.7542562),132.0,0.0031329514077222866
49.7520949,6.6232135,3,,,POINT (6.6232135 49.7520949),134.0,0.0030445427988788844
49.7617941,6.6705689,3,,,POINT (6.6705689 49.7617941),176.0,0.01361681131980154
49.7315444,6.6578088,1,,,POINT (6.6578088 49.7315444),249.0,0.03154887675629481
49.7587696,6.6316395,3,,,POINT (6.6316395 49.7587696),132.0,0.0034704941573718705
49.7590135,6.6315434,3,,,POINT (6.6315434 49.7590135),132.0,0.003269979973694121
49.7671798,6.6397749,3,,,POINT (6.6397749 49.7671798),132.0,0.002198453189300626
49.7516828,6.6244373,3,,,POINT (6.6244373 49.7516828),134.0,0.0017713846110483957
49.7522309,6.624149,3,,,POINT (6.624149 49.7522309),134.0,0.0021411001636887964
49.7519812,6.6249648,3,,,POINT (6.6249648 49.7519812),132.0,0.0012969865787782853
49.7523432,6.624501,3,,,POINT (6.624501 49.7523432),134.0,0.0018067349398772972
49.7422039,6.5625175,3,,,POINT (6.5625175 49.7422039),352.0,0.03734117891684451
49.7426798,6.5648604,3,,,POINT (6.5648604 49.7426798),358.0,0.036976101798650636
49.7434907,6.5650939,1,,,POINT (6.5650939 49.7434907),362.0,0.03766537155583376
49.7787579,6.699734,3,crossing,,POINT (6.699734 49.7787579),136.0,0.00160594198021623
49.7511374,6.6764798,3,,,POINT (6.6764798 49.7511374),251.0,0.025105995165502663
49.7175306,6.6309368,1,,,POINT (6.6309368 49.7175306),255.0,0.013480666752796041
49.71736,6.6308123,3,,,POINT (6.6308123 49.71736),254.0,0.013495636312897984
49.7163183,6.6302836,3,,,POINT (6.6302836 49.7163183),255.0,0.01381944802262601
49.7164551,6.6303737,1,,,POINT (6.6303737 49.7164551),256.0,0.013786396693844741
49.7163782,6.6300912,1,,,POINT (6.6300912 49.7163782),248.0,0.013641938666479256
49.7181879,6.6325593,3,,,POINT (6.6325593 49.7181879),249.0,0.014340596757700873
49.7175739,6.6324273,3,,,POINT (6.6324273 49.7175739),251.0,0.014618373498341929
49.7169743,6.6320668,3,,,POINT (6.6320668 49.7169743),255.0,0.014708190212601079
49.7164587,6.6315055,3,,,POINT (6.6315055 49.7164587),257.0,0.014610491060880634
49.7160586,6.6311171,3,,,POINT (6.6311171 49.7160586),258.0,0.014595782047224285
49.7640352,6.6455144,4,,,POINT (6.6455144 49.7640352),133.0,0.0072404107580828075
49.7640718,6.6452981,3,,,POINT (6.6452981 49.7640718),133.0,0.007139376913076565
49.7274892,6.616895,3,,,POINT (6.616895 49.7274892),132.0,0.003387350420513652
49.7274411,6.617133,3,,,POINT (6.617133 49.7274411),132.0,0.0031703240624045225
49.7275547,6.6170338,3,,,POINT (6.6170338 49.7275547),133.0,0.0033184686814850526
49.7285399,6.6149913,3,crossing,,POINT (6.6149913 49.7285399),132.0,0.005520630840231581
49.7288287,6.6148865,3,,,POINT (6.6148865 49.7288287),132.0,0.005792512905638538
49.7284151,6.6149591,3,,,POINT (6.6149591 49.7284151),132.0,0.00546045283871257
49.7138706,6.5863533,3,,,POINT (6.5863533 49.7138706),134.0,0.0030053415426945793
49.7383824,6.6106694,1,,,POINT (6.6106694 49.7383824),135.0,0.014907672856202772
49.7625392,6.6453411,2,,,POINT (6.6453411 49.7625392),134.0,0.00861161468987384
49.7613806,6.6716993,4,,,POINT (6.6716993 49.7613806),172.0,0.014209669308664994
49.7429958,6.6776541,1,,,POINT (6.6776541 49.7429958),201.0,0.03332472430643615
49.7613369,6.6716424,3,,,POINT (6.6716424 49.7613369),172.0,0.01424347194553105
49.7635025,6.6686016,3,,,POINT (6.6686016 49.7635025),154.0,0.011626296077993448
49.763459,6.6674047,3,,,POINT (6.6674047 49.763459),154.0,0.011487269777258231
49.7672711,6.6638839,2,,,POINT (6.6638839 49.7672711),133.0,0.007189215521680774
49.7527225,6.6762527,2,,,POINT (6.6762527 49.7527225),252.0,0.023506753216261854
49.7413467,6.6743503,3,,,POINT (6.6743503 49.7413467),190.0,0.03440735397865323
49.7445683,6.6926888,3,,,POINT (6.6926888 49.7445683),271.0,0.03385391996087005
49.7458883,6.6903143,3,,,POINT (6.6903143 49.7458883),264.0,0.03230357034258651
49.7459608,6.6902376,3,,,POINT (6.6902376 49.7459608),264.0,0.032223778733901615
49.7508685,6.6769451,2,,,POINT (6.6769451 49.7508685),254.0,0.025461650780143497
49.7499654,6.6773628,2,,,POINT (6.6773628 49.7499654),256.0,0.02643225037087806
49.7519444,6.6831703,3,,,POINT (6.6831703 49.7519444),256.0,0.025539996494676892
49.7518365,6.6835418,3,,,POINT (6.6835418 49.7518365),256.0,0.025693998201551195
49.7519522,6.6836644,3,,,POINT (6.6836644 49.7519522),255.0,0.025594726490637987
49.7536517,6.66601,2,,,POINT (6.66601 49.7536517),266.0,0.020973358396811907
49.7537881,6.6662338,2,,,POINT (6.6662338 49.7537881),267.0,0.02087177747968497
49.754345,6.6669393,3,,,POINT (6.6669393 49.754345),267.0,0.02042605290909034
49.7319006,6.6299871,3,,,POINT (6.6299871 49.7319006),137.0,0.00455036019987291
49.7392858,6.6292345,3,,,POINT (6.6292345 49.7392858),132.0,0.002233784613516183
49.738995,6.6293793,3,,,POINT (6.6293793 49.738995),132.0,0.002380152855415239
49.7390262,6.6293069,3,,,POINT (6.6293069 49.7390262),132.0,0.0023075854274983527
49.8281862,6.7064667,3,,,POINT (6.7064667 49.8281862),149.0,0.008121468633813335
49.8280774,6.7069756,3,,,POINT (6.7069756 49.8280774),149.0,0.007830899128882532
49.8279891,6.7064291,4,,,POINT (6.7064291 49.8279891),149.0,0.007955341120285056
49.8258134,6.7040952,3,,,POINT (6.7040952 49.8258134),158.0,0.007318674774163411
49.824075,6.7042611,3,,,POINT (6.7042611 49.824075),148.0,0.005932346076608048
49.824149,6.7043,3,,,POINT (6.7043 49.824149),148.0,0.0059577804709308405
49.8225897,6.7031742,3,,,POINT (6.7031742 49.8225897),152.0,0.005743128158010105
49.817399,6.6978243,3,,,POINT (6.6978243 49.817399),129.0,0.008962721928952156
49.8173659,6.6981377,3,,,POINT (6.6981377 49.8173659),129.0,0.008647589347635307
49.8122489,6.6900267,3,,,POINT (6.6900267 49.8122489),135.0,0.006063689771087061
49.8125331,6.6902008,3,,,POINT (6.6902008 49.8125331),135.0,0.006374245904420655
49.7153521,6.6306614,3,,,POINT (6.6306614 49.7153521),246.0,0.014777974007626288
49.7155095,6.6308505,3,,,POINT (6.6308505 49.7155095),254.0,0.014794144821514565
49.715209,6.6304891,4,,,POINT (6.6304891 49.715209),246.0,0.014766559728317846
49.7154523,6.6302101,3,,,POINT (6.6302101 49.7154523),246.0,0.014398978526269073
49.7764235,6.7214146,3,,,POINT (6.7214146 49.7764235),158.0,0.001399948377621989
49.7775067,6.7196786,3,,,POINT (6.7196786 49.7775067),152.0,0.001603386073287447
49.7965638,6.6837182,3,,,POINT (6.6837182 49.7965638),132.0,0.010412822853812238
49.8098627,6.6852848,3,,,POINT (6.6852848 49.8098627),130.0,0.002597451759719589
49.7208797,6.6327868,3,,,POINT (6.6327868 49.7208797),240.0,0.012847948628127185
49.7191904,6.6329044,3,,,POINT (6.6329044 49.7191904),247.0,0.013988633635726489
49.7285551,6.6843761,1,turning_circle,,POINT (6.6843761 49.7285551),244.0,0.04884322872582463
49.7261041,6.6378805,3,,,POINT (6.6378805 49.7261041),193.0,0.014228541634670038
49.7259536,6.6378168,3,,,POINT (6.6378168 49.7259536),193.0,0.014246798443834162
49.7260103,6.6376973,3,,,POINT (6.6376973 49.7260103),192.0,0.014114846895187327
49.7263741,6.6378468,3,crossing,,POINT (6.6378468 49.7263741),190.0,0.014067266665560206
49.7311098,6.6328883,3,,,POINT (6.6328883 49.7311098),159.0,0.00749628816015176
49.730602,6.6336524,3,,,POINT (6.6336524 49.730602),169.0,0.00840730189848083
49.756867,6.6374965,3,,,POINT (6.6374965 49.756867),135.0,0.009264118338471563
49.7564455,6.6369447,3,,,POINT (6.6369447 49.7564455),137.0,0.00913169398321356
49.720341,6.6312804,3,,,POINT (6.6312804 49.720341),231.0,0.01200119241409155
49.7185348,6.6309786,1,,,POINT (6.6309786 49.7185348),250.0,0.01288613413023917
49.7438286,6.6436095,1,,,POINT (6.6436095 49.7438286),160.0,0.01709193094917397
49.7511002,6.6389618,1,,,POINT (6.6389618 49.7511002),141.0,0.012692739286937264
49.7310151,6.6587662,1,,,POINT (6.6587662 49.7310151),254.0,0.03258530992840895
49.7215404,6.6347983,3,,,POINT (6.6347983 49.7215404),244.0,0.014050878986027672
49.7218055,6.6347833,3,,,POINT (6.6347833 49.7218055),240.0,0.013886354011602028
49.7568835,6.6373654,4,,,POINT (6.6373654 49.7568835),135.0,0.009160822441238883
49.7527359,6.6783769,1,,,POINT (6.6783769 49.7527359),251.0,0.02394007035296166
49.7461403,6.6205369,3,,,POINT (6.6205369 49.7461403),133.0,0.005537900995337189
49.7796132,6.6931153,3,,,POINT (6.6931153 49.7796132),129.0,0.0009079370635583836
49.7859424,6.6894688,2,,,POINT (6.6894688 49.7859424),128.0,0.007634991249339182
49.7481864,6.6403956,1,,,POINT (6.6403956 49.7481864),143.0,0.014425253228561105
49.8034729,6.6902795,3,,,POINT (6.6902795 49.8034729),132.0,0.0018007606920985586
49.8028331,6.6915833,3,,,POINT (6.6915833 49.8028331),134.0,0.001029321470676451
49.742353,6.6685015,1,,,POINT (6.6685015 49.742353),162.0,0.032517005918739864
49.7436271,6.6673997,4,,,POINT (6.6673997 49.7436271),169.0,0.031093145424832835
49.7434623,6.6672062,3,,,POINT (6.6672062 49.7434623),162.0,0.031227318722442134
49.7300389,6.680871,2,,,POINT (6.680871 49.7300389),239.0,0.046655481112517945
49.7296833,6.6816324,2,,,POINT (6.6816324 49.7296833),246.0,0.04715853648832225
49.7419733,6.6569151,1,,,POINT (6.6569151 49.7419733),179.0,0.03003284592125694
49.7420481,6.6578429,3,,,POINT (6.6578429 49.7420481),177.0,0.03096362415431989
49.7267548,6.6295021,3,,,POINT (6.6295021 49.7267548),164.0,0.00672055141911245
49.7471781,6.682358,3,,,POINT (6.682358 49.7471781),243.0,0.030165355135783067
49.7373961,6.6960806,3,,,POINT (6.6960806 49.7373961),276.0,0.03962191293842268
49.737688,6.6960698,3,,,POINT (6.6960698 49.737688),276.0,0.03944281959305045
49.762994,6.6558641,1,,,POINT (6.6558641 49.762994),134.0,0.010224566874588776
49.8189015,6.7009805,3,,,POINT (6.7009805 49.8189015),133.0,0.006136796129725277
49.8182549,6.7036775,1,,,POINT (6.7036775 49.8182549),129.0,0.0033658729276151065
49.7510071,6.6221919,1,,,POINT (6.6221919 49.7510071),132.0,0.0038865851335074426
49.754503,6.6225462,3,,,POINT (6.6225462 49.754503),135.0,0.004026305259622843
49.754548,6.6226294,3,,,POINT (6.6226294 49.754548),134.0,0.00394967847752287
49.7207046,6.6972568,3,,,POINT (6.6972568 49.7207046),286.0,0.04735512182742391
49.8128722,6.684483,1,,,POINT (6.684483 49.8128722),222.0,0.004906877797605675
49.7167,6.6329199,1,,,POINT (6.6329199 49.7167),256.0,0.01554713395714276
49.7165282,6.6324954,3,,,POINT (6.6324954 49.7165282),258.0,0.015321664795315805
49.7162939,6.6319088,3,,,POINT (6.6319088 49.7162939),259.0,0.015022322991137798
49.71651,6.6315714,3,,,POINT (6.6315714 49.71651),257.0,0.014626020752755105
49.7519449,6.6808051,3,,,POINT (6.6808051 49.7519449),258.0,0.02522114289255796
49.744408,6.6313834,1,,,POINT (6.6313834 49.744408),134.0,0.005042133357821858
49.7444586,6.6320742,1,,,POINT (6.6320742 49.7444586),135.0,0.005733699577643263
49.7432088,6.6121341,3,,,POINT (6.6121341 49.7432088),135.0,0.01421357586253136
49.7435124,6.6173401,4,,,POINT (6.6173401 49.7435124),131.0,0.009005973682473899
49.7435327,6.6172898,4,,,POINT (6.6172898 49.7435327),131.0,0.009053716424600922
49.7435363,6.6173454,4,,,POINT (6.6173454 49.7435363),131.0,0.008998059719432844
49.7435593,6.6172209,3,,,POINT (6.6172209 49.7435593),131.0,0.009119247148619511
49.7434061,6.6176179,3,,,POINT (6.6176179 49.7434061),131.0,0.008741653242916288
49.7435194,6.6172291,3,,,POINT (6.6172291 49.7435194),131.0,0.009115515890860532
49.7343579,6.6102404,3,,,POINT (6.6102404 49.7343579),132.0,0.012861648776284417
49.7509878,6.623092,4,,,POINT (6.623092 49.7509878),133.0,0.0029917213540028038
49.749385,6.6230661,3,,,POINT (6.6230661 49.749385),132.0,0.0028792751908554956
49.7584431,6.6471942,3,,,POINT (6.6471942 49.7584431),141.0,0.01307828400393602
