length,speed_kph,elevation_avg,dist_to_river_avg,rain_3d,rain_7d,bridge,flooded_high,flooded_medium,not_flooded,highway_disused,highway_living_street,highway_living_street_residential,highway_motorway,highway_motorway_link,highway_motorway_primary,highway_primary,highway_primary_link,highway_residential,highway_residential_living_street,highway_secondary,highway_secondary_link,highway_tertiary,highway_tertiary_link,highway_unclassified,highway_unclassified_primary_link,highway_unclassified_residential
5.870374544206359,33.595391008689084,141.0,0.011112852699284,78.69999694824219,78.69999694824219,0,0,0,1,0,0,0,0,0,0,0,0,1,0,0,0,0,0,0,0,0
153.9063491549854,50.0,141.0,0.0100553174444023,78.69999694824219,78.69999694824219,0,0,0,1,0,0,0,0,0,0,0,0,0,0,1,0,0,0,0,0,0
36.44763237747786,50.0,141.0,0.0110561711094941,78.69999694824219,78.69999694824219,0,0,0,1,0,0,0,0,0,0,0,0,0,0,0,1,0,0,0,0,0
28.04076929002624,33.595391008689084,145.0,0.0140604502102744,78.69999694824219,78.69999694824219,0,0,0,1,0,0,0,0,0,0,0,0,1,0,0,0,0,0,0,0,0
219.6522768384088,50.0,143.0,0.0125975700079306,78.69999694824219,78.69999694824219,0,0,0,1,0,0,0,0,0,0,0,0,0,0,1,0,0,0,0,0,0
47.082128885330775,50.0,145.0,0.014141339955718,78.69999694824219,78.69999694824219,0,0,0,1,0,0,0,0,0,0,0,0,1,0,0,0,0,0,0,0,0
44.61837726440903,50.0,144.0,0.0148975053192569,78.69999694824219,78.69999694824219,0,0,0,1,0,0,0,0,0,0,0,0,1,0,0,0,0,0,0,0,0
84.66811886978755,40.0,144.5,0.0144211047420551,78.69999694824219,78.69999694824219,0,0,0,1,0,0,0,0,0,0,0,0,1,0,0,0,0,0,0,0,0
70.10067608842442,20.0,144.5,0.0149603670935076,78.69999694824219,78.69999694824219,0,0,0,1,0,0,0,0,0,0,0,0,1,0,0,0,0,0,0,0,0
59.83777318638584,50.0,144.0,0.0158478922989272,78.69999694824219,78.69999694824219,0,0,0,1,0,0,0,0,0,0,0,0,1,0,0,0,0,0,0,0,0
88.38141799780077,50.0,144.5,0.0152709815001458,78.69999694824219,78.69999694824219,0,0,0,1,0,0,0,0,0,0,0,0,1,0,0,0,0,0,0,0,0
98.02710504383757,50.0,141.0,0.0163607593472051,78.69999694824219,78.69999694824219,0,0,0,1,0,0,0,0,0,0,0,0,1,0,0,0,0,0,0,0,0
51.05112283613026,50.0,143.0,0.0165270423218939,78.69999694824219,78.69999694824219,0,0,0,1,0,0,0,0,0,0,0,0,1,0,0,0,0,0,0,0,0
62.301448629489066,30.0,138.0,0.0157903584924877,78.69999694824219,78.69999694824219,0,0,0,1,0,0,0,0,0,0,0,0,1,0,0,0,0,0,0,0,0
190.02615306986223,50.0,139.5,0.0165415853298276,78.69999694824219,78.69999694824219,0,0,0,1,0,0,0,0,0,0,0,0,0,0,1,0,0,0,0,0,0
122.79638851422914,50.0,137.5,0.0157843903660193,78.69999694824219,78.69999694824219,0,0,0,1,0,0,0,0,0,0,0,0,0,0,1,0,0,0,0,0,0
34.83909260108477,30.0,137.5,0.0153563417346067,78.69999694824219,78.69999694824219,0,0,0,1,0,0,0,0,0,0,0,0,1,0,0,0,0,0,0,0,0
28.73345073456366,49.333333333333336,136.5,0.0156003463363718,78.69999694824219,78.69999694824219,0,0,0,1,0,0,0,0,0,0,0,0,0,0,0,1,0,0,0,0,0
32.880560507190005,30.0,133.0,0.0047928511190516,86.80000305175781,86.80000305175781,0,0,1,0,0,0,0,0,0,0,0,0,1,0,0,0,0,0,0,0,0
19.596005101593008,50.0,133.0,0.0047023673426203,86.80000305175781,86.80000305175781,0,0,1,0,0,0,0,0,0,0,0,0,0,0,1,0,0,0,0,0,0
157.0683289090363,30.0,136.0,0.0093765538286746,74.4000015258789,74.4000015258789,0,0,1,0,0,0,0,0,0,0,0,0,1,0,0,0,0,0,0,0,0
196.36118572981124,30.0,137.0,0.0107084305985335,74.4000015258789,74.4000015258789,0,0,0,1,0,0,0,0,0,0,0,0,1,0,0,0,0,0,0,0,0
236.3035985089164,30.0,139.0,0.0104731280701554,74.4000015258789,74.4000015258789,0,0,0,1,0,0,0,0,0,0,0,0,1,0,0,0,0,0,0,0,0
374.14549080313446,30.0,136.5,0.00938677257841,74.4000015258789,74.4000015258789,0,0,0,1,0,0,0,0,0,0,0,0,1,0,0,0,0,0,0,0,0
274.68793828892467,30.0,135.0,0.0082169274976272,74.4000015258789,74.4000015258789,0,0,0,1,0,0,0,0,0,0,0,0,1,0,0,0,0,0,0,0,0
57.07428160298207,30.0,135.5,0.0089310011654424,74.4000015258789,74.4000015258789,0,0,0,1,0,0,0,0,0,0,0,0,1,0,0,0,0,0,0,0,0
67.64660810651176,30.0,135.0,0.0083943188925977,74.4000015258789,74.4000015258789,0,0,0,1,0,0,0,0,0,0,0,0,1,0,0,0,0,0,0,0,0
374.1454908031345,30.0,136.5,0.00938677257841,74.4000015258789,74.4000015258789,0,0,0,1,0,0,0,0,0,0,0,0,1,0,0,0,0,0,0,0,0
56.43392674346202,50.0,134.0,0.007344428128396,74.4000015258789,74.4000015258789,0,0,0,1,0,0,0,0,0,0,0,0,0,0,1,0,0,0,0,0,0
19.438743982654188,50.0,134.0,0.0075568275547353,74.4000015258789,74.4000015258789,0,0,0,1,0,0,0,0,0,0,0,0,0,0,1,0,0,0,0,0,0
10.523234697395525,50.0,132.0,0.0098348458502206,74.4000015258789,74.4000015258789,0,0,0,1,0,0,0,0,0,0,0,0,0,0,1,0,0,0,0,0,0
37.72468524812116,50.0,132.0,0.0096674482302103,74.4000015258789,74.4000015258789,0,0,0,1,0,0,0,0,0,0,0,0,0,0,1,0,0,0,0,0,0
29.44873124693951,50.0,132.0,0.0098462812857062,74.4000015258789,74.4000015258789,0,0,0,1,0,0,0,0,0,0,0,0,0,0,1,0,0,0,0,0,0
16.087941830620395,50.0,139.0,0.0140897650064464,78.69999694824219,78.69999694824219,0,0,0,1,0,0,0,0,0,0,0,0,0,0,1,0,0,0,0,0,0
26.976024753642204,50.0,138.5,0.0139342701028134,78.69999694824219,78.69999694824219,0,0,0,1,0,0,0,0,0,0,0,0,0,0,1,0,0,0,0,0,0
11.357179370067112,50.0,140.0,0.0109073442555283,74.4000015258789,74.4000015258789,0,0,0,1,0,0,0,0,0,0,0,0,0,0,0,1,0,0,0,0,0
131.2466016863081,50.0,137.5,0.010293071352111,86.80000305175781,86.80000305175781,0,0,0,1,0,0,0,0,0,0,0,0,0,0,1,0,0,0,0,0,0
236.30359850891645,30.0,139.0,0.0104731280701554,74.4000015258789,74.4000015258789,0,0,0,1,0,0,0,0,0,0,0,0,1,0,0,0,0,0,0,0,0
60.85492289817481,50.0,140.5,0.0112414877584125,74.4000015258789,74.4000015258789,0,0,0,1,0,0,0,0,0,0,0,0,0,0,1,0,0,0,0,0,0
11.357179370067112,50.0,140.0,0.0109073442555283,74.4000015258789,74.4000015258789,0,0,0,1,0,0,0,0,0,0,0,0,0,0,0,1,0,0,0,0,0
405.1267274302044,33.595391008689084,245.0,0.0245523241458197,78.69999694824219,78.69999694824219,0,0,0,1,0,0,0,0,0,0,0,0,1,0,0,0,0,0,0,0,0
973.1305740824208,30.0,247.0,0.0239642259715088,78.69999694824219,78.69999694824219,0,0,0,1,0,0,0,0,0,0,0,0,1,0,0,0,0,0,0,0,0
617.7037532167778,30.0,200.5,0.024244325576597,78.69999694824219,78.69999694824219,0,0,0,1,0,0,0,0,0,0,0,0,1,0,0,0,0,0,0,0,0
55.2620922858178,15.5531914893617,268.5,0.0238384532814762,78.69999694824219,78.69999694824219,0,0,0,1,0,1,0,0,0,0,0,0,0,0,0,0,0,0,0,0,0
62.089948669991855,30.0,269.0,0.023483096798413,78.69999694824219,78.69999694824219,0,0,0,1,0,0,0,0,0,0,0,0,1,0,0,0,0,0,0,0,0
973.1305740824204,30.0,247.0,0.0239642259715088,78.69999694824219,78.69999694824219,0,0,0,1,0,0,0,0,0,0,0,0,1,0,0,0,0,0,0,0,0
42.993702892968,50.0,149.0,0.0182384853894623,78.69999694824219,78.69999694824219,0,0,0,1,0,0,0,0,0,0,0,0,0,0,1,0,0,0,0,0,0
55.51972095186108,30.0,150.0,0.018861515473732,78.69999694824219,78.69999694824219,0,0,0,1,0,0,0,0,0,0,0,0,0,0,1,0,0,0,0,0,0
40.35217115727091,30.0,149.0,0.0186583681014267,78.69999694824219,78.69999694824219,0,0,0,1,0,0,0,0,0,0,0,0,1,0,0,0,0,0,0,0,0
36.14944330814366,50.0,147.5,0.0177693504401109,78.69999694824219,78.69999694824219,0,0,0,1,0,0,0,0,0,0,0,0,0,0,1,0,0,0,0,0,0
42.993702892968,50.0,149.0,0.0182384853894623,78.69999694824219,78.69999694824219,0,0,0,1,0,0,0,0,0,0,0,0,0,0,1,0,0,0,0,0,0
18.042829977010022,50.0,146.0,0.0174965375826085,78.69999694824219,78.69999694824219,0,0,0,1,0,0,0,0,0,0,0,0,0,0,1,0,0,0,0,0,0
176.71846284569958,50.0,145.5,0.0176302756584797,78.69999694824219,78.69999694824219,1,0,0,1,0,0,0,0,0,0,0,0,0,0,1,0,0,0,0,0,0
51.38659737593095,50.0,144.5,0.0171372933596618,78.69999694824219,78.69999694824219,1,0,0,1,0,0,0,0,0,0,0,0,0,0,1,0,0,0,0,0,0
22.5863835021607,50.0,143.0,0.0167067558103214,78.69999694824219,78.69999694824219,0,0,0,1,0,0,0,0,0,0,0,0,0,0,1,0,0,0,0,0,0
63.34591311330063,50.0,142.5,0.0167048603132936,78.69999694824219,78.69999694824219,0,0,0,1,0,0,0,0,0,0,0,0,0,0,1,0,0,0,0,0,0
12.890999669406437,50.0,143.0,0.0165704663222078,78.69999694824219,78.69999694824219,1,0,0,1,0,0,0,0,0,0,0,0,0,0,1,0,0,0,0,0,0
157.63761775201246,40.0,145.5,0.0169184679245055,78.69999694824219,78.69999694824219,0,0,0,1,0,0,0,0,0,0,0,0,0,0,0,0,1,0,0,0,0
60.166522856902326,50.0,145.5,0.0169481699794404,78.69999694824219,78.69999694824219,0,0,0,1,0,0,0,0,0,0,0,0,0,0,1,0,0,0,0,0,0
48.48009427801218,50.0,148.0,0.0176316878475411,78.69999694824219,78.69999694824219,0,0,0,1,0,0,0,0,0,0,0,0,0,0,1,0,0,0,0,0,0
37.583671818907845,50.0,146.5,0.0174418081934728,78.69999694824219,78.69999694824219,0,0,0,1,0,0,0,0,0,0,0,0,0,0,1,0,0,0,0,0,0
47.91350995848795,50.0,146.5,0.0173588749900387,78.69999694824219,78.69999694824219,0,0,0,1,0,0,0,0,0,0,0,0,0,0,1,0,0,0,0,0,0
148.93785882157752,50.0,145.0,0.0179932745673943,78.69999694824219,78.69999694824219,0,0,0,1,0,0,0,0,0,0,0,0,0,0,1,0,0,0,0,0,0
139.17863376027304,50.0,144.0,0.0169574314172527,78.69999694824219,78.69999694824219,0,0,0,1,0,0,0,0,0,0,0,0,0,0,1,0,0,0,0,0,0
130.75389840455824,50.0,144.0,0.0171116579470804,78.69999694824219,78.69999694824219,0,0,0,1,0,0,0,0,0,0,0,0,0,0,1,0,0,0,0,0,0
11.897642624028446,48.05084745762712,143.0,0.0171519784126914,78.69999694824219,78.69999694824219,0,0,0,1,0,0,0,0,0,0,0,0,0,0,1,0,0,0,0,0,0
18.331017384708915,33.595391008689084,142.0,0.0170355105456909,78.69999694824219,78.69999694824219,0,0,0,1,0,0,0,0,0,0,0,0,1,0,0,0,0,0,0,0,0
30.440706611495894,50.0,153.0,0.0113577913475037,78.69999694824219,78.69999694824219,0,0,0,1,0,0,0,0,0,0,0,0,0,0,1,0,0,0,0,0,0
26.51271051167557,30.0,153.5,0.0114407357452963,78.69999694824219,78.69999694824219,0,0,0,1,0,0,0,0,0,0,0,0,1,0,0,0,0,0,0,0,0
66.37193342859321,50.0,153.5,0.0115102488956639,78.69999694824219,78.69999694824219,0,0,0,1,0,0,0,0,0,0,0,0,0,0,1,0,0,0,0,0,0
54.07236232721412,50.0,254.0,0.0251563493618073,78.69999694824219,78.69999694824219,0,0,0,1,0,0,0,0,0,0,0,0,0,0,1,0,0,0,0,0,0
12.360577732722188,50.0,255.0,0.0253874389334085,78.69999694824219,78.69999694824219,0,0,0,1,0,0,0,0,0,0,0,0,0,0,1,0,0,0,0,0,0
25.980538001660094,50.0,255.5,0.0254581097159673,78.69999694824219,78.69999694824219,0,0,0,1,0,0,0,0,0,0,0,0,0,0,1,0,0,0,0,0,0
21.217941303663068,50.0,256.0,0.0256706155163269,78.69999694824219,78.69999694824219,0,0,0,1,0,0,0,0,0,0,0,0,0,0,1,0,0,0,0,0,0
103.09492644102616,48.05084745762712,256.0,0.02635609556528,78.69999694824219,78.69999694824219,0,0,0,1,0,0,0,0,0,0,0,0,0,0,1,0,0,0,0,0,0
46.4707219838399,50.0,255.5,0.0257670537406296,78.69999694824219,78.69999694824219,0,0,0,1,0,0,0,0,0,0,0,0,0,0,1,0,0,0,0,0,0
16.081729301539102,50.0,272.5,0.0338920913240987,78.69999694824219,78.69999694824219,0,0,0,1,0,0,0,0,0,0,0,0,0,0,1,0,0,0,0,0,0
182.282748979926,50.0,268.0,0.0330633389892183,78.69999694824219,78.69999694824219,1,0,0,1,0,0,0,0,0,0,0,0,0,0,1,0,0,0,0,0,0
23.819824893095458,47.53488372093023,272.5,0.0339115143204059,78.69999694824219,78.69999694824219,0,0,0,1,0,0,0,0,0,0,0,0,0,0,0,0,0,0,1,0,0
103.23704277905644,30.0,163.5,0.0331993096872631,78.69999694824219,78.69999694824219,0,0,0,1,0,0,0,0,0,0,0,0,1,0,0,0,0,0,0,0,0
164.60428722768663,50.0,169.5,0.0338508025365873,78.69999694824219,78.69999694824219,0,0,0,1,0,0,0,0,0,0,0,0,0,0,1,0,0,0,0,0,0
85.10788546495967,50.0,168.0,0.0330118076908277,78.69999694824219,78.69999694824219,0,0,0,1,0,0,0,0,0,0,0,0,0,0,1,0,0,0,0,0,0
84.38118374397095,50.0,168.0,0.0330118076908277,78.69999694824219,78.69999694824219,0,0,0,1,0,0,0,0,0,0,0,0,0,0,1,0,0,0,0,0,0
22.783598065897,50.0,135.0,0.0091026422660615,86.80000305175781,86.80000305175781,0,0,0,1,0,0,0,0,0,0,0,0,0,0,1,0,0,0,0,0,0
59.34040383952934,50.0,135.5,0.0087069593471797,86.80000305175781,86.80000305175781,0,0,0,1,0,0,0,0,0,0,0,0,0,0,1,0,0,0,0,0,0
13.871263495070458,48.05084745762712,133.0,0.0059077026757118,86.80000305175781,86.80000305175781,0,0,1,0,0,0,0,0,0,0,0,0,0,0,1,0,0,0,0,0,0
25.074806963592604,50.0,133.0,0.0060787162521325,86.80000305175781,86.80000305175781,0,0,1,0,0,0,0,0,0,0,0,0,0,0,1,0,0,0,0,0,0
139.51821602535475,50.0,131.5,0.0037667228553435,86.80000305175781,86.80000305175781,0,0,1,0,0,0,0,0,0,0,0,0,0,0,1,0,0,0,0,0,0
42.34903192699538,50.0,131.0,0.0024153404167846,86.80000305175781,86.80000305175781,0,0,1,0,0,0,0,0,0,0,1,0,0,0,0,0,0,0,0,0,0
12.446080296033006,50.0,130.0,0.001688088073371,74.4000015258789,74.4000015258789,0,0,1,0,0,0,0,0,0,0,0,0,0,0,0,0,0,0,1,0,0
373.5697968708397,50.0,130.5,0.0016781722676434,74.4000015258789,74.4000015258789,0,0,1,0,0,0,0,0,0,0,1,0,0,0,0,0,0,0,0,0,0
261.2055943020312,50.0,130.5,0.0016543502557552,74.4000015258789,74.4000015258789,0,0,1,0,0,0,0,0,0,0,1,0,0,0,0,0,0,0,0,0,0
38.9948844995364,50.0,257.0,0.0265804355099632,78.69999694824219,78.69999694824219,0,0,0,1,0,0,0,0,0,0,0,0,1,0,0,0,0,0,0,0,0
314.1244571058076,50.0,259.5,0.0264467357096651,78.69999694824219,78.69999694824219,0,0,0,1,0,0,0,0,0,0,0,0,1,0,0,0,0,0,0,0,0
8.599418002411031,50.0,255.0,0.0259801419501991,78.69999694824219,78.69999694824219,0,0,0,1,0,0,0,0,0,0,0,0,1,0,0,0,0,0,0,0,0
31.60709401474844,50.0,254.0,0.0258898911549633,78.69999694824219,78.69999694824219,0,0,0,1,0,0,0,0,0,0,0,0,1,0,0,0,0,0,0,0,0
52.93241042796703,50.0,254.5,0.0257009871794467,78.69999694824219,78.69999694824219,0,0,0,1,0,0,0,0,0,0,0,0,1,0,0,0,0,0,0,0,0
9.762307368194929,50.0,253.0,0.025881899886958,78.69999694824219,78.69999694824219,0,0,0,1,0,0,0,0,0,0,0,0,1,0,0,0,0,0,0,0,0
81.70149355395523,50.0,252.0,0.0254727269483396,78.69999694824219,78.69999694824219,0,0,0,1,0,0,0,0,0,0,0,0,1,0,0,0,0,0,0,0,0
241.3228157809505,50.0,127.5,0.0009502390074968,94.10000610351562,94.10000610351562,1,1,1,0,0,0,0,0,0,0,0,1,0,0,0,0,0,0,0,0,0
247.8354489589342,50.0,129.0,0.0015741622469569,94.10000610351562,94.10000610351562,0,1,1,0,0,0,0,0,0,0,1,0,0,0,0,0,0,0,0,0,0
9.493719611376832,50.0,136.5,0.0042936135088889,94.10000610351562,94.10000610351562,0,0,0,1,0,0,0,0,0,0,0,0,0,0,1,0,0,0,0,0,0
25.801152616073125,50.0,136.0,0.0041460183803471,94.10000610351562,94.10000610351562,0,0,0,1,0,0,0,0,0,0,1,0,0,0,0,0,0,0,0,0,0
27.351961018468558,30.0,136.0,0.0044205563411193,94.10000610351562,94.10000610351562,0,0,0,1,0,0,0,0,0,0,0,0,0,0,1,0,0,0,0,0,0
226.3497753663758,50.0,133.5,0.0015654902499348,94.10000610351562,94.10000610351562,1,1,1,0,0,0,0,0,0,0,0,0,0,0,0,0,0,0,1,0,0
63.1784058664306,50.0,135.0,0.0018942490605094,94.10000610351562,94.10000610351562,0,0,0,1,0,0,0,0,0,0,1,0,0,0,0,0,0,0,0,0,0
47.38839203746046,50.0,130.0,0.0022012701560408,86.80000305175781,86.80000305175781,0,0,1,0,0,0,0,0,0,0,1,0,0,0,0,0,0,0,0,0,0
52.23780143979551,50.0,128.5,0.0020839099798147,86.80000305175781,86.80000305175781,1,1,1,0,0,0,0,0,0,0,1,0,0,0,0,0,0,0,0,0,0
15.888664289221468,50.0,129.0,0.0025468847853316,86.80000305175781,86.80000305175781,0,0,0,1,0,0,0,0,0,0,1,0,0,0,0,0,0,0,0,0,0
380.1905982314195,50.0,129.5,0.0027739373985334,86.80000305175781,86.80000305175781,0,0,1,0,0,0,0,0,0,0,1,0,0,0,0,0,0,0,0,0,0
55.36079596416895,50.0,135.0,0.0060372484768625,94.10000610351562,94.10000610351562,0,0,0,1,0,0,0,0,0,0,0,0,1,0,0,0,0,0,0,0,0
89.84284995401175,50.0,134.5,0.0051401652126957,94.10000610351562,94.10000610351562,0,0,0,1,0,0,0,0,0,0,0,0,1,0,0,0,0,0,0,0,0
9.878141865371685,50.0,135.0,0.0066259770646822,94.10000610351562,94.10000610351562,0,0,0,1,0,0,0,0,0,0,0,0,1,0,0,0,0,0,0,0,0
74.98788214397632,50.0,135.0,0.0061580177977182,94.10000610351562,94.10000610351562,0,0,0,1,0,0,0,0,0,0,0,0,1,0,0,0,0,0,0,0,0
53.99217551312823,50.0,140.0,0.0102748977505267,86.80000305175781,86.80000305175781,0,0,0,1,0,0,0,0,0,0,0,0,1,0,0,0,0,0,0,0,0
142.0477378795582,40.0,147.0,0.0172744435459681,78.69999694824219,78.69999694824219,0,0,0,1,0,0,0,0,0,0,0,0,0,0,0,0,1,0,0,0,0
183.01490180709095,40.0,147.5,0.0174682109167814,78.69999694824219,78.69999694824219,0,0,0,1,0,0,0,0,0,0,0,0,0,0,0,0,1,0,0,0,0
25.42761414618964,33.595391008689084,265.0,0.0300574672024014,78.69999694824219,78.69999694824219,0,0,0,1,0,0,0,0,0,0,0,0,1,0,0,0,0,0,0,0,0
122.3501971711496,30.0,266.5,0.0306517660969671,78.69999694824219,78.69999694824219,0,0,0,1,0,0,0,0,0,0,0,0,1,0,0,0,0,0,0,0,0
33.54399858609099,33.595391008689084,264.0,0.0299969899540471,78.69999694824219,78.69999694824219,0,0,0,1,0,0,0,0,0,0,0,0,1,0,0,0,0,0,0,0,0
44.68907142476852,50.0,131.0,0.0052368317472776,94.10000610351562,94.10000610351562,0,0,1,0,0,0,0,0,0,0,1,0,0,0,0,0,0,0,0,0,0
22.27835014727162,50.0,132.0,0.0076906667638277,94.10000610351562,94.10000610351562,0,0,0,1,0,0,0,0,0,0,0,1,0,0,0,0,0,0,0,0,0
57.0608637544116,50.0,132.0,0.0079243164569685,94.10000610351562,94.10000610351562,0,0,0,1,0,0,0,0,0,0,1,0,0,0,0,0,0,0,0,0,0
19.299833243794133,50.0,132.0,0.0093422829351524,94.10000610351562,94.10000610351562,0,0,1,0,0,0,0,0,0,0,1,0,0,0,0,0,0,0,0,0,0
19.913493747609294,50.0,132.0,0.0093229636993548,94.10000610351562,94.10000610351562,0,0,1,0,0,0,0,0,0,0,0,0,0,0,0,0,0,0,1,0,0
234.7389195663509,60.0,132.5,0.0121289231182938,94.10000610351562,94.10000610351562,0,0,0,1,0,0,0,0,0,0,1,0,0,0,0,0,0,0,0,0,0
11.231914784370392,47.53488372093023,132.0,0.0123492822200317,94.10000610351562,94.10000610351562,0,0,0,1,0,0,0,0,0,0,0,0,0,0,0,0,0,0,1,0,0
120.37402578040955,50.0,139.5,0.0101095116640781,94.10000610351562,94.10000610351562,0,0,0,1,0,0,0,0,0,0,0,0,0,0,0,0,1,0,0,0,0
399.75168971782017,50.0,136.0,0.0096523927850008,94.10000610351562,94.10000610351562,0,0,0,1,0,0,0,0,0,0,1,0,0,0,0,0,0,0,0,0,0
24.817580177530424,50.0,138.5,0.0095191719797142,94.10000610351562,94.10000610351562,0,0,0,1,0,0,0,0,0,0,1,0,0,0,0,0,0,0,0,0,0
12.659488082110466,50.0,169.0,0.0311336968564061,78.69999694824219,78.69999694824219,0,0,0,1,0,0,0,0,0,0,0,0,0,0,1,0,0,0,0,0,0
191.9070745368044,50.0,170.0,0.0319108478620882,78.69999694824219,78.69999694824219,0,0,0,1,0,0,0,0,0,0,0,0,0,0,1,0,0,0,0,0,0
23.286603800331605,30.0,169.0,0.0310877469045803,78.69999694824219,78.69999694824219,0,0,0,1,0,0,0,0,0,0,0,0,1,0,0,0,0,0,0,0,0
10.857270657989574,50.0,257.0,0.0344553904892951,78.69999694824219,78.69999694824219,0,0,0,1,0,0,0,0,0,0,0,0,0,0,1,0,0,0,0,0,0
34.72776777529072,50.0,257.0,0.0343248962437228,78.69999694824219,78.69999694824219,0,0,0,1,0,0,0,0,0,0,0,0,0,0,1,0,0,0,0,0,0
30.296905769117743,30.0,257.0,0.0343165991424187,78.69999694824219,78.69999694824219,0,0,0,1,0,0,0,0,0,0,0,0,1,0,0,0,0,0,0,0,0
57.729068013827735,33.595391008689084,275.5,0.0400159558161306,78.69999694824219,78.69999694824219,0,0,0,1,0,0,0,0,0,0,0,0,1,0,0,0,0,0,0,0,0
21.772721324007115,30.0,275.5,0.0401417683879977,78.69999694824219,78.69999694824219,0,0,0,1,0,0,0,0,0,0,0,0,1,0,0,0,0,0,0,0,0
112.65749316322726,30.0,276.0,0.0396724015048893,78.69999694824219,78.69999694824219,0,0,0,1,0,0,0,0,0,0,0,0,1,0,0,0,0,0,0,0,0
11.712959799247546,30.0,273.0,0.0410804009876999,78.69999694824219,78.69999694824219,0,0,0,1,0,0,0,0,0,0,0,0,1,0,0,0,0,0,0,0,0
67.76337414896591,33.595391008689084,272.5,0.0409341531693436,78.69999694824219,78.69999694824219,0,0,0,1,0,0,0,0,0,0,0,0,1,0,0,0,0,0,0,0,0
113.63925560767314,30.0,272.0,0.0413662935162685,78.69999694824219,78.69999694824219,0,0,0,1,0,0,0,0,0,0,0,0,1,0,0,0,0,0,0,0,0
96.90919578159196,30.0,269.0,0.0404764660432356,78.69999694824219,78.69999694824219,0,0,0,1,0,0,0,0,0,0,0,0,1,0,0,0,0,0,0,0,0
54.887535512565,30.0,266.5,0.0403426142515463,78.69999694824219,78.69999694824219,0,0,0,1,0,0,0,0,0,0,0,0,1,0,0,0,0,0,0,0,0
110.3099327807542,30.0,269.0,0.040858771701444,78.69999694824219,78.69999694824219,0,0,0,1,0,0,0,0,0,0,0,0,1,0,0,0,0,0,0,0,0
92.00890628056602,30.0,265.5,0.0400053804889378,78.69999694824219,78.69999694824219,0,0,0,1,0,0,0,0,0,0,0,0,1,0,0,0,0,0,0,0,0
71.83229245589857,30.0,266.0,0.0363000542426957,78.69999694824219,78.69999694824219,0,0,0,1,0,0,0,0,0,0,0,0,1,0,0,0,0,0,0,0,0
59.65336005220153,30.0,260.5,0.036282495637938,78.69999694824219,78.69999694824219,0,0,0,1,0,0,0,0,0,0,0,0,1,0,0,0,0,0,0,0,0
210.1074291307849,30.0,265.0,0.0371204069564984,78.69999694824219,78.69999694824219,0,0,0,1,0,0,0,0,0,0,0,0,1,0,0,0,0,0,0,0,0
75.44718443027708,30.0,263.5,0.0359257915246378,78.69999694824219,78.69999694824219,0,0,0,1,0,0,0,0,0,0,0,0,1,0,0,0,0,0,0,0,0
52.08007369134209,30.0,264.0,0.035521236265489,78.69999694824219,78.69999694824219,0,0,0,1,0,0,0,0,0,0,0,0,1,0,0,0,0,0,0,0,0
75.44718443027708,30.0,263.5,0.0359257915246378,78.69999694824219,78.69999694824219,0,0,0,1,0,0,0,0,0,0,0,0,1,0,0,0,0,0,0,0,0
100.59337021136672,30.0,260.5,0.0351848258396194,78.69999694824219,78.69999694824219,0,0,0,1,0,0,0,0,0,0,0,0,1,0,0,0,0,0,0,0,0
100.59337021136672,30.0,260.5,0.0351848258396194,78.69999694824219,78.69999694824219,0,0,0,1,0,0,0,0,0,0,0,0,1,0,0,0,0,0,0,0,0
46.81378922053643,30.0,258.0,0.0346022949896144,78.69999694824219,78.69999694824219,0,0,0,1,0,0,0,0,0,0,0,0,1,0,0,0,0,0,0,0,0
218.53615965018065,33.595391008689084,256.5,0.0335283829725555,78.69999694824219,78.69999694824219,0,0,0,1,0,0,0,0,0,0,0,0,1,0,0,0,0,0,0,0,0
66.23096187962857,30.0,256.5,0.034220549937686,78.69999694824219,78.69999694824219,0,0,0,1,0,0,0,0,0,0,0,0,1,0,0,0,0,0,0,0,0
41.279853040632375,30.0,256.5,0.0340491570702313,78.69999694824219,78.69999694824219,0,0,0,1,0,0,0,0,0,0,0,0,1,0,0,0,0,0,0,0,0
94.7645478068486,30.0,256.5,0.0340912135549765,78.69999694824219,78.69999694824219,0,0,0,1,0,0,0,0,0,0,0,0,1,0,0,0,0,0,0,0,0
166.90929699176786,30.0,251.0,0.0345360185467197,78.69999694824219,78.69999694824219,0,0,0,1,0,0,0,0,0,0,0,0,1,0,0,0,0,0,0,0,0
66.23096187962858,30.0,256.5,0.034220549937686,78.69999694824219,78.69999694824219,0,0,0,1,0,0,0,0,0,0,0,0,1,0,0,0,0,0,0,0,0
50.71734613550368,47.53488372093023,256.0,0.0337302504395169,78.69999694824219,78.69999694824219,0,0,0,1,0,0,0,0,0,0,0,0,0,0,0,0,0,0,1,0,0
50.71734613550369,47.53488372093023,256.0,0.0337302504395169,78.69999694824219,78.69999694824219,0,0,0,1,0,0,0,0,0,0,0,0,0,0,0,0,0,0,1,0,0
94.7645478068486,30.0,256.5,0.0340912135549765,78.69999694824219,78.69999694824219,0,0,0,1,0,0,0,0,0,0,0,0,1,0,0,0,0,0,0,0,0
203.6840141336465,30.0,248.5,0.0338526021104338,78.69999694824219,78.69999694824219,0,0,0,1,0,0,0,0,0,0,0,0,1,0,0,0,0,0,0,0,0
355.3111451669931,30.0,244.0,0.0334657609146799,78.69999694824219,78.69999694824219,0,0,0,1,0,0,0,0,0,0,0,0,1,0,0,0,0,0,0,0,0
166.90929699176786,30.0,251.0,0.0345360185467197,78.69999694824219,78.69999694824219,0,0,0,1,0,0,0,0,0,0,0,0,1,0,0,0,0,0,0,0,0
203.6840141336465,30.0,248.5,0.0338526021104338,78.69999694824219,78.69999694824219,0,0,0,1,0,0,0,0,0,0,0,0,1,0,0,0,0,0,0,0,0
355.31114516699324,30.0,244.0,0.0334657609146799,78.69999694824219,78.69999694824219,0,0,0,1,0,0,0,0,0,0,0,0,1,0,0,0,0,0,0,0,0
7.5336615525354755,50.0,278.0,0.0391215970609316,78.69999694824219,78.69999694824219,0,0,0,1,0,0,0,0,0,0,0,0,1,0,0,0,0,0,0,0,0
28.50059424527891,30.0,278.0,0.0389594623658311,78.69999694824219,78.69999694824219,0,0,0,1,0,0,0,0,0,0,0,0,1,0,0,0,0,0,0,0,0
24.51560902994988,33.595391008689084,277.5,0.0393186411760071,78.69999694824219,78.69999694824219,0,0,0,1,0,0,0,0,0,0,0,0,1,0,0,0,0,0,0,0,0
8.42473271159048,50.0,277.5,0.0393200446723154,78.69999694824219,78.69999694824219,0,0,0,1,0,0,0,0,0,0,0,0,1,0,0,0,0,0,0,0,0
22.910273256666542,50.0,276.5,0.0394063163241158,78.69999694824219,78.69999694824219,0,0,0,1,0,0,0,0,0,0,0,0,1,0,0,0,0,0,0,0,0
11.93224425095191,50.0,277.5,0.0391821187305231,78.69999694824219,78.69999694824219,0,0,0,1,0,0,0,0,0,0,0,0,1,0,0,0,0,0,0,0,0
107.06959983770643,50.0,275.0,0.0389197282827063,78.69999694824219,78.69999694824219,0,0,0,1,0,0,0,0,0,0,0,0,1,0,0,0,0,0,0,0,0
31.707207617250877,50.0,284.0,0.0349538446794026,78.69999694824219,78.69999694824219,0,0,0,1,0,0,0,0,0,0,0,0,0,0,1,0,0,0,0,0,0
211.41261296140743,50.0,277.5,0.0350041885103309,78.69999694824219,78.69999694824219,0,0,0,1,0,0,0,0,0,0,0,0,0,0,1,0,0,0,0,0,0
35.8641724328655,50.0,284.0,0.0350864713660956,78.69999694824219,78.69999694824219,0,0,0,1,0,0,0,0,0,0,0,0,0,0,0,1,0,0,0,0,0
280.245899063237,33.595391008689084,177.0,0.0363900872460261,78.69999694824219,78.69999694824219,0,1,1,0,0,0,0,0,0,0,0,0,1,0,0,0,0,0,0,0,0
1353.2893028092917,60.0,185.5,0.0411048929389134,78.69999694824219,78.69999694824219,0,0,0,1,0,0,0,0,0,0,0,0,0,0,1,0,0,0,0,0,0
86.33588584236222,50.0,176.5,0.0352587857693236,78.69999694824219,78.69999694824219,0,0,0,1,0,0,0,0,0,0,0,0,0,0,1,0,0,0,0,0,0
395.700488490893,50.0,162.0,0.0292725371562878,78.69999694824219,78.69999694824219,0,0,1,0,0,0,0,0,0,0,0,0,0,0,1,0,0,0,0,0,0
471.3349979441897,50.0,166.0,0.030383287014257,78.69999694824219,78.69999694824219,0,0,0,1,0,0,0,0,0,0,0,0,0,0,1,0,0,0,0,0,0
46.918752719371504,20.0,164.5,0.0295028783655624,78.69999694824219,78.69999694824219,0,0,0,1,0,0,0,0,0,0,0,0,1,0,0,0,0,0,0,0,0
93.19502612834157,15.5531914893617,162.0,0.0300950404210509,78.69999694824219,78.69999694824219,1,1,1,0,0,1,0,0,0,0,0,0,0,0,0,0,0,0,0,0,0
13.2348864003591,50.0,133.0,0.0105175528957875,74.4000015258789,74.4000015258789,0,0,0,1,0,0,0,0,0,0,0,0,0,0,1,0,0,0,0,0,0
72.93054354535863,50.0,133.0,0.0103845362321768,74.4000015258789,74.4000015258789,0,0,0,1,0,0,0,0,0,0,0,0,0,0,1,0,0,0,0,0,0
106.48016582360168,50.0,133.5,0.0103201399053559,74.4000015258789,74.4000015258789,0,0,0,1,0,0,0,0,0,0,0,0,1,0,0,0,0,0,0,0,0
208.36626631831749,50.0,134.0,0.0099457952586541,74.4000015258789,74.4000015258789,0,0,0,1,0,0,0,0,0,0,0,0,1,0,0,0,0,0,0,0,0
415.08386586119343,33.595391008689084,134.0,0.0045905216874046,74.4000015258789,74.4000015258789,0,0,1,0,0,0,0,0,0,0,0,0,1,0,0,0,0,0,0,0,0
341.95608054089485,50.0,134.0,0.0062276815822266,74.4000015258789,74.4000015258789,0,0,0,1,0,0,0,0,0,0,0,0,0,0,0,0,0,0,1,0,0
660.4142100135299,50.0,134.5,0.0078256371261262,74.4000015258789,74.4000015258789,0,0,0,1,0,0,0,0,0,0,0,0,1,0,0,0,0,0,0,0,0
60.55749661852854,50.0,132.5,0.0028270582140581,74.4000015258789,74.4000015258789,0,0,1,0,0,0,0,0,0,0,0,0,0,0,1,0,0,0,0,0,0
415.08386586119343,33.595391008689084,134.0,0.0045905216874046,74.4000015258789,74.4000015258789,0,0,1,0,0,0,0,0,0,0,0,0,1,0,0,0,0,0,0,0,0
336.7326711631987,50.0,131.0,0.0023820502889205,74.4000015258789,74.4000015258789,0,0,1,0,0,0,0,0,0,0,0,0,0,0,1,0,0,0,0,0,0
83.08148014562275,30.0,133.0,0.0059344365438545,74.4000015258789,74.4000015258789,0,0,1,0,0,0,0,0,0,0,0,0,1,0,0,0,0,0,0,0,0
313.2618177841138,50.0,133.0,0.0063801924557071,74.4000015258789,74.4000015258789,0,0,1,0,0,0,0,0,0,0,0,0,0,0,1,0,0,0,0,0,0
95.71819498149944,50.0,132.0,0.0053889950077195,74.4000015258789,74.4000015258789,0,0,1,0,0,0,0,0,0,0,0,0,0,0,1,0,0,0,0,0,0
86.88286530437057,30.0,132.0,0.0052092754263702,74.4000015258789,74.4000015258789,0,0,1,0,0,0,0,0,0,0,0,0,1,0,0,0,0,0,0,0,0
76.76680180376623,50.0,131.5,0.0021808626639071,74.4000015258789,74.4000015258789,0,0,1,0,0,0,0,0,0,0,0,0,0,0,1,0,0,0,0,0,0
237.49808214092428,50.0,131.0,0.0017628132568435,74.4000015258789,74.4000015258789,0,0,1,0,0,0,0,0,0,0,0,1,0,0,0,0,0,0,0,0,0
57.80896024194999,50.0,145.0,0.0181245246362103,78.69999694824219,78.69999694824219,0,0,0,1,0,0,0,0,0,0,0,0,0,0,1,0,0,0,0,0,0
186.41232157436835,50.0,144.0,0.0176810568104291,78.69999694824219,78.69999694824219,0,0,0,1,0,0,0,0,0,0,0,0,0,0,1,0,0,0,0,0,0
86.96142088624545,30.0,144.0,0.0184680023166837,78.69999694824219,78.69999694824219,0,0,0,1,0,0,0,0,0,0,0,0,1,0,0,0,0,0,0,0,0
19.561988524415952,33.595391008689084,143.0,0.017209662567101,78.69999694824219,78.69999694824219,0,0,0,1,0,0,0,0,0,0,0,0,1,0,0,0,0,0,0,0,0
19.818080133757302,50.0,141.5,0.0172660575511781,78.69999694824219,78.69999694824219,0,0,0,1,0,0,0,0,0,0,0,0,0,0,1,0,0,0,0,0,0
132.76672300148527,30.0,144.0,0.0185611105769253,78.69999694824219,78.69999694824219,0,0,0,1,0,0,0,0,0,0,0,0,1,0,0,0,0,0,0,0,0
87.79809736743444,30.0,142.5,0.0192616766660001,78.69999694824219,78.69999694824219,1,0,0,1,0,0,0,0,0,0,0,0,1,0,0,0,0,0,0,0,0
86.96142088624545,30.0,144.0,0.0184680023166837,78.69999694824219,78.69999694824219,0,0,0,1,0,0,0,0,0,0,0,0,1,0,0,0,0,0,0,0,0
118.44229286067169,50.0,137.0,0.0153911026741535,78.69999694824219,78.69999694824219,0,0,0,1,0,0,0,0,0,0,0,0,0,0,1,0,0,0,0,0,0
42.29506702511964,50.0,140.0,0.0152896101575746,78.69999694824219,78.69999694824219,0,0,0,1,0,0,0,0,0,0,0,0,1,0,0,0,0,0,0,0,0
112.96583324555192,30.0,142.5,0.015327892869018,78.69999694824219,78.69999694824219,0,0,0,1,0,0,0,0,0,0,0,0,1,0,0,0,0,0,0,0,0
42.29506702511964,50.0,140.0,0.0152896101575746,78.69999694824219,78.69999694824219,0,0,0,1,0,0,0,0,0,0,0,0,1,0,0,0,0,0,0,0,0
177.9538946923313,50.0,138.5,0.0147916741091229,78.69999694824219,78.69999694824219,0,0,0,1,0,0,0,0,0,0,0,0,1,0,0,0,0,0,0,0,0
60.76186580123132,50.0,139.5,0.0157075373588917,78.69999694824219,78.69999694824219,0,0,0,1,0,0,0,0,0,0,0,0,1,0,0,0,0,0,0,0,0
142.91365364710637,15.5531914893617,138.5,0.0154785640527472,78.69999694824219,78.69999694824219,0,0,0,1,0,1,0,0,0,0,0,0,0,0,0,0,0,0,0,0,0
60.76186580123132,50.0,139.5,0.0157075373588917,78.69999694824219,78.69999694824219,0,0,0,1,0,0,0,0,0,0,0,0,1,0,0,0,0,0,0,0,0
98.02710504383754,50.0,141.0,0.0163607593472051,78.69999694824219,78.69999694824219,0,0,0,1,0,0,0,0,0,0,0,0,1,0,0,0,0,0,0,0,0
78.6702263910935,50.0,142.0,0.0161246557610221,78.69999694824219,78.69999694824219,0,0,0,1,0,0,0,0,0,0,0,0,1,0,0,0,0,0,0,0,0
107.57036525126858,30.0,139.5,0.01478391808228,78.69999694824219,78.69999694824219,0,0,0,1,0,0,0,0,0,0,0,0,1,0,0,0,0,0,0,0,0
88.89068535379758,30.0,141.0,0.0139107065090254,78.69999694824219,78.69999694824219,0,0,0,1,0,0,0,0,0,0,0,0,1,0,0,0,0,0,0,0,0
164.11745053807482,30.0,140.5,0.0141133291999883,78.69999694824219,78.69999694824219,0,0,0,1,0,0,0,0,0,0,0,0,1,0,0,0,0,0,0,0,0
82.79019760378367,30.0,139.5,0.0142351444516247,78.69999694824219,78.69999694824219,0,0,0,1,0,0,0,0,0,0,0,0,1,0,0,0,0,0,0,0,0
72.43677815291827,50.0,139.5,0.0141642017201434,78.69999694824219,78.69999694824219,0,0,0,1,0,0,0,0,0,0,0,0,0,0,1,0,0,0,0,0,0
26.869329026274077,50.0,139.5,0.0139569100391143,78.69999694824219,78.69999694824219,0,0,0,1,0,0,0,0,0,0,0,0,0,0,1,0,0,0,0,0,0
164.11745053807476,30.0,140.5,0.0141133291999883,78.69999694824219,78.69999694824219,0,0,0,1,0,0,0,0,0,0,0,0,1,0,0,0,0,0,0,0,0
91.5678100739146,30.0,138.5,0.0130246666378343,78.69999694824219,78.69999694824219,0,0,0,1,0,0,0,0,0,0,0,0,1,0,0,0,0,0,0,0,0
50.161779940515984,30.0,140.0,0.0133307939380401,78.69999694824219,78.69999694824219,0,0,0,1,0,0,0,0,0,0,0,0,1,0,0,0,0,0,0,0,0
25.15588549014088,30.0,140.0,0.013363904754222,78.69999694824219,78.69999694824219,0,0,0,1,0,0,0,0,0,0,0,0,1,0,0,0,0,0,0,0,0
50.161779940515984,30.0,140.0,0.0133307939380401,78.69999694824219,78.69999694824219,0,0,0,1,0,0,0,0,0,0,0,0,1,0,0,0,0,0,0,0,0
80.50847157387211,30.0,141.0,0.0132449163865846,78.69999694824219,78.69999694824219,0,0,0,1,0,0,0,0,0,0,0,0,1,0,0,0,0,0,0,0,0
113.88752543348652,40.0,140.5,0.0117363932147591,74.4000015258789,74.4000015258789,0,0,0,1,0,0,0,0,0,0,0,0,1,0,0,0,0,0,0,0,0
173.94010057472224,50.0,141.0,0.0123057172257015,74.4000015258789,74.4000015258789,0,0,0,1,0,0,0,0,0,0,0,0,0,0,1,0,0,0,0,0,0
30.968408277130965,30.0,138.0,0.0127184639346504,78.69999694824219,78.69999694824219,0,0,0,1,0,0,0,0,0,0,0,0,1,0,0,0,0,0,0,0,0
91.5678100739146,30.0,138.5,0.0130246666378343,78.69999694824219,78.69999694824219,0,0,0,1,0,0,0,0,0,0,0,0,1,0,0,0,0,0,0,0,0
16.31535819281033,30.0,138.0,0.0140538163051885,78.69999694824219,78.69999694824219,0,0,0,1,0,0,0,0,0,0,0,0,1,0,0,0,0,0,0,0,0
177.95389469233126,50.0,138.5,0.0147916741091229,78.69999694824219,78.69999694824219,0,0,0,1,0,0,0,0,0,0,0,0,1,0,0,0,0,0,0,0,0
82.79019760378367,30.0,139.5,0.0142351444516247,78.69999694824219,78.69999694824219,0,0,0,1,0,0,0,0,0,0,0,0,1,0,0,0,0,0,0,0,0
34.83909260108477,30.0,137.5,0.0153563417346067,78.69999694824219,78.69999694824219,0,0,0,1,0,0,0,0,0,0,0,0,1,0,0,0,0,0,0,0,0
107.57036525126856,30.0,139.5,0.01478391808228,78.69999694824219,78.69999694824219,0,0,0,1,0,0,0,0,0,0,0,0,1,0,0,0,0,0,0,0,0
37.35625394967312,50.0,141.0,0.0110561711094941,78.69999694824219,78.69999694824219,0,0,0,1,0,0,0,0,0,0,0,0,0,0,0,1,0,0,0,0,0
194.63361521193255,50.0,142.5,0.0123268073997284,78.69999694824219,78.69999694824219,0,0,0,1,0,0,0,0,0,0,0,0,0,0,1,0,0,0,0,0,0
209.20839120518804,30.0,140.5,0.0106213916922115,78.69999694824219,78.69999694824219,0,0,0,1,0,0,0,0,0,0,0,0,0,0,1,0,0,0,0,0,0
30.895277592285915,50.0,135.0,0.0020732844698355,94.10000610351562,94.10000610351562,0,0,0,1,0,0,0,0,0,0,1,0,0,0,0,0,0,0,0,0,0
24.384382576339533,50.0,135.0,0.0022086236545312,94.10000610351562,94.10000610351562,0,0,0,1,0,0,0,0,0,0,0,0,0,0,1,0,0,0,0,0,0
39.33355468533642,50.0,137.5,0.0052500833605127,94.10000610351562,94.10000610351562,0,0,0,1,0,0,0,0,0,0,0,0,1,0,0,0,0,0,0,0,0
232.6216524367702,50.0,139.0,0.0067866042530658,94.10000610351562,94.10000610351562,0,0,0,1,0,0,0,0,0,0,0,0,0,0,1,0,0,0,0,0,0
169.10711983082885,30.0,136.5,0.0049914511173962,94.10000610351562,94.10000610351562,0,0,0,1,0,0,0,0,0,0,0,0,1,0,0,0,0,0,0,0,0
51.31664372291821,50.0,141.0,0.0087387497919026,94.10000610351562,94.10000610351562,0,0,0,1,0,0,0,0,0,0,0,0,0,0,1,0,0,0,0,0,0
46.26472222871091,50.0,140.5,0.0085245159752737,94.10000610351562,94.10000610351562,0,0,0,1,0,0,0,0,0,0,0,0,1,0,0,0,0,0,0,0,0
131.91887137899587,33.595391008689084,137.0,0.0055268362209751,94.10000610351562,94.10000610351562,0,0,0,1,0,0,0,0,0,0,0,0,1,0,0,0,0,0,0,0,0
144.46993620935498,50.0,138.5,0.0043196076919234,94.10000610351562,94.10000610351562,0,0,0,1,0,0,0,0,0,0,0,0,0,0,1,0,0,0,0,0,0
44.373791319895375,30.0,137.5,0.0091261078536958,78.69999694824219,78.69999694824219,0,0,0,1,0,0,0,0,0,0,0,0,1,0,0,0,0,0,0,0,0
54.88270777448426,30.0,137.5,0.0087800912874962,78.69999694824219,78.69999694824219,0,0,0,1,0,0,0,0,0,0,0,0,1,0,0,0,0,0,0,0,0
112.781778864538,30.0,138.5,0.0090041694446315,78.69999694824219,78.69999694824219,0,0,0,1,0,0,0,0,0,0,0,0,1,0,0,0,0,0,0,0,0
55.03790937201431,33.595391008689084,135.5,0.0071695913828918,94.10000610351562,94.10000610351562,0,0,0,1,0,0,0,0,0,0,0,0,1,0,0,0,0,0,0,0,0
29.40977822106021,30.0,135.0,0.0068098240811304,94.10000610351562,94.10000610351562,0,0,0,1,0,0,0,0,0,0,0,0,1,0,0,0,0,0,0,0,0
198.50626701606444,30.0,135.5,0.0066421790782906,94.10000610351562,94.10000610351562,0,0,0,1,0,0,0,0,0,0,0,0,1,0,0,0,0,0,0,0,0
45.11336961289955,30.0,139.0,0.0090907581531901,78.69999694824219,78.69999694824219,0,0,0,1,0,0,0,0,0,0,0,0,1,0,0,0,0,0,0,0,0
66.62692549665277,30.0,139.0,0.0093071110919635,78.69999694824219,78.69999694824219,0,0,0,1,0,0,0,0,0,0,0,0,1,0,0,0,0,0,0,0,0
356.0618780670308,35.0,138.0,0.0076569023271572,94.10000610351562,94.10000610351562,0,0,0,1,0,0,0,0,0,0,0,0,1,0,0,0,0,0,0,0,0
132.26843396097195,33.595391008689084,140.0,0.0097259134900411,78.69999694824219,78.69999694824219,0,0,0,1,0,0,0,0,0,0,0,0,1,0,0,0,0,0,0,0,0
15.586481077916098,30.0,139.5,0.0093709277569105,78.69999694824219,78.69999694824219,0,0,0,1,0,0,0,0,0,0,0,0,1,0,0,0,0,0,0,0,0
23.548841225862983,50.0,140.0,0.0100104713721906,78.69999694824219,78.69999694824219,0,0,0,1,0,0,0,0,0,0,0,0,1,0,0,0,0,0,0,0,0
37.03220791068726,33.595391008689084,139.0,0.0098853453096943,78.69999694824219,78.69999694824219,0,0,0,1,0,0,0,0,0,0,0,0,1,0,0,0,0,0,0,0,0
7.91938812289902,33.595391008689084,138.0,0.0098296008489713,78.69999694824219,78.69999694824219,0,0,0,1,0,0,0,0,0,0,0,0,1,0,0,0,0,0,0,0,0
78.7927545509091,15.5531914893617,138.0,0.0094901471258981,78.69999694824219,78.69999694824219,0,0,0,1,0,0,1,0,0,0,0,0,0,0,0,0,0,0,0,0,0
69.9379525458481,50.0,138.0,0.009596521455672,78.69999694824219,78.69999694824219,0,0,0,1,0,0,0,0,0,0,0,0,1,0,0,0,0,0,0,0,0
73.89393723004491,33.595391008689084,138.5,0.0086118527914894,94.10000610351562,94.10000610351562,0,0,0,1,0,0,0,0,0,0,0,0,1,0,0,0,0,0,0,0,0
61.05932805071748,50.0,138.5,0.0092203779862282,78.69999694824219,78.69999694824219,0,0,0,1,0,0,0,0,0,0,0,0,1,0,0,0,0,0,0,0,0
64.78237174042647,50.0,139.5,0.0088994004948387,94.10000610351562,94.10000610351562,0,0,0,1,0,0,0,0,0,0,0,0,1,0,0,0,0,0,0,0,0
73.8939372300449,33.595391008689084,138.5,0.0086118527914894,94.10000610351562,94.10000610351562,0,0,0,1,0,0,0,0,0,0,0,0,1,0,0,0,0,0,0,0,0
64.39754209390371,33.595391008689084,138.0,0.0088592684944767,78.69999694824219,78.69999694824219,0,0,0,1,0,0,0,0,0,0,0,0,1,0,0,0,0,0,0,0,0
64.39754209390371,33.595391008689084,138.0,0.0088592684944767,78.69999694824219,78.69999694824219,0,0,0,1,0,0,0,0,0,0,0,0,1,0,0,0,0,0,0,0,0
17.418745850530033,15.5531914893617,139.0,0.0105326615466929,78.69999694824219,78.69999694824219,0,0,0,1,0,1,0,0,0,0,0,0,0,0,0,0,0,0,0,0,0
46.73704937199949,15.5531914893617,139.0,0.0105326615466929,78.69999694824219,78.69999694824219,0,0,0,1,0,1,0,0,0,0,0,0,0,0,0,0,0,0,0,0,0
73.38206980475621,15.5531914893617,140.0,0.0110659111361827,78.69999694824219,78.69999694824219,0,0,0,1,0,1,0,0,0,0,0,0,0,0,0,0,0,0,0,0,0
37.012877590327626,15.5531914893617,142.5,0.0139365610109844,78.69999694824219,78.69999694824219,0,0,0,1,0,1,0,0,0,0,0,0,0,0,0,0,0,0,0,0,0
20.64641757052876,15.5531914893617,143.0,0.013723231765684,78.69999694824219,78.69999694824219,0,0,0,1,0,1,0,0,0,0,0,0,0,0,0,0,0,0,0,0,0
43.3763785190578,15.5531914893617,143.5,0.0141553615321325,78.69999694824219,78.69999694824219,0,0,0,1,0,1,0,0,0,0,0,0,0,0,0,0,0,0,0,0,0
161.03218542033247,50.0,142.5,0.0138632174859018,78.69999694824219,78.69999694824219,0,0,0,1,0,0,0,0,0,0,0,0,1,0,0,0,0,0,0,0,0
100.07520182822762,50.0,143.5,0.014571634769684,78.69999694824219,78.69999694824219,0,0,0,1,0,0,0,0,0,0,0,0,1,0,0,0,0,0,0,0,0
47.94160035538681,50.0,144.0,0.0147024918260142,78.69999694824219,78.69999694824219,0,0,0,1,0,0,0,0,0,0,0,0,1,0,0,0,0,0,0,0,0
20.864640855346284,42.33796296296296,157.0,0.0287682363453644,78.69999694824219,78.69999694824219,0,0,1,0,0,0,0,0,0,0,0,0,0,0,0,0,1,0,0,0,0
124.46524439774664,30.0,163.5,0.029337535058389,78.69999694824219,78.69999694824219,0,0,0,1,0,0,0,0,0,0,0,0,1,0,0,0,0,0,0,0,0
45.01367598526842,30.0,157.0,0.0290377141267734,78.69999694824219,78.69999694824219,0,0,1,0,0,0,0,0,0,0,0,0,0,0,0,0,1,0,0,0,0
77.7884917844995,30.0,200.0,0.0336313258230438,78.69999694824219,78.69999694824219,0,0,0,1,0,0,0,0,0,0,0,0,1,0,0,0,0,0,0,0,0
614.543678694774,30.0,182.5,0.0316444119364966,78.69999694824219,78.69999694824219,0,0,0,1,0,0,0,0,0,0,0,0,1,0,0,0,0,0,0,0,0
291.235003963864,30.0,199.5,0.0342357840359625,78.69999694824219,78.69999694824219,0,0,0,1,0,0,0,0,0,0,0,0,1,0,0,0,0,0,0,0,0
77.78849178449951,30.0,200.0,0.0336313258230438,78.69999694824219,78.69999694824219,0,0,0,1,0,0,0,0,0,0,0,0,1,0,0,0,0,0,0,0,0
247.8667611467124,30.0,205.0,0.0335172046906746,78.69999694824219,78.69999694824219,0,0,0,1,0,0,0,0,0,0,0,0,1,0,0,0,0,0,0,0,0
222.74370148268096,30.0,204.5,0.0345246869432224,78.69999694824219,78.69999694824219,0,0,0,1,0,0,0,0,0,0,0,0,1,0,0,0,0,0,0,0,0
164.6299034936854,30.0,198.5,0.0355044244446749,78.69999694824219,78.69999694824219,0,0,0,1,0,0,0,0,0,0,0,0,1,0,0,0,0,0,0,0,0
222.74370148268105,30.0,204.5,0.0345246869432224,78.69999694824219,78.69999694824219,0,0,0,1,0,0,0,0,0,0,0,0,1,0,0,0,0,0,0,0,0
291.235003963864,30.0,199.5,0.0342357840359625,78.69999694824219,78.69999694824219,0,0,0,1,0,0,0,0,0,0,0,0,1,0,0,0,0,0,0,0,0
378.3499813192915,30.0,179.0,0.0342811121761385,78.69999694824219,78.69999694824219,0,0,0,1,0,0,0,0,0,0,0,0,0,0,0,0,1,0,0,0,0
164.6299034936854,30.0,198.5,0.0355044244446749,78.69999694824219,78.69999694824219,0,0,0,1,0,0,0,0,0,0,0,0,1,0,0,0,0,0,0,0,0
109.62167100168446,50.0,196.0,0.036347438196163,78.69999694824219,78.69999694824219,0,0,0,1,0,0,0,0,0,0,0,0,0,0,0,0,1,0,0,0,0
24.17613636463541,30.0,158.5,0.0316824943247913,78.69999694824219,78.69999694824219,0,1,1,0,0,0,0,0,0,0,0,0,1,0,0,0,0,0,0,0,0
93.34406763284332,30.0,160.5,0.0314606824885825,78.69999694824219,78.69999694824219,0,1,1,0,0,0,0,0,0,0,0,0,0,0,0,0,1,0,0,0,0
133.68722273915088,30.0,162.0,0.0321463939345234,78.69999694824219,78.69999694824219,0,1,1,0,0,0,0,0,0,0,0,0,0,0,0,0,1,0,0,0,0
93.19502612834157,15.5531914893617,162.0,0.0300950404210509,78.69999694824219,78.69999694824219,1,1,1,0,0,1,0,0,0,0,0,0,0,0,0,0,0,0,0,0,0
108.94676702082693,30.0,163.0,0.030561044850212,78.69999694824219,78.69999694824219,0,0,0,1,0,0,0,0,0,0,0,0,0,0,0,0,1,0,0,0,0
236.2788282132223,30.0,161.5,0.0309138749828036,78.69999694824219,78.69999694824219,0,0,0,1,0,0,0,0,0,0,0,0,0,0,0,0,1,0,0,0,0
505.2360064340954,15.5531914893617,165.0,0.0316439790405359,78.69999694824219,78.69999694824219,0,0,0,1,0,1,0,0,0,0,0,0,0,0,0,0,0,0,0,0,0
278.56675503537025,30.0,161.0,0.0299760982779908,78.69999694824219,78.69999694824219,0,0,1,0,0,0,0,0,0,0,0,0,0,0,0,0,1,0,0,0,0
108.94676702082693,30.0,163.0,0.030561044850212,78.69999694824219,78.69999694824219,0,0,0,1,0,0,0,0,0,0,0,0,0,0,0,0,1,0,0,0,0
98.43751616449588,30.0,201.5,0.0366584553659316,78.69999694824219,78.69999694824219,0,0,0,1,0,0,0,0,0,0,0,0,1,0,0,0,0,0,0,0,0
109.62167100168446,50.0,196.0,0.036347438196163,78.69999694824219,78.69999694824219,0,0,0,1,0,0,0,0,0,0,0,0,0,0,0,0,1,0,0,0,0
1219.2218498079512,50.0,219.0,0.0417353268858176,78.69999694824219,78.69999694824219,0,0,0,1,0,0,0,0,0,0,0,0,0,0,0,0,1,0,0,0,0
24.17613636463541,30.0,158.5,0.0316824943247913,78.69999694824219,78.69999694824219,0,1,1,0,0,0,0,0,0,0,0,0,1,0,0,0,0,0,0,0,0
110.90384970708598,30.0,160.0,0.0314910200610232,78.69999694824219,78.69999694824219,1,1,1,0,0,0,0,0,0,0,0,0,1,0,0,0,0,0,0,0,0
183.8648086386512,30.0,202.0,0.031803043463918,78.69999694824219,78.69999694824219,0,0,0,1,0,0,0,0,0,0,0,0,1,0,0,0,0,0,0,0,0
100.75368047871557,30.0,173.5,0.0304550125557646,78.69999694824219,78.69999694824219,0,0,0,1,0,0,0,0,0,0,0,0,1,0,0,0,0,0,0,0,0
614.543678694774,30.0,182.5,0.0316444119364966,78.69999694824219,78.69999694824219,0,0,0,1,0,0,0,0,0,0,0,0,1,0,0,0,0,0,0,0,0
124.46524439774664,30.0,163.5,0.029337535058389,78.69999694824219,78.69999694824219,0,0,0,1,0,0,0,0,0,0,0,0,1,0,0,0,0,0,0,0,0
18.577978059093468,30.0,138.0,0.0128556639326333,78.69999694824219,78.69999694824219,0,0,0,1,0,0,0,0,0,0,0,0,1,0,0,0,0,0,0,0,0
17.837673416170578,30.0,137.5,0.0129992584126157,78.69999694824219,78.69999694824219,0,0,0,1,0,0,0,0,0,0,0,0,1,0,0,0,0,0,0,0,0
28.87920681189885,30.0,138.0,0.012774833698462,78.69999694824219,78.69999694824219,0,0,0,1,0,0,0,0,0,0,0,0,1,0,0,0,0,0,0,0,0
38.39923073639247,30.0,141.0,0.0134446595854151,78.69999694824219,78.69999694824219,0,0,0,1,0,0,0,0,0,0,0,0,1,0,0,0,0,0,0,0,0
25.15588549014088,30.0,140.0,0.013363904754222,78.69999694824219,78.69999694824219,0,0,0,1,0,0,0,0,0,0,0,0,1,0,0,0,0,0,0,0,0
24.842740985454377,33.595391008689084,277.0,0.0393684095588728,78.69999694824219,78.69999694824219,0,0,0,1,0,0,0,0,0,0,0,0,1,0,0,0,0,0,0,0,0
49.746528919472254,33.595391008689084,277.0,0.039423157163257,78.69999694824219,78.69999694824219,0,0,0,1,0,0,0,0,0,0,0,0,1,0,0,0,0,0,0,0,0
48.78714542443322,33.595391008689084,276.5,0.0395311935314876,78.69999694824219,78.69999694824219,0,0,0,1,0,0,0,0,0,0,0,0,1,0,0,0,0,0,0,0,0
70.72918946641794,7.0,276.0,0.0398924492558521,78.69999694824219,78.69999694824219,0,0,0,1,0,1,0,0,0,0,0,0,0,0,0,0,0,0,0,0,0
49.746528919472254,33.595391008689084,277.0,0.039423157163257,78.69999694824219,78.69999694824219,0,0,0,1,0,0,0,0,0,0,0,0,1,0,0,0,0,0,0,0,0
29.15530217677423,7.0,274.5,0.0403792336185792,78.69999694824219,78.69999694824219,0,0,0,1,0,1,0,0,0,0,0,0,0,0,0,0,0,0,0,0,0
30.37964516543105,15.5531914893617,274.5,0.0403792336185792,78.69999694824219,78.69999694824219,0,0,0,1,0,1,0,0,0,0,0,0,0,0,0,0,0,0,0,0,0
70.72918946641794,7.0,276.0,0.0398924492558521,78.69999694824219,78.69999694824219,0,0,0,1,0,1,0,0,0,0,0,0,0,0,0,0,0,0,0,0,0
8.523030649884207,7.0,273.5,0.0404795382392455,78.69999694824219,78.69999694824219,0,0,0,1,0,1,0,0,0,0,0,0,0,0,0,0,0,0,0,0,0
29.15530217677423,7.0,274.5,0.0403792336185792,78.69999694824219,78.69999694824219,0,0,0,1,0,1,0,0,0,0,0,0,0,0,0,0,0,0,0,0,0
30.37964516543105,15.5531914893617,274.5,0.0403792336185792,78.69999694824219,78.69999694824219,0,0,0,1,0,1,0,0,0,0,0,0,0,0,0,0,0,0,0,0,0
34.41033071677349,7.0,273.0,0.0410176156914596,78.69999694824219,78.69999694824219,0,0,0,1,0,1,0,0,0,0,0,0,0,0,0,0,0,0,0,0,0
31.160819818901643,7.0,273.0,0.0406939868090153,78.69999694824219,78.69999694824219,0,0,0,1,0,1,0,0,0,0,0,0,0,0,0,0,0,0,0,0,0
37.07521631257769,15.5531914893617,273.0,0.0408205669928322,78.69999694824219,78.69999694824219,0,0,0,1,0,1,0,0,0,0,0,0,0,0,0,0,0,0,0,0,0
11.757873856695882,7.0,272.0,0.0413776991436811,78.69999694824219,78.69999694824219,0,0,0,1,0,1,0,0,0,0,0,0,0,0,0,0,0,0,0,0,0
28.58791811456044,7.0,272.5,0.0412424558288745,78.69999694824219,78.69999694824219,0,0,0,1,0,1,0,0,0,0,0,0,0,0,0,0,0,0,0,0,0
28.56914136119471,15.5531914893617,272.5,0.0412424558288745,78.69999694824219,78.69999694824219,0,0,0,1,0,1,0,0,0,0,0,0,0,0,0,0,0,0,0,0,0
28.142047296013263,7.0,272.0,0.041485222326492,78.69999694824219,78.69999694824219,0,0,0,1,0,1,0,0,0,0,0,0,0,0,0,0,0,0,0,0,0
41.92899082631434,15.5531914893617,271.5,0.041654839175782,78.69999694824219,78.69999694824219,0,0,0,1,0,1,0,0,0,0,0,0,0,0,0,0,0,0,0,0,0
42.93089047494431,7.0,271.5,0.0416545457260362,78.69999694824219,78.69999694824219,0,0,0,1,0,1,0,0,0,0,0,0,0,0,0,0,0,0,0,0,0
26.72905618654761,15.5531914893617,271.0,0.0418424329074536,78.69999694824219,78.69999694824219,0,0,0,1,0,1,0,0,0,0,0,0,0,0,0,0,0,0,0,0,0
25.387720812710427,7.0,271.0,0.0418424329074536,78.69999694824219,78.69999694824219,0,0,0,1,0,1,0,0,0,0,0,0,0,0,0,0,0,0,0,0,0
42.93089047494431,7.0,271.5,0.0416545457260362,78.69999694824219,78.69999694824219,0,0,0,1,0,1,0,0,0,0,0,0,0,0,0,0,0,0,0,0,0
10.93750978544739,7.0,270.5,0.0419662875073617,78.69999694824219,78.69999694824219,0,0,0,1,0,1,0,0,0,0,0,0,0,0,0,0,0,0,0,0,0
26.72905618654761,15.5531914893617,271.0,0.0418424329074536,78.69999694824219,78.69999694824219,0,0,0,1,0,1,0,0,0,0,0,0,0,0,0,0,0,0,0,0,0
25.387720812710427,7.0,271.0,0.0418424329074536,78.69999694824219,78.69999694824219,0,0,0,1,0,1,0,0,0,0,0,0,0,0,0,0,0,0,0,0,0
162.05601611915114,30.0,166.5,0.0236483599313718,78.69999694824219,78.69999694824219,0,0,0,1,0,0,0,0,0,0,0,0,1,0,0,0,0,0,0,0,0
617.7037532167774,30.0,200.5,0.024244325576597,78.69999694824219,78.69999694824219,0,0,0,1,0,0,0,0,0,0,0,0,1,0,0,0,0,0,0,0,0
274.5786638446474,50.0,139.5,0.0180647994192128,78.69999694824219,78.69999694824219,0,0,0,1,0,0,0,0,0,0,0,0,1,0,0,0,0,0,0,0,0
467.7887177504848,50.0,138.0,0.0163799527838094,78.69999694824219,78.69999694824219,0,0,0,1,0,0,0,0,0,0,0,0,1,0,0,0,0,0,0,0,0
136.19750287059156,30.0,139.5,0.0180103761064515,78.69999694824219,78.69999694824219,0,0,0,1,0,0,0,0,0,0,0,0,1,0,0,0,0,0,0,0,0
230.4854821143092,33.595391008689084,260.5,0.0376596013530181,78.69999694824219,78.69999694824219,0,0,0,1,0,0,0,0,0,0,0,0,1,0,0,0,0,0,0,0,0
215.14822735062788,50.0,251.0,0.0395313249424433,78.69999694824219,78.69999694824219,0,0,0,1,0,0,0,0,0,0,0,0,0,0,0,0,1,0,0,0,0
54.16056085674927,42.33796296296296,255.0,0.0391497558631399,78.69999694824219,78.69999694824219,0,0,0,1,0,0,0,0,0,0,0,0,0,0,0,0,1,0,0,0,0
93.98670182683163,50.0,253.0,0.0397356486645135,78.69999694824219,78.69999694824219,0,0,0,1,0,0,0,0,0,0,0,0,1,0,0,0,0,0,0,0,0
58.1061363838592,50.0,209.0,0.0075559719098469,86.80000305175781,86.80000305175781,0,0,0,1,0,0,0,0,0,0,1,0,0,0,0,0,0,0,0,0,0
78.47240521495708,50.0,216.0,0.0082356189667522,86.80000305175781,86.80000305175781,0,0,0,1,0,0,0,0,0,0,1,0,0,0,0,0,0,0,0,0,0
84.05379830004874,50.0,190.5,0.0062721152688006,86.80000305175781,86.80000305175781,0,0,0,1,0,0,0,0,0,0,1,0,0,0,0,0,0,0,0,0,0
99.9031309915515,50.8,199.0,0.0071933627206718,86.80000305175781,86.80000305175781,0,0,0,1,0,0,0,0,0,0,0,1,0,0,0,0,0,0,0,0,0
42.64944674496098,50.0,200.0,0.0070025117459482,86.80000305175781,86.80000305175781,0,0,0,1,0,0,0,0,0,0,1,0,0,0,0,0,0,0,0,0,0
162.98997881516877,33.595391008689084,186.0,0.0062040607206712,86.80000305175781,86.80000305175781,0,0,0,1,0,0,0,0,0,0,0,0,1,0,0,0,0,0,0,0,0
347.8383150180178,50.0,171.5,0.0039299751724748,86.80000305175781,86.80000305175781,1,0,0,1,0,0,0,0,0,0,1,0,0,0,0,0,0,0,0,0,0
84.05379830004873,50.0,190.5,0.0062721152688006,86.80000305175781,86.80000305175781,0,0,0,1,0,0,0,0,0,0,1,0,0,0,0,0,0,0,0,0,0
194.53007713147355,50.0,128.0,0.0020955878631228,86.80000305175781,86.80000305175781,1,1,1,0,0,0,0,0,0,0,1,0,0,0,0,0,0,0,0,0,0
292.5513850740282,50.0,140.5,0.0017157514708458,86.80000305175781,86.80000305175781,1,1,1,0,0,0,0,0,0,0,1,0,0,0,0,0,0,0,0,0,0
93.55401332919332,50.0,171.5,0.0065652486748191,94.10000610351562,94.10000610351562,0,0,0,1,0,0,0,0,0,0,1,0,0,0,0,0,0,0,0,0,0
161.2331605650223,50.0,173.0,0.0069010090488673,94.10000610351562,94.10000610351562,0,0,0,1,0,0,0,0,0,0,0,1,0,0,0,0,0,0,0,0,0
210.6303873674353,50.0,163.0,0.0052990447839256,94.10000610351562,94.10000610351562,0,0,0,1,0,0,0,0,0,0,1,0,0,0,0,0,0,0,0,0,0
21.406753705114543,50.0,133.0,0.0022962046407172,94.10000610351562,94.10000610351562,0,0,0,1,0,0,0,0,0,0,1,0,0,0,0,0,0,0,0,0,0
13.904730806759536,50.0,131.5,0.0022277099549203,94.10000610351562,94.10000610351562,0,0,0,1,0,0,0,0,0,0,0,1,0,0,0,0,0,0,0,0,0
27.827403051638704,50.0,133.5,0.0024782570647506,94.10000610351562,94.10000610351562,0,0,0,1,0,0,0,0,0,0,1,0,0,0,0,0,0,0,0,0,0
41.10825263759214,50.0,131.0,0.0017537230740741,94.10000610351562,94.10000610351562,0,0,1,0,0,0,0,0,0,0,1,0,0,0,0,0,0,0,0,0,0
36.23827904622378,50.0,129.0,0.0016011484593458,94.10000610351562,94.10000610351562,0,0,1,0,0,0,0,0,0,0,1,0,0,0,0,0,0,0,0,0,0
94.71981934632328,50.0,131.0,0.0017737517601997,94.10000610351562,94.10000610351562,0,1,1,0,0,0,0,0,0,0,0,0,1,0,0,0,0,0,0,0,0
70.35226341372686,50.0,134.5,0.0124808505196272,74.4000015258789,74.4000015258789,0,0,0,1,0,0,0,0,0,0,0,0,1,0,0,0,0,0,0,0,0
121.4142870506612,50.0,133.0,0.0117559974204606,74.4000015258789,74.4000015258789,0,0,0,1,0,0,0,0,0,0,0,0,1,0,0,0,0,0,0,0,0
520.0508137078707,33.595391008689084,135.5,0.0131920002324861,74.4000015258789,74.4000015258789,0,0,0,1,0,0,0,0,0,0,0,0,1,0,0,0,0,0,0,0,0
263.3670428906064,30.0,134.5,0.0090639339415782,86.80000305175781,86.80000305175781,0,0,1,0,0,0,0,0,0,0,0,0,1,0,0,0,0,0,0,0,0
157.06832890903632,30.0,136.0,0.0093765538286746,74.4000015258789,74.4000015258789,0,0,1,0,0,0,0,0,0,0,0,0,1,0,0,0,0,0,0,0,0
74.77136104835778,30.0,135.5,0.0060065799812909,94.10000610351562,94.10000610351562,0,0,0,1,0,0,0,0,0,0,0,0,1,0,0,0,0,0,0,0,0
147.36180474438217,30.0,137.0,0.0049444510556296,94.10000610351562,94.10000610351562,0,0,0,1,0,0,0,0,0,0,0,0,1,0,0,0,0,0,0,0,0
38.59729620872529,33.595391008689084,136.0,0.005816835092102,94.10000610351562,94.10000610351562,0,0,0,1,0,0,0,0,0,0,0,0,1,0,0,0,0,0,0,0,0
818.4583201939965,50.0,131.0,0.0019347033959425,94.10000610351562,94.10000610351562,0,0,1,0,0,0,0,0,0,0,1,0,0,0,0,0,0,0,0,0,0
325.48065329856263,30.0,130.5,0.0018212389343446,74.4000015258789,74.4000015258789,0,0,1,0,0,0,0,0,0,0,0,0,1,0,0,0,0,0,0,0,0
445.4192916697456,30.0,131.5,0.003532307298894,74.4000015258789,74.4000015258789,0,0,1,0,0,0,0,0,0,0,0,0,1,0,0,0,0,0,0,0,0
324.553024770375,33.595391008689084,132.5,0.0018884563009552,74.4000015258789,74.4000015258789,0,0,1,0,0,0,0,0,0,0,0,0,1,0,0,0,0,0,0,0,0
94.71981934632328,50.0,131.0,0.0017737517601997,94.10000610351562,94.10000610351562,0,1,1,0,0,0,0,0,0,0,0,0,1,0,0,0,0,0,0,0,0
267.8825133564596,50.0,132.0,0.0036331463428777,94.10000610351562,94.10000610351562,0,0,1,0,0,0,0,0,0,0,1,0,0,0,0,0,0,0,0,0,0
759.843304504473,50.0,133.0,0.0020809484638965,94.10000610351562,94.10000610351562,0,0,1,0,0,0,0,0,0,0,1,0,0,0,0,0,0,0,0,0,0
27.100687439094507,47.53488372093023,132.0,0.0094144294799492,94.10000610351562,94.10000610351562,0,0,1,0,0,0,0,0,0,0,0,0,0,0,0,0,0,0,1,0,0
116.29773947822122,50.0,132.0,0.0099671369496269,94.10000610351562,94.10000610351562,0,0,0,1,0,0,0,0,0,0,1,0,0,0,0,0,0,0,0,0,0
40.66519679492984,50.0,132.0,0.0082816448171533,94.10000610351562,94.10000610351562,0,0,1,0,0,0,0,0,0,0,1,0,0,0,0,0,0,0,0,0,0
100.74352683305828,50.0,132.0,0.0078449532089294,94.10000610351562,94.10000610351562,0,0,1,0,0,0,0,0,0,0,1,0,0,0,0,0,0,0,0,0,0
21.698341157625183,70.0,132.0,0.0124867871294396,94.10000610351562,94.10000610351562,0,0,0,1,0,0,0,0,0,0,0,0,0,0,0,0,0,0,1,0,0
143.87960746388103,70.0,132.0,0.0127101675947747,94.10000610351562,94.10000610351562,0,0,1,0,0,0,0,0,0,0,1,0,0,0,0,0,0,0,0,0,0
283.2509301594265,33.595391008689084,132.0,0.0152267869899003,94.10000610351562,94.10000610351562,0,0,0,1,0,0,0,0,0,0,0,0,1,0,0,0,0,0,0,0,0
212.4438824247732,50.0,132.5,0.0144105251427016,94.10000610351562,94.10000610351562,0,0,0,1,0,0,0,0,0,0,0,0,1,0,0,0,0,0,0,0,0
344.8893447370865,50.0,131.5,0.014968563164839,94.10000610351562,94.10000610351562,0,0,0,1,0,0,0,0,0,0,0,0,1,0,0,0,0,0,0,0,0
23.25884938639574,70.0,378.0,0.0331434807862009,78.69999694824219,78.69999694824219,0,0,0,1,0,0,0,0,0,0,0,0,0,0,1,0,0,0,0,0,0
5.662707605113051,70.0,378.0,0.0332773240353088,78.69999694824219,78.69999694824219,0,0,0,1,0,0,0,0,0,0,0,0,0,0,1,0,0,0,0,0,0
202.72582799128145,77.95454545454545,334.5,0.0281419220067888,86.80000305175781,86.80000305175781,0,0,0,1,0,0,0,1,0,0,0,0,0,0,0,0,0,0,0,0,0
28.82428637127191,50.0,131.5,0.0070523677677279,94.10000610351562,94.10000610351562,0,0,0,1,0,0,0,0,0,0,1,0,0,0,0,0,0,0,0,0,0
202.05027405515517,50.0,128.0,0.0014012600383996,94.10000610351562,94.10000610351562,1,1,1,0,0,0,0,0,0,0,1,0,0,0,0,0,0,0,0,0,0
66.40760386818086,50.0,129.5,0.0013945958757093,94.10000610351562,94.10000610351562,1,1,1,0,0,0,0,0,0,0,1,0,0,0,0,0,0,0,0,0,0
187.39823571267755,50.0,128.5,0.0011985374256709,94.10000610351562,94.10000610351562,1,1,1,0,0,0,0,0,0,0,0,1,0,0,0,0,0,0,0,0,0
40.780626803825534,50.0,132.0,0.0020821107980609,94.10000610351562,94.10000610351562,0,0,1,0,0,0,0,0,0,0,1,0,0,0,0,0,0,0,0,0,0
36.89102033070123,50.0,132.0,0.0021132256770676,94.10000610351562,94.10000610351562,0,0,1,0,0,0,0,0,0,0,1,0,0,0,0,0,0,0,0,0,0
613.9333669055713,50.0,129.0,0.0017964425395578,94.10000610351562,94.10000610351562,0,1,1,0,0,0,0,0,0,0,1,0,0,0,0,0,0,0,0,0,0
11.900735991847826,50.0,135.0,0.0019955154552169,94.10000610351562,94.10000610351562,0,0,0,1,0,0,0,0,0,0,0,0,0,0,1,0,0,0,0,0,0
724.0372942426937,50.0,131.5,0.0018645188463931,94.10000610351562,94.10000610351562,0,0,0,1,0,0,0,0,0,0,1,0,0,0,0,0,0,0,0,0,0
6.232673193717111,50.0,132.0,0.0023683985620014,94.10000610351562,94.10000610351562,0,0,0,1,0,0,0,0,0,0,1,0,0,0,0,0,0,0,0,0,0
56.11330250087495,50.0,132.5,0.0022683024248797,94.10000610351562,94.10000610351562,0,0,1,0,0,0,0,0,0,0,1,0,0,0,0,0,0,0,0,0,0
12.063029593460223,50.0,135.0,0.0020250723234287,94.10000610351562,94.10000610351562,0,0,0,1,0,0,0,0,0,0,0,0,0,0,1,0,0,0,0,0,0
59.96088147536321,50.0,135.0,0.002044263125749,94.10000610351562,94.10000610351562,0,0,0,1,0,0,0,0,0,0,1,0,0,0,0,0,0,0,0,0,0
11.914748060722218,50.0,135.0,0.0019134398628298,94.10000610351562,94.10000610351562,0,0,0,1,0,0,0,0,0,0,0,0,0,0,0,0,0,0,1,0,0
106.3103033437408,50.0,134.0,0.00193201022765,94.10000610351562,94.10000610351562,0,0,1,0,0,0,0,0,0,0,1,0,0,0,0,0,0,0,0,0,0
15.488228871610485,50.0,135.0,0.00194730330881,94.10000610351562,94.10000610351562,0,0,0,1,0,0,0,0,0,0,1,0,0,0,0,0,0,0,0,0,0
19.506014538891325,50.0,129.0,0.002748768176193,86.80000305175781,86.80000305175781,0,0,0,1,0,0,0,0,0,0,0,0,0,0,1,0,0,0,0,0,0
153.58392612186944,50.0,129.5,0.0024175591437504,86.80000305175781,86.80000305175781,0,0,1,0,0,0,0,0,0,0,1,0,0,0,0,0,0,0,0,0,0
13.481912789759836,50.0,132.0,0.0025688154577619,86.80000305175781,86.80000305175781,0,0,1,0,0,0,0,0,0,0,0,0,0,0,1,0,0,0,0,0,0
40.725590287676496,50.0,131.0,0.0026516062285946,86.80000305175781,86.80000305175781,0,0,1,0,0,0,0,0,0,0,1,0,0,0,0,0,0,0,0,0,0
106.37732332596204,50.0,131.0,0.0024148431902116,86.80000305175781,86.80000305175781,0,0,1,0,0,0,0,0,0,0,1,0,0,0,0,0,0,0,0,0,0
292.48476779496457,30.0,131.0,0.0036990986319721,86.80000305175781,86.80000305175781,0,0,1,0,0,0,0,0,0,0,0,0,1,0,0,0,0,0,0,0,0
614.2499134264705,75.0,130.5,0.0019433433214386,74.4000015258789,74.4000015258789,1,0,1,0,0,0,0,0,0,1,0,0,0,0,0,0,0,0,0,0,0
284.0729326115717,50.0,132.0,0.0021771803825743,74.4000015258789,74.4000015258789,0,0,1,0,0,0,0,0,0,0,0,1,0,0,0,0,0,0,0,0,0
274.07635023865754,44.583333333333336,131.5,0.0024358204839604,74.4000015258789,74.4000015258789,1,0,1,0,0,0,0,0,1,0,0,0,0,0,0,0,0,0,0,0,0
23.3972145287888,50.0,132.5,0.002679806919395,74.4000015258789,74.4000015258789,0,0,1,0,0,0,0,0,0,0,0,0,0,0,1,0,0,0,0,0,0
80.70137392373904,50.0,131.5,0.0022545827833767,74.4000015258789,74.4000015258789,0,0,1,0,0,0,0,0,0,0,0,0,0,0,1,0,0,0,0,0,0
62.21555218151602,50.0,132.0,0.0025659278618205,74.4000015258789,74.4000015258789,0,0,1,0,0,0,0,0,0,0,0,0,0,0,1,0,0,0,0,0,0
22.86891113319121,50.0,132.5,0.0025557784875215,74.4000015258789,74.4000015258789,0,0,1,0,0,0,0,0,0,0,0,0,0,0,1,0,0,0,0,0,0
19.10636735346545,50.0,132.0,0.0032873908689748,74.4000015258789,74.4000015258789,0,0,1,0,0,0,0,0,0,0,0,0,0,0,1,0,0,0,0,0,0
10.039245743862027,50.0,133.0,0.0027856839498047,74.4000015258789,74.4000015258789,0,0,1,0,0,0,0,0,0,0,0,0,0,0,1,0,0,0,0,0,0
73.31751184663065,40.0,132.0,0.0066351447786868,74.4000015258789,74.4000015258789,0,0,1,0,0,0,0,0,0,0,0,0,1,0,0,0,0,0,0,0,0
410.1781092126576,30.0,133.5,0.0076891459055804,74.4000015258789,74.4000015258789,0,0,1,0,0,0,0,0,0,0,0,0,1,0,0,0,0,0,0,0,0
203.1485761058137,50.0,132.5,0.0058429201125782,74.4000015258789,74.4000015258789,0,0,1,0,0,0,0,0,0,0,0,0,1,0,0,0,0,0,0,0,0
154.31420323442242,30.0,134.0,0.0074315812241372,74.4000015258789,74.4000015258789,0,0,0,1,0,0,0,0,0,0,0,0,1,0,0,0,0,0,0,0,0
264.6443011347713,50.0,129.0,0.0017940725572459,94.10000610351562,94.10000610351562,1,1,1,0,0,0,0,0,0,0,1,0,0,0,0,0,0,0,0,0,0
56.11330250087495,50.0,132.5,0.0022683024248797,94.10000610351562,94.10000610351562,0,0,1,0,0,0,0,0,0,0,1,0,0,0,0,0,0,0,0,0,0
12.783788799753824,50.0,133.0,0.0020911783606023,94.10000610351562,94.10000610351562,0,0,1,0,0,0,0,0,0,0,1,0,0,0,0,0,0,0,0,0,0
31.09854422127528,50.0,133.0,0.006896283903802,94.10000610351562,94.10000610351562,1,0,1,0,0,0,0,0,0,0,1,0,0,0,0,0,0,0,0,0,0
39.05782374751816,50.0,133.0,0.0065498904355254,94.10000610351562,94.10000610351562,0,0,1,0,0,0,0,0,0,0,1,0,0,0,0,0,0,0,0,0,0
80.67167273118888,30.0,137.0,0.0014930395924544,74.4000015258789,74.4000015258789,0,0,0,1,0,0,0,0,0,0,0,0,0,0,1,0,0,0,0,0,0
256.7555642822027,30.0,147.5,0.0024276545306697,74.4000015258789,74.4000015258789,0,0,0,1,0,0,0,0,0,0,0,0,1,0,0,0,0,0,0,0,0
33.08314626524653,30.0,132.5,0.0010388676794195,74.4000015258789,74.4000015258789,0,1,1,0,0,0,0,0,0,0,0,0,0,0,1,0,0,0,0,0,0
11.977808965017918,30.0,132.0,0.0009391907696005,74.4000015258789,74.4000015258789,0,1,1,0,0,0,0,0,0,0,0,0,0,0,1,0,0,0,0,0,0
70.47973657038135,30.0,134.5,0.0010744118426725,74.4000015258789,74.4000015258789,0,1,1,0,0,0,0,0,0,0,0,0,0,0,0,0,1,0,0,0,0
83.54507791353834,33.595391008689084,128.5,0.0017337409669113,86.80000305175781,86.80000305175781,0,0,1,0,0,0,0,0,0,0,0,0,1,0,0,0,0,0,0,0,0
782.6484603718792,30.0,141.5,0.0083520685688139,74.4000015258789,74.4000015258789,0,0,0,1,0,0,0,0,0,0,0,0,1,0,0,0,0,0,0,0,0
47.81686988796369,30.0,136.5,0.007253162457968,74.4000015258789,74.4000015258789,0,0,0,1,0,0,0,0,0,0,0,0,1,0,0,0,0,0,0,0,0
1717.9576845380957,30.0,137.5,0.0043830032824457,78.69999694824219,78.69999694824219,0,0,1,0,0,0,0,0,0,0,0,0,1,0,0,0,0,0,0,0,0
46.79275336419307,50.0,130.0,0.0016824543098153,74.4000015258789,74.4000015258789,0,0,1,0,0,0,0,0,0,0,0,0,1,0,0,0,0,0,0,0,0
351.5570910983201,40.0,128.0,0.0014108343757316,74.4000015258789,74.4000015258789,0,0,1,0,0,0,0,0,0,0,0,0,0,0,0,0,0,0,0,0,1
292.5513850740282,50.0,140.5,0.0017157514708458,86.80000305175781,86.80000305175781,1,1,1,0,0,0,0,0,0,0,1,0,0,0,0,0,0,0,0,0,0
29.122756751644623,50.0,154.0,0.0018318256633593,86.80000305175781,86.80000305175781,0,0,0,1,0,0,0,0,0,0,1,0,0,0,0,0,0,0,0,0,0
29.56067218461541,50.0,154.0,0.0018309432093301,86.80000305175781,86.80000305175781,0,0,0,1,0,0,0,0,0,0,1,0,0,0,0,0,0,0,0,0,0
53.85732121409182,50.0,131.5,0.0057958805533807,94.10000610351562,94.10000610351562,0,0,1,0,0,0,0,0,0,0,0,0,0,0,0,0,1,0,0,0,0
137.88392289404894,50.0,131.5,0.0059381389204142,94.10000610351562,94.10000610351562,0,0,1,0,0,0,0,0,0,0,1,0,0,0,0,0,0,0,0,0,0
36.30215561777037,50.0,132.5,0.0065192107156333,94.10000610351562,94.10000610351562,0,0,1,0,0,0,0,0,0,0,1,0,0,0,0,0,0,0,0,0,0
42.60739771688294,50.0,132.5,0.0063265737365677,94.10000610351562,94.10000610351562,0,0,1,0,0,0,0,0,0,0,0,1,0,0,0,0,0,0,0,0,0
521.7008394504231,50.0,133.0,0.0085962281222775,94.10000610351562,94.10000610351562,0,0,1,0,0,0,0,0,0,0,0,0,0,0,0,0,0,0,1,0,0
300.57495553409933,50.0,134.0,0.0099464383386394,94.10000610351562,94.10000610351562,0,0,1,0,0,0,0,0,0,0,0,0,0,0,0,0,0,0,1,0,0
83.02442581367889,47.53488372093023,134.0,0.0098362430367874,94.10000610351562,94.10000610351562,0,0,1,0,0,0,0,0,0,0,0,0,0,0,0,0,0,0,1,0,0
44.04792650965272,50.0,135.0,0.0107655482963237,94.10000610351562,94.10000610351562,0,0,1,0,0,0,0,0,0,0,0,0,1,0,0,0,0,0,0,0,0
21.04444986649303,50.0,134.5,0.0110079007227844,94.10000610351562,94.10000610351562,0,0,1,0,0,0,0,0,0,0,0,0,0,0,0,0,0,0,1,0,0
34.61783913364928,50.0,134.5,0.0111454624737157,94.10000610351562,94.10000610351562,0,0,1,0,0,0,0,0,0,0,0,0,0,0,0,0,0,0,1,0,0
24.92085032870544,50.0,133.0,0.0089037828847118,94.10000610351562,94.10000610351562,0,0,1,0,0,0,0,0,0,0,0,0,0,0,0,0,0,0,1,0,0
23.20200323778241,50.0,133.5,0.0090486016398158,94.10000610351562,94.10000610351562,0,0,1,0,0,0,0,0,0,0,0,0,0,0,0,0,0,0,1,0,0
46.11256969981271,50.0,134.0,0.0092483308606899,94.10000610351562,94.10000610351562,0,0,1,0,0,0,0,0,0,0,0,0,0,0,0,0,0,0,1,0,0
120.54435915636368,50.0,141.0,0.0121585371443232,74.4000015258789,74.4000015258789,0,0,0,1,0,0,0,0,0,0,0,0,0,0,1,0,0,0,0,0,0
194.682441384542,50.0,130.5,0.0051346746837442,74.4000015258789,74.4000015258789,0,0,1,0,0,0,0,0,0,0,0,0,0,0,0,0,0,0,1,0,0
341.95608054089485,50.0,134.0,0.0062276815822266,74.4000015258789,74.4000015258789,0,0,0,1,0,0,0,0,0,0,0,0,0,0,0,0,0,0,1,0,0
930.6003014809154,40.0,130.0,0.0038243404204047,74.4000015258789,74.4000015258789,0,0,1,0,0,0,0,0,0,0,0,0,0,0,0,0,0,0,1,0,0
534.6747025741695,50.0,129.5,0.0018781147607553,74.4000015258789,74.4000015258789,0,0,1,0,0,0,0,0,0,0,0,0,0,0,1,0,0,0,0,0,0
336.7326711631987,50.0,131.0,0.0023820502889205,74.4000015258789,74.4000015258789,0,0,1,0,0,0,0,0,0,0,0,0,0,0,1,0,0,0,0,0,0
244.63826358111845,50.0,129.5,0.003131522520698,74.4000015258789,74.4000015258789,0,0,1,0,0,0,0,0,0,0,0,0,0,0,0,0,0,0,1,0,0
74.45831751553354,30.0,133.0,0.0069367919996396,74.4000015258789,74.4000015258789,0,0,1,0,0,0,0,0,0,0,0,0,1,0,0,0,0,0,0,0,0
151.75390213332162,15.5531914893617,134.0,0.0075251942994247,74.4000015258789,74.4000015258789,0,0,0,1,0,1,0,0,0,0,0,0,0,0,0,0,0,0,0,0,0
88.19983492189607,15.5531914893617,133.0,0.0070688021325958,74.4000015258789,74.4000015258789,0,0,0,1,0,1,0,0,0,0,0,0,0,0,0,0,0,0,0,0,0
143.7102899843232,30.0,131.5,0.0062520243824528,74.4000015258789,74.4000015258789,0,0,1,0,0,0,0,0,0,0,0,0,1,0,0,0,0,0,0,0,0
75.59606031694742,30.0,132.5,0.0063179549013093,74.4000015258789,74.4000015258789,0,0,1,0,0,0,0,0,0,0,0,0,1,0,0,0,0,0,0,0,0
460.2066356674889,33.595391008689084,132.0,0.0041519075749287,74.4000015258789,74.4000015258789,0,0,1,0,0,0,0,0,0,0,0,0,1,0,0,0,0,0,0,0,0
270.6059911921389,30.0,149.0,0.0101759496886762,78.69999694824219,78.69999694824219,0,0,0,1,0,0,0,0,0,0,0,0,1,0,0,0,0,0,0,0,0
782.6484603718791,30.0,141.5,0.0083520685688139,74.4000015258789,74.4000015258789,0,0,0,1,0,0,0,0,0,0,0,0,1,0,0,0,0,0,0,0,0
91.62317414226764,33.595391008689084,154.0,0.0099071403669373,78.69999694824219,78.69999694824219,0,0,0,1,0,0,0,0,0,0,0,0,1,0,0,0,0,0,0,0,0
50.38358174713937,50.0,135.0,0.009218139123395,86.80000305175781,86.80000305175781,0,0,0,1,0,0,0,0,0,0,0,0,0,0,1,0,0,0,0,0,0
173.55567609779774,30.0,143.0,0.0128149059214638,74.4000015258789,74.4000015258789,0,0,0,1,0,0,0,0,0,0,0,0,1,0,0,0,0,0,0,0,0
89.34070359525731,30.0,142.5,0.0136185131650109,74.4000015258789,74.4000015258789,0,0,0,1,0,0,0,0,0,0,0,0,1,0,0,0,0,0,0,0,0
32.95450785039833,30.0,145.0,0.0134027980881938,74.4000015258789,74.4000015258789,0,0,0,1,0,0,0,0,0,0,0,0,1,0,0,0,0,0,0,0,0
59.17819001289074,50.0,129.5,0.0025621645472448,86.80000305175781,86.80000305175781,0,0,1,0,0,0,0,0,0,0,1,0,0,0,0,0,0,0,0,0,0
8.02567396721372,50.0,130.0,0.0017445067900452,74.4000015258789,74.4000015258789,0,0,1,0,0,0,0,0,0,0,1,0,0,0,0,0,0,0,0,0,0
18.842028055894644,50.0,130.0,0.0018309265840161,74.4000015258789,74.4000015258789,0,0,1,0,0,0,0,0,0,0,0,0,0,0,0,0,0,0,1,0,0
43.62168123170501,50.0,131.0,0.0018695175854632,74.4000015258789,74.4000015258789,0,0,1,0,0,0,0,0,0,0,0,1,0,0,0,0,0,0,0,0,0
44.55395034717677,50.0,130.0,0.0017059986509461,74.4000015258789,74.4000015258789,0,0,1,0,0,0,0,0,0,0,0,0,1,0,0,0,0,0,0,0,0
49.47855463669099,50.0,132.0,0.0035842432667587,74.4000015258789,74.4000015258789,0,0,1,0,0,0,0,0,0,0,0,0,0,0,0,0,1,0,0,0,0
50.17578556169751,50.0,132.0,0.0034266454051294,74.4000015258789,74.4000015258789,0,0,1,0,0,0,0,0,0,0,0,0,0,0,1,0,0,0,0,0,0
241.7665389168846,50.0,135.0,0.0128719601727539,74.4000015258789,74.4000015258789,0,0,0,1,0,0,0,0,0,0,0,0,0,0,1,0,0,0,0,0,0
162.6758736205483,50.0,132.5,0.0116484161984295,74.4000015258789,74.4000015258789,0,0,0,1,0,0,0,0,0,0,0,0,0,0,1,0,0,0,0,0,0
241.76653891688457,50.0,135.0,0.0128719601727539,74.4000015258789,74.4000015258789,0,0,0,1,0,0,0,0,0,0,0,0,0,0,1,0,0,0,0,0,0
42.25726119754225,50.0,137.5,0.0136570686570247,74.4000015258789,74.4000015258789,0,0,0,1,0,0,0,0,0,0,0,0,0,0,1,0,0,0,0,0,0
9.225635472372256,50.0,137.0,0.0137402791160497,74.4000015258789,74.4000015258789,0,0,0,1,0,0,0,0,0,0,0,0,0,0,1,0,0,0,0,0,0
94.18836826341963,30.0,135.5,0.0119880098012831,74.4000015258789,74.4000015258789,0,0,0,1,0,0,0,0,0,0,0,0,1,0,0,0,0,0,0,0,0
169.99661244412783,30.0,136.5,0.0130000753401763,74.4000015258789,74.4000015258789,0,0,0,1,0,0,0,0,0,0,0,0,1,0,0,0,0,0,0,0,0
10.974674127032705,50.0,137.0,0.0139478098952499,78.69999694824219,78.69999694824219,0,0,0,1,0,0,0,0,0,0,0,0,0,0,1,0,0,0,0,0,0
39.89859572769825,33.595391008689084,137.0,0.0138574395033938,78.69999694824219,78.69999694824219,0,0,0,1,0,0,0,0,0,0,0,0,1,0,0,0,0,0,0,0,0
51.004855152958086,50.0,139.0,0.0146625254125844,78.69999694824219,78.69999694824219,0,0,0,1,0,0,0,0,0,0,0,0,0,0,1,0,0,0,0,0,0
117.31082219364671,50.0,138.0,0.015184076544756,78.69999694824219,78.69999694824219,0,0,0,1,0,0,0,0,0,0,0,0,0,0,1,0,0,0,0,0,0
31.143180708808803,50.0,138.0,0.0149741916177519,78.69999694824219,78.69999694824219,0,0,0,1,0,0,0,0,0,0,0,0,0,0,1,0,0,0,0,0,0
40.072827466760415,48.05084745762712,138.5,0.0149748328825377,78.69999694824219,78.69999694824219,0,0,0,1,0,0,0,0,0,0,0,0,0,0,1,0,0,0,0,0,0
252.01824104728496,77.95454545454545,335.5,0.0281542330457512,86.80000305175781,86.80000305175781,0,0,0,1,0,0,0,1,0,0,0,0,0,0,0,0,0,0,0,0,0
479.41339606377545,44.583333333333336,341.5,0.0293850893919659,86.80000305175781,86.80000305175781,0,0,0,1,0,0,0,0,1,0,0,0,0,0,0,0,0,0,0,0,0
7066.721297449213,70.0,237.0,0.0145852605365273,74.4000015258789,74.4000015258789,1,1,1,0,0,0,0,1,0,0,0,0,0,0,0,0,0,0,0,0,0
327.2019887528668,44.583333333333336,332.0,0.0267510547423049,86.80000305175781,86.80000305175781,0,0,0,1,0,0,0,0,1,0,0,0,0,0,0,0,0,0,0,0,0
46.05531675143501,53.62694300518135,126.5,0.0014267704036613,74.4000015258789,74.4000015258789,0,0,1,0,0,0,0,0,0,0,1,0,0,0,0,0,0,0,0,0,0
35.856201532130925,50.0,128.0,0.001795676446922,74.4000015258789,74.4000015258789,0,0,1,0,0,0,0,0,0,0,1,0,0,0,0,0,0,0,0,0,0
25.3070704152314,40.0,128.0,0.0016336224312286,74.4000015258789,74.4000015258789,0,0,1,0,0,0,0,0,1,0,0,0,0,0,0,0,0,0,0,0,0
78.67022639109351,50.0,142.0,0.0161246557610221,78.69999694824219,78.69999694824219,0,0,0,1,0,0,0,0,0,0,0,0,1,0,0,0,0,0,0,0,0
15.352528177870962,50.0,144.0,0.0162267279896142,78.69999694824219,78.69999694824219,0,0,0,1,0,0,0,0,0,0,0,0,1,0,0,0,0,0,0,0,0
15.40638231736338,30.0,133.0,0.0084296543354288,86.80000305175781,86.80000305175781,0,0,1,0,0,0,0,0,0,0,0,0,1,0,0,0,0,0,0,0,0
230.24983778915805,50.0,136.0,0.0093421421675089,86.80000305175781,86.80000305175781,0,0,1,0,0,0,0,0,0,0,0,0,1,0,0,0,0,0,0,0,0
46.779138577310896,15.5531914893617,137.5,0.0082474251603888,94.10000610351562,94.10000610351562,0,0,0,1,0,1,0,0,0,0,0,0,0,0,0,0,0,0,0,0,0
90.45417537065582,50.0,144.5,0.0143970886955144,78.69999694824219,78.69999694824219,0,0,0,1,0,0,0,0,0,0,0,0,1,0,0,0,0,0,0,0,0
87.11186262700754,50.0,144.5,0.0148927811996817,78.69999694824219,78.69999694824219,0,0,0,1,0,0,0,0,0,0,0,0,1,0,0,0,0,0,0,0,0
44.61837726440903,50.0,144.0,0.0148975053192569,78.69999694824219,78.69999694824219,0,0,0,1,0,0,0,0,0,0,0,0,1,0,0,0,0,0,0,0,0
90.45417537065582,50.0,144.5,0.0143970886955144,78.69999694824219,78.69999694824219,0,0,0,1,0,0,0,0,0,0,0,0,1,0,0,0,0,0,0,0,0
125.81739656227808,50.0,144.0,0.0156980606435859,78.69999694824219,78.69999694824219,0,0,0,1,0,0,0,0,0,0,0,0,0,0,1,0,0,0,0,0,0
64.42178769095082,50.0,132.0,0.0033242969548245,74.4000015258789,74.4000015258789,0,0,1,0,0,0,0,0,0,0,0,0,0,0,1,0,0,0,0,0,0
53.29987570681977,50.0,132.5,0.0028065083560765,74.4000015258789,74.4000015258789,0,0,1,0,0,0,0,0,0,0,0,0,0,0,1,0,0,0,0,0,0
67.27705783010097,50.0,132.5,0.0030306161939759,74.4000015258789,74.4000015258789,0,0,1,0,0,0,0,0,0,0,0,0,0,0,1,0,0,0,0,0,0
39.4943094689187,50.0,132.5,0.0029915081089794,74.4000015258789,74.4000015258789,0,0,1,0,0,0,0,0,0,0,0,0,0,0,1,0,0,0,0,0,0
176.6353386879058,50.0,144.0,0.0117456664077584,78.69999694824219,78.69999694824219,0,0,0,1,0,0,0,0,0,0,0,0,1,0,0,0,0,0,0,0,0
55.8813306814512,30.0,151.5,0.012581409719075,78.69999694824219,78.69999694824219,0,0,0,1,0,0,0,0,0,0,0,0,1,0,0,0,0,0,0,0,0
253.37637083387733,30.0,153.0,0.0119883793567267,78.69999694824219,78.69999694824219,0,0,0,1,0,0,0,0,0,0,0,0,1,0,0,0,0,0,0,0,0
399.880450891364,30.0,242.0,0.0293662995937364,78.69999694824219,78.69999694824219,0,0,0,1,0,0,0,0,0,0,0,0,1,0,0,0,0,0,0,0,0
294.19677250221827,30.0,254.5,0.0276477871970739,78.69999694824219,78.69999694824219,0,0,0,1,0,0,0,0,0,0,0,0,1,0,0,0,0,0,0,0,0
192.8606345191733,30.0,248.0,0.029344059694996,78.69999694824219,78.69999694824219,0,0,0,1,0,0,0,0,0,0,0,0,1,0,0,0,0,0,0,0,0
403.0762316776778,30.0,177.0,0.0155573058186786,78.69999694824219,78.69999694824219,0,0,0,1,0,0,0,0,0,0,0,0,1,0,0,0,0,0,0,0,0
75.93154065698288,30.0,150.5,0.0147342862865257,74.4000015258789,74.4000015258789,0,0,0,1,0,0,0,0,0,0,0,0,1,0,0,0,0,0,0,0,0
225.07580955488524,30.0,149.0,0.0140740823757758,74.4000015258789,74.4000015258789,0,0,0,1,0,0,0,0,0,0,0,0,1,0,0,0,0,0,0,0,0
17.839864374361984,30.0,153.0,0.0148762786391342,74.4000015258789,74.4000015258789,0,0,0,1,0,0,0,0,0,0,0,0,1,0,0,0,0,0,0,0,0
84.47723225043913,33.595391008689084,151.0,0.0149343640807333,74.4000015258789,74.4000015258789,0,0,0,1,0,0,0,0,0,0,0,0,1,0,0,0,0,0,0,0,0
98.2148767896795,30.0,144.0,0.0142285116415111,74.4000015258789,74.4000015258789,0,0,0,1,0,0,0,0,0,0,0,0,1,0,0,0,0,0,0,0,0
110.41217737054022,30.0,147.0,0.0147869763621495,74.4000015258789,74.4000015258789,0,0,0,1,0,0,0,0,0,0,0,0,1,0,0,0,0,0,0,0,0
75.93154065698286,30.0,150.5,0.0147342862865257,74.4000015258789,74.4000015258789,0,0,0,1,0,0,0,0,0,0,0,0,1,0,0,0,0,0,0,0,0
242.0288772987769,30.0,134.0,0.0134797498316209,94.10000610351562,94.10000610351562,0,0,0,1,0,0,0,0,0,0,0,0,0,0,0,0,0,0,1,0,0
220.6294238029501,50.0,132.0,0.0142964519863721,94.10000610351562,94.10000610351562,0,0,0,1,0,0,0,0,0,0,0,0,0,0,0,0,0,0,1,0,0
344.8893447370865,50.0,131.5,0.014968563164839,94.10000610351562,94.10000610351562,0,0,0,1,0,0,0,0,0,0,0,0,1,0,0,0,0,0,0,0,0
242.0288772987769,30.0,134.0,0.0134797498316209,94.10000610351562,94.10000610351562,0,0,0,1,0,0,0,0,0,0,0,0,0,0,0,0,0,0,1,0,0
53.42127208862733,47.53488372093023,136.0,0.0123849393625448,94.10000610351562,94.10000610351562,0,0,0,1,0,0,0,0,0,0,0,0,0,0,0,0,0,0,1,0,0
99.20539100499232,30.0,256.5,0.0294549226353372,78.69999694824219,78.69999694824219,0,0,0,1,0,0,0,0,0,0,0,0,1,0,0,0,0,0,0,0,0
43.08049370517194,30.0,259.0,0.0298997282241853,78.69999694824219,78.69999694824219,0,0,0,1,0,0,0,0,0,0,0,0,1,0,0,0,0,0,0,0,0
162.038092432385,30.0,259.0,0.0306136113309817,78.69999694824219,78.69999694824219,0,0,0,1,0,0,0,0,0,0,0,0,1,0,0,0,0,0,0,0,0
99.20539100499232,30.0,256.5,0.0294549226353372,78.69999694824219,78.69999694824219,0,0,0,1,0,0,0,0,0,0,0,0,1,0,0,0,0,0,0,0,0
450.2100245775919,40.0,243.5,0.0231405562827232,78.69999694824219,78.69999694824219,0,0,0,1,0,0,0,0,0,0,0,0,1,0,0,0,0,0,0,0,0
43.39623176143866,50.0,233.0,0.0221956792907307,78.69999694824219,78.69999694824219,0,0,0,1,0,0,0,0,0,0,0,0,0,0,1,0,0,0,0,0,0
109.22024443936677,50.0,239.5,0.0228827048191701,78.69999694824219,78.69999694824219,0,0,0,1,0,0,0,0,0,0,0,0,0,0,1,0,0,0,0,0,0
5.986485194720283,30.0,251.0,0.0239164604675599,78.69999694824219,78.69999694824219,0,0,0,1,0,0,0,0,0,0,0,0,1,0,0,0,0,0,0,0,0
134.60634565375372,30.0,253.0,0.0244410377272427,78.69999694824219,78.69999694824219,0,0,0,1,0,0,0,0,0,0,0,0,1,0,0,0,0,0,0,0,0
450.2100245775918,40.0,243.5,0.0231405562827232,78.69999694824219,78.69999694824219,0,0,0,1,0,0,0,0,0,0,0,0,1,0,0,0,0,0,0,0,0
34.050821513930615,50.0,163.0,0.0175111198096176,78.69999694824219,78.69999694824219,0,0,0,1,0,0,0,0,0,0,0,0,0,0,0,0,1,0,0,0,0
152.20130117517868,50.0,162.0,0.0166372855538139,78.69999694824219,78.69999694824219,0,0,0,1,0,0,0,0,0,0,0,0,0,0,0,0,1,0,0,0,0
64.33509007523418,50.0,162.5,0.0168954043089391,78.69999694824219,78.69999694824219,0,0,0,1,0,0,0,0,0,0,0,0,0,0,0,0,1,0,0,0,0
296.9163217164054,30.0,163.5,0.0178455091354999,78.69999694824219,78.69999694824219,0,0,0,1,0,0,0,0,0,0,0,0,1,0,0,0,0,0,0,0,0
146.23349968675333,30.0,162.0,0.0156034624369556,78.69999694824219,78.69999694824219,0,0,0,1,0,0,0,0,0,0,0,0,1,0,0,0,0,0,0,0,0
64.33509007523418,50.0,162.5,0.0168954043089391,78.69999694824219,78.69999694824219,0,0,0,1,0,0,0,0,0,0,0,0,0,0,0,0,1,0,0,0,0
231.4288439881845,50.0,160.5,0.0154468288457383,78.69999694824219,78.69999694824219,0,0,0,1,0,0,0,0,0,0,0,0,0,0,0,0,1,0,0,0,0
267.82514488454865,30.0,156.5,0.0124500605675604,78.69999694824219,78.69999694824219,0,0,0,1,0,0,0,0,0,0,0,0,1,0,0,0,0,0,0,0,0
267.272957614719,50.0,153.5,0.0116150340390778,78.69999694824219,78.69999694824219,0,0,0,1,0,0,0,0,0,0,0,0,0,0,0,0,1,0,0,0,0
47.01325651195884,50.0,157.5,0.0129128389089181,78.69999694824219,78.69999694824219,0,0,0,1,0,0,0,0,0,0,0,0,0,0,0,0,1,0,0,0,0
32.26125573884276,50.0,151.5,0.0106345025876229,78.69999694824219,78.69999694824219,0,0,0,1,0,0,0,0,0,0,0,0,0,0,0,0,1,0,0,0,0
239.34919174760628,40.0,145.0,0.0094144178022188,78.69999694824219,78.69999694824219,1,0,0,1,0,0,0,0,0,0,0,0,0,0,0,0,1,0,0,0,0
267.272957614719,50.0,153.5,0.0116150340390778,78.69999694824219,78.69999694824219,0,0,0,1,0,0,0,0,0,0,0,0,0,0,0,0,1,0,0,0,0
152.20130117517868,50.0,162.0,0.0166372855538139,78.69999694824219,78.69999694824219,0,0,0,1,0,0,0,0,0,0,0,0,0,0,0,0,1,0,0,0,0
120.23301113998218,33.595391008689084,161.5,0.0153453436818303,78.69999694824219,78.69999694824219,0,0,0,1,0,0,0,0,0,0,0,0,1,0,0,0,0,0,0,0,0
153.01936347621043,50.0,160.5,0.015159807367891,78.69999694824219,78.69999694824219,0,0,0,1,0,0,0,0,0,0,0,0,0,0,0,0,1,0,0,0,0
120.23301113998215,33.595391008689084,161.5,0.0153453436818303,78.69999694824219,78.69999694824219,0,0,0,1,0,0,0,0,0,0,0,0,1,0,0,0,0,0,0,0,0
146.2334996867533,30.0,162.0,0.0156034624369556,78.69999694824219,78.69999694824219,0,0,0,1,0,0,0,0,0,0,0,0,1,0,0,0,0,0,0,0,0
66.02118140027612,15.5531914893617,161.5,0.0143209812582386,78.69999694824219,78.69999694824219,0,0,0,1,0,1,0,0,0,0,0,0,0,0,0,0,0,0,0,0,0
115.9665089428152,50.0,138.5,0.0065143416107569,94.10000610351562,94.10000610351562,0,0,0,1,0,0,0,0,0,0,0,0,0,0,0,0,1,0,0,0,0
103.67983232493972,50.0,139.0,0.0078068606893282,94.10000610351562,94.10000610351562,0,0,0,1,0,0,0,0,0,0,0,0,0,0,0,0,1,0,0,0,0
98.31803929702043,33.595391008689084,138.0,0.0075540121182946,94.10000610351562,94.10000610351562,0,0,0,1,0,0,0,0,0,0,0,0,1,0,0,0,0,0,0,0,0
733.4046245146003,50.0,134.0,0.0014484912028038,74.4000015258789,74.4000015258789,0,1,1,0,0,0,0,0,0,0,0,0,0,0,1,0,0,0,0,0,0
33.51520491381155,30.0,132.0,0.0011125745383467,74.4000015258789,74.4000015258789,0,1,1,0,0,0,0,0,0,0,0,0,0,0,1,0,0,0,0,0,0
151.30434154527885,30.0,138.0,0.0090142585859874,94.10000610351562,94.10000610351562,0,0,1,0,0,0,0,0,0,0,0,0,0,0,1,0,0,0,0,0,0
169.964813038009,30.0,139.5,0.009820145576212,78.69999694824219,78.69999694824219,0,0,1,0,0,0,0,0,0,0,0,0,0,0,1,0,0,0,0,0,0
187.42310173614385,30.0,139.5,0.0081801415553666,94.10000610351562,94.10000610351562,0,0,0,1,0,0,0,0,0,0,0,0,1,0,0,0,0,0,0,0,0
347.5989135854199,30.0,138.0,0.0097487887143425,78.69999694824219,78.69999694824219,0,1,1,0,0,0,0,0,0,0,0,0,1,0,0,0,0,0,0,0,0
102.47037977009091,30.0,136.0,0.0040996256151864,94.10000610351562,94.10000610351562,0,0,0,1,0,0,0,0,0,0,0,0,1,0,0,0,0,0,0,0,0
62.55200096038887,30.0,135.0,0.0029781613249941,94.10000610351562,94.10000610351562,0,0,0,1,0,0,0,0,0,0,0,0,1,0,0,0,0,0,0,0,0
169.94098629814906,30.0,136.0,0.0032311152449311,94.10000610351562,94.10000610351562,0,0,0,1,0,0,0,0,0,0,0,0,1,0,0,0,0,0,0,0,0
36.84126991689433,30.0,132.0,0.002298875188891,94.10000610351562,94.10000610351562,0,0,0,1,0,0,0,0,0,0,0,0,1,0,0,0,0,0,0,0,0
102.4703797700909,30.0,136.0,0.0040996256151864,94.10000610351562,94.10000610351562,0,0,0,1,0,0,0,0,0,0,0,0,1,0,0,0,0,0,0,0,0
169.10711983082882,30.0,136.5,0.0049914511173962,94.10000610351562,94.10000610351562,0,0,0,1,0,0,0,0,0,0,0,0,1,0,0,0,0,0,0,0,0
110.42985445311524,30.0,137.5,0.005535594209769,94.10000610351562,94.10000610351562,0,0,0,1,0,0,0,0,0,0,0,0,1,0,0,0,0,0,0,0,0
177.4046494167938,30.0,136.5,0.0043946586751361,94.10000610351562,94.10000610351562,0,0,0,1,0,0,0,0,0,0,0,0,1,0,0,0,0,0,0,0,0
192.55162591995216,30.0,138.0,0.0052544822879382,94.10000610351562,94.10000610351562,0,0,0,1,0,0,0,0,0,0,0,0,1,0,0,0,0,0,0,0,0
177.4046494167938,30.0,136.5,0.0043946586751361,94.10000610351562,94.10000610351562,0,0,0,1,0,0,0,0,0,0,0,0,1,0,0,0,0,0,0,0,0
147.7211943784689,30.0,136.0,0.0036493671156168,94.10000610351562,94.10000610351562,0,0,0,1,0,0,0,0,0,0,0,0,1,0,0,0,0,0,0,0,0
166.23547900232236,30.0,139.5,0.007367466669312,94.10000610351562,94.10000610351562,0,0,0,1,0,0,0,0,0,0,0,0,1,0,0,0,0,0,0,0,0
142.43636988721133,30.0,140.0,0.007852103044387,94.10000610351562,94.10000610351562,0,0,0,1,0,0,0,0,0,0,0,0,1,0,0,0,0,0,0,0,0
198.5898545830961,30.0,140.5,0.0087754691157761,94.10000610351562,94.10000610351562,0,0,0,1,0,0,0,0,0,0,0,0,1,0,0,0,0,0,0,0,0
111.32769683609156,50.0,137.5,0.0044216839072339,94.10000610351562,94.10000610351562,0,0,0,1,0,0,0,0,0,0,0,0,0,0,1,0,0,0,0,0,0
173.6278383964435,30.0,136.0,0.0031039784542838,94.10000610351562,94.10000610351562,0,0,0,1,0,0,0,0,0,0,0,0,1,0,0,0,0,0,0,0,0
62.55200096038886,30.0,135.0,0.0029781613249941,94.10000610351562,94.10000610351562,0,0,0,1,0,0,0,0,0,0,0,0,1,0,0,0,0,0,0,0,0
36.84126991689433,30.0,132.0,0.002298875188891,94.10000610351562,94.10000610351562,0,0,0,1,0,0,0,0,0,0,0,0,1,0,0,0,0,0,0,0,0
169.94098629814903,30.0,136.0,0.0032311152449311,94.10000610351562,94.10000610351562,0,0,0,1,0,0,0,0,0,0,0,0,1,0,0,0,0,0,0,0,0
169.96481303800903,30.0,139.5,0.009820145576212,78.69999694824219,78.69999694824219,0,0,1,0,0,0,0,0,0,0,0,0,0,0,1,0,0,0,0,0,0
209.20839120518804,30.0,140.5,0.0106213916922115,78.69999694824219,78.69999694824219,0,0,0,1,0,0,0,0,0,0,0,0,0,0,1,0,0,0,0,0,0
134.43575705036082,30.0,140.0,0.0093498999855621,94.10000610351562,94.10000610351562,0,0,0,1,0,0,0,0,0,0,0,0,1,0,0,0,0,0,0,0,0
122.9080365390179,30.0,140.0,0.0110898424788116,78.69999694824219,78.69999694824219,0,0,0,1,0,0,0,0,0,0,0,0,1,0,0,0,0,0,0,0,0
153.7687544256199,30.0,136.0,0.0049382859509689,94.10000610351562,94.10000610351562,0,0,1,0,0,0,0,0,0,0,0,0,1,0,0,0,0,0,0,0,0
11.615951012085048,30.0,135.0,0.0042615294693657,94.10000610351562,94.10000610351562,0,0,1,0,0,0,0,0,0,0,0,0,1,0,0,0,0,0,0,0,0
77.68731801634807,30.0,135.0,0.0037462670075274,94.10000610351562,94.10000610351562,0,0,1,0,0,0,0,0,0,0,0,0,1,0,0,0,0,0,0,0,0
150.68825626938076,30.0,135.0,0.0048630720383014,94.10000610351562,94.10000610351562,0,1,1,0,0,0,0,0,0,0,0,0,1,0,0,0,0,0,0,0,0
69.92454821423587,30.0,136.5,0.0054245055386074,94.10000610351562,94.10000610351562,0,0,1,0,0,0,0,0,0,0,0,0,1,0,0,0,0,0,0,0,0
137.57828158338725,30.0,136.5,0.0060740286164629,94.10000610351562,94.10000610351562,0,1,1,0,0,0,0,0,0,0,0,0,1,0,0,0,0,0,0,0,0
62.77341089885364,30.0,135.5,0.0047477490570042,94.10000610351562,94.10000610351562,0,0,1,0,0,0,0,0,0,0,0,0,1,0,0,0,0,0,0,0,0
19.90919516927353,30.0,137.0,0.0071199808396874,94.10000610351562,94.10000610351562,0,1,1,0,0,0,0,0,0,0,0,0,1,0,0,0,0,0,0,0,0
41.413008516069205,30.0,137.5,0.0071581795903437,94.10000610351562,94.10000610351562,0,1,1,0,0,0,0,0,0,0,0,0,1,0,0,0,0,0,0,0,0
187.42310173614385,30.0,139.5,0.0081801415553666,94.10000610351562,94.10000610351562,0,0,0,1,0,0,0,0,0,0,0,0,1,0,0,0,0,0,0,0,0
139.94242443914587,30.0,139.0,0.0070124727176077,94.10000610351562,94.10000610351562,0,1,1,0,0,0,0,0,0,0,0,0,1,0,0,0,0,0,0,0,0
34.049195792235125,30.0,139.5,0.0067378471179758,94.10000610351562,94.10000610351562,0,0,0,1,0,0,0,0,0,0,0,0,1,0,0,0,0,0,0,0,0
18.607234355715818,30.0,140.0,0.007004829062899,94.10000610351562,94.10000610351562,0,0,0,1,0,0,0,0,0,0,0,0,1,0,0,0,0,0,0,0,0
153.76875442561993,30.0,136.0,0.0049382859509689,94.10000610351562,94.10000610351562,0,0,1,0,0,0,0,0,0,0,0,0,1,0,0,0,0,0,0,0,0
69.92454821423587,30.0,136.5,0.0054245055386074,94.10000610351562,94.10000610351562,0,0,1,0,0,0,0,0,0,0,0,0,1,0,0,0,0,0,0,0,0
105.61558103818857,30.0,138.0,0.0061017609513627,94.10000610351562,94.10000610351562,0,0,0,1,0,0,0,0,0,0,0,0,1,0,0,0,0,0,0,0,0
192.55162591995213,30.0,138.0,0.0052544822879382,94.10000610351562,94.10000610351562,0,0,0,1,0,0,0,0,0,0,0,0,1,0,0,0,0,0,0,0,0
34.049195792235125,30.0,139.5,0.0067378471179758,94.10000610351562,94.10000610351562,0,0,0,1,0,0,0,0,0,0,0,0,1,0,0,0,0,0,0,0,0
105.61558103818857,30.0,138.0,0.0061017609513627,94.10000610351562,94.10000610351562,0,0,0,1,0,0,0,0,0,0,0,0,1,0,0,0,0,0,0,0,0
32.54692992382695,50.0,132.5,0.005597989373205,94.10000610351562,94.10000610351562,0,0,1,0,0,0,0,0,0,0,0,0,0,0,0,0,0,0,1,0,0
162.36426608661904,50.0,133.0,0.0044542780069259,94.10000610351562,94.10000610351562,0,0,1,0,0,0,0,0,0,0,0,0,0,0,0,0,0,0,1,0,0
22.24003400400344,50.0,132.5,0.0054620483405015,94.10000610351562,94.10000610351562,0,0,1,0,0,0,0,0,0,0,0,0,0,0,0,0,0,0,1,0,0
328.0480935903345,30.0,133.5,0.0056538929317804,94.10000610351562,94.10000610351562,0,0,1,0,0,0,0,0,0,0,0,0,0,0,0,0,0,0,1,0,0
205.43026766843664,47.53488372093023,305.5,0.018765641483231,94.10000610351562,94.10000610351562,0,0,0,1,0,0,0,0,0,0,0,0,0,0,0,0,0,0,1,0,0
815.0211323124181,33.595391008689084,257.0,0.0138729043425225,94.10000610351562,94.10000610351562,0,0,0,1,0,0,0,0,0,0,0,0,1,0,0,0,0,0,0,0,0
635.7240353659195,30.0,304.0,0.0146758001991921,94.10000610351562,94.10000610351562,0,0,0,1,0,0,0,0,0,0,0,0,1,0,0,0,0,0,0,0,0
192.734672406927,50.0,134.5,0.0040992509095697,94.10000610351562,94.10000610351562,0,0,0,1,0,0,0,0,0,0,0,0,1,0,0,0,0,0,0,0,0
117.39267049031952,50.0,133.5,0.0043635916332349,94.10000610351562,94.10000610351562,0,0,0,1,0,0,0,0,0,0,0,0,1,0,0,0,0,0,0,0,0
123.70465832200708,30.0,134.5,0.0050325921041943,94.10000610351562,94.10000610351562,0,0,0,1,0,0,0,0,0,0,0,0,1,0,0,0,0,0,0,0,0
184.28298910278215,33.595391008689084,187.5,0.0053074445307552,86.80000305175781,86.80000305175781,0,0,0,1,0,0,0,0,0,0,0,0,1,0,0,0,0,0,0,0,0
508.39783876896144,30.0,171.5,0.0041357011132758,86.80000305175781,86.80000305175781,0,0,0,1,0,0,0,0,0,0,0,0,1,0,0,0,0,0,0,0,0
472.5401439443115,30.0,207.0,0.0062639831331487,86.80000305175781,86.80000305175781,0,0,0,1,0,0,0,0,0,0,0,0,1,0,0,0,0,0,0,0,0
322.9220925422056,30.0,138.5,0.0083428105205717,78.69999694824219,78.69999694824219,0,0,1,0,0,0,0,0,0,0,0,0,1,0,0,0,0,0,0,0,0
123.5846927586736,30.0,136.0,0.0069580337778936,94.10000610351562,94.10000610351562,0,0,0,1,0,0,0,0,0,0,0,0,0,0,1,0,0,0,0,0,0
121.92606964959796,30.0,136.5,0.007600448458173,94.10000610351562,94.10000610351562,0,0,0,1,0,0,0,0,0,0,0,0,0,0,1,0,0,0,0,0,0
58.42943544550889,30.0,138.0,0.0104091296205574,78.69999694824219,78.69999694824219,0,1,1,0,0,0,0,0,0,0,0,0,0,0,0,0,1,0,0,0,0
13.09308819027688,42.33796296296296,137.5,0.0100447554935814,78.69999694824219,78.69999694824219,0,1,1,0,0,0,0,0,0,0,0,0,0,0,0,0,1,0,0,0,0
10.943826634753288,42.33796296296296,137.0,0.009955146825974,78.69999694824219,78.69999694824219,0,1,1,0,0,0,0,0,0,0,0,0,0,0,0,0,1,0,0,0,0
16.513002723721502,33.595391008689084,137.0,0.0100619196802944,78.69999694824219,78.69999694824219,0,1,1,0,0,0,0,0,0,0,0,0,1,0,0,0,0,0,0,0,0
98.80219220798124,42.33796296296296,137.0,0.0091073877847012,78.69999694824219,78.69999694824219,0,1,1,0,0,0,0,0,0,0,0,0,0,0,0,0,1,0,0,0,0
22.219082135470828,42.33796296296296,137.0,0.0098569514000153,78.69999694824219,78.69999694824219,0,1,1,0,0,0,0,0,0,0,0,0,0,0,0,0,1,0,0,0,0
11.817462024902309,42.33796296296296,137.5,0.0100025432097183,78.69999694824219,78.69999694824219,0,1,1,0,0,0,0,0,0,0,0,0,0,0,0,0,1,0,0,0,0
6.15776508540192,50.0,137.0,0.0084274636359296,94.10000610351562,94.10000610351562,0,1,1,0,0,0,0,0,0,0,0,0,0,0,1,0,0,0,0,0,0
37.55417207122892,30.0,137.0,0.0085356136527622,94.10000610351562,94.10000610351562,0,0,1,0,0,0,0,0,0,0,0,0,0,0,1,0,0,0,0,0,0
98.80219220798124,42.33796296296296,137.0,0.0091073877847012,78.69999694824219,78.69999694824219,0,1,1,0,0,0,0,0,0,0,0,0,0,0,0,0,1,0,0,0,0
219.90566701559283,30.0,137.0,0.0089310317170076,78.69999694824219,78.69999694824219,0,1,1,0,0,0,0,0,0,0,0,0,1,0,0,0,0,0,0,0,0
121.92606964959792,30.0,136.5,0.007600448458173,94.10000610351562,94.10000610351562,0,0,0,1,0,0,0,0,0,0,0,0,0,0,1,0,0,0,0,0,0
97.60249375703955,30.0,137.0,0.0081667755490495,94.10000610351562,94.10000610351562,0,0,0,1,0,0,0,0,0,0,0,0,0,0,1,0,0,0,0,0,0
37.55417207122892,30.0,137.0,0.0085356136527622,94.10000610351562,94.10000610351562,0,0,1,0,0,0,0,0,0,0,0,0,0,0,1,0,0,0,0,0,0
151.30434154527887,30.0,138.0,0.0090142585859874,94.10000610351562,94.10000610351562,0,0,1,0,0,0,0,0,0,0,0,0,0,0,1,0,0,0,0,0,0
103.7417290495425,30.0,137.0,0.0079406609590659,94.10000610351562,94.10000610351562,0,1,1,0,0,0,0,0,0,0,0,0,1,0,0,0,0,0,0,0,0
58.6546777813718,30.0,134.5,0.0029278420162458,94.10000610351562,94.10000610351562,0,1,1,0,0,0,0,0,0,0,0,0,1,0,0,0,0,0,0,0,0
147.7211943784689,30.0,136.0,0.0036493671156168,94.10000610351562,94.10000610351562,0,0,0,1,0,0,0,0,0,0,0,0,1,0,0,0,0,0,0,0,0
77.68731801634806,30.0,135.0,0.0037462670075274,94.10000610351562,94.10000610351562,0,0,1,0,0,0,0,0,0,0,0,0,1,0,0,0,0,0,0,0,0
162.3215017706014,30.0,133.5,0.0028282812056076,94.10000610351562,94.10000610351562,0,1,1,0,0,0,0,0,0,0,0,0,1,0,0,0,0,0,0,0,0
62.77341089885364,30.0,135.5,0.0047477490570042,94.10000610351562,94.10000610351562,0,0,1,0,0,0,0,0,0,0,0,0,1,0,0,0,0,0,0,0,0
11.615951012085048,30.0,135.0,0.0042615294693657,94.10000610351562,94.10000610351562,0,0,1,0,0,0,0,0,0,0,0,0,1,0,0,0,0,0,0,0,0
10.922252899762528,50.0,131.0,0.0019482733603299,94.10000610351562,94.10000610351562,0,0,0,1,0,0,0,0,0,0,1,0,0,0,0,0,0,0,0,0,0
22.92666131339105,50.0,131.0,0.0020979038969205,94.10000610351562,94.10000610351562,0,1,1,0,0,0,0,0,0,0,0,0,0,0,0,0,1,0,0,0,0
26.38711078066536,50.0,133.5,0.0043489711817733,94.10000610351562,94.10000610351562,0,1,1,0,0,0,0,0,0,0,0,0,0,0,0,0,1,0,0,0,0
29.21327585122669,50.0,132.0,0.0024218591705911,94.10000610351562,94.10000610351562,0,1,1,0,0,0,0,0,0,0,0,0,0,0,0,0,1,0,0,0,0
23.83411661481864,50.0,133.0,0.0025718872009903,94.10000610351562,94.10000610351562,0,1,1,0,0,0,0,0,0,0,0,0,0,0,0,0,0,1,0,0,0
122.0450443759878,50.0,133.0,0.0033475997647155,94.10000610351562,94.10000610351562,0,1,1,0,0,0,0,0,0,0,0,0,0,0,0,0,1,0,0,0,0
84.2790368853166,30.0,133.0,0.0039950831260283,94.10000610351562,94.10000610351562,0,1,1,0,0,0,0,0,0,0,0,0,1,0,0,0,0,0,0,0,0
75.83523677348549,30.0,133.5,0.0034383389167128,94.10000610351562,94.10000610351562,0,1,1,0,0,0,0,0,0,0,0,0,1,0,0,0,0,0,0,0,0
26.994011516272167,30.0,133.0,0.0037725688373185,94.10000610351562,94.10000610351562,0,1,1,0,0,0,0,0,0,0,0,0,1,0,0,0,0,0,0,0,0
50.19737106500753,30.0,133.5,0.0033878397227012,94.10000610351562,94.10000610351562,0,1,1,0,0,0,0,0,0,0,0,0,1,0,0,0,0,0,0,0,0
199.27253408405105,30.0,139.5,0.0066623997674942,94.10000610351562,94.10000610351562,0,0,0,1,0,0,0,0,0,0,0,0,1,0,0,0,0,0,0,0,0
110.42985445311524,30.0,137.5,0.005535594209769,94.10000610351562,94.10000610351562,0,0,0,1,0,0,0,0,0,0,0,0,1,0,0,0,0,0,0,0,0
366.9292185835861,47.53488372093023,132.0,0.0084180050601485,94.10000610351562,94.10000610351562,0,0,1,0,0,0,0,0,0,0,0,0,0,0,0,0,0,0,1,0,0
178.5338498500576,50.0,132.0,0.0072405158434822,94.10000610351562,94.10000610351562,0,0,1,0,0,0,0,0,0,0,0,0,0,0,0,0,0,0,1,0,0
157.4262821822793,50.0,132.5,0.009216221473976,94.10000610351562,94.10000610351562,0,0,1,0,0,0,0,0,0,0,0,0,0,0,0,0,0,0,1,0,0
514.7125452789348,50.0,133.5,0.0109506200629845,94.10000610351562,94.10000610351562,0,0,1,0,0,0,0,0,0,0,0,0,0,0,0,0,0,0,1,0,0
115.23285700120194,50.0,133.0,0.0108027219671954,94.10000610351562,94.10000610351562,0,0,1,0,0,0,0,0,0,0,0,0,0,0,0,0,0,0,1,0,0
110.69471999223566,50.0,133.0,0.0120860253198016,94.10000610351562,94.10000610351562,0,0,1,0,0,0,0,0,0,0,0,0,1,0,0,0,0,0,0,0,0
197.1474771764897,30.0,142.0,0.0127952581863285,78.69999694824219,78.69999694824219,0,0,0,1,0,0,0,0,0,0,0,0,1,0,0,0,0,0,0,0,0
28.01706619820601,50.0,144.5,0.0138439204245432,78.69999694824219,78.69999694824219,0,0,0,1,0,0,0,0,0,0,0,0,0,0,1,0,0,0,0,0,0
42.23502328848696,50.0,135.0,0.0023963574096717,94.10000610351562,94.10000610351562,0,0,0,1,0,0,0,0,0,0,0,0,0,0,0,1,0,0,0,0,0
24.12839504796244,50.0,135.0,0.0022610182249761,94.10000610351562,94.10000610351562,0,0,0,1,0,0,0,0,0,0,0,0,0,0,1,0,0,0,0,0,0
93.88271462853808,50.0,136.5,0.0030109971753176,94.10000610351562,94.10000610351562,0,0,0,1,0,0,0,0,0,0,0,0,0,0,1,0,0,0,0,0,0
73.38206980475621,15.5531914893617,140.0,0.0110659111361827,78.69999694824219,78.69999694824219,0,0,0,1,0,1,0,0,0,0,0,0,0,0,0,0,0,0,0,0,0
82.37933008112596,50.0,136.0,0.006407541133532,94.10000610351562,94.10000610351562,0,0,0,1,0,0,0,0,0,0,0,0,1,0,0,0,0,0,0,0,0
198.50626701606444,30.0,135.5,0.0066421790782906,94.10000610351562,94.10000610351562,0,0,0,1,0,0,0,0,0,0,0,0,1,0,0,0,0,0,0,0,0
309.74994484740034,15.5531914893617,134.0,0.0044065155504198,94.10000610351562,94.10000610351562,0,0,1,0,0,1,0,0,0,0,0,0,0,0,0,0,0,0,0,0,0
82.37933008112596,50.0,136.0,0.006407541133532,94.10000610351562,94.10000610351562,0,0,0,1,0,0,0,0,0,0,0,0,1,0,0,0,0,0,0,0,0
14.275099041398462,33.595391008689084,138.0,0.0034794029264841,94.10000610351562,94.10000610351562,0,0,0,1,0,0,0,0,0,0,0,0,1,0,0,0,0,0,0,0,0
90.17265206476952,33.595391008689084,138.5,0.0033543934087342,94.10000610351562,94.10000610351562,0,0,0,1,0,0,0,0,0,0,0,0,1,0,0,0,0,0,0,0,0
103.2592516772365,33.595391008689084,136.5,0.0026874658395304,94.10000610351562,94.10000610351562,0,0,0,1,0,0,0,0,0,0,0,0,1,0,0,0,0,0,0,0,0
65.49262862027737,50.0,137.0,0.0028765684729988,94.10000610351562,94.10000610351562,0,0,0,1,0,0,0,0,0,0,0,0,0,0,1,0,0,0,0,0,0
105.58083833867173,30.0,136.0,0.002819695957579,94.10000610351562,94.10000610351562,0,0,1,0,0,0,0,0,0,0,0,0,1,0,0,0,0,0,0,0,0
389.8376032890842,30.0,135.5,0.0025787210473895,94.10000610351562,94.10000610351562,0,0,1,0,0,0,0,0,0,0,0,0,1,0,0,0,0,0,0,0,0
94.6064966861624,30.0,134.5,0.0032299980930383,94.10000610351562,94.10000610351562,0,0,1,0,0,0,0,0,0,0,0,0,1,0,0,0,0,0,0,0,0
60.52854227278471,47.53488372093023,131.0,0.0027178194158914,74.4000015258789,74.4000015258789,0,0,1,0,0,0,0,0,0,0,0,0,0,0,0,0,0,0,1,0,0
20.605461440275025,30.0,135.5,0.0180545132722655,94.10000610351562,94.10000610351562,0,0,0,1,0,0,0,0,0,0,0,0,1,0,0,0,0,0,0,0,0
51.75067315990415,30.0,134.0,0.0176859039600649,94.10000610351562,94.10000610351562,0,0,0,1,0,0,0,0,0,0,0,0,1,0,0,0,0,0,0,0,0
104.5189352388582,30.0,145.0,0.0178453839758392,94.10000610351562,94.10000610351562,0,0,0,1,0,0,0,0,0,0,0,0,1,0,0,0,0,0,0,0,0
89.55022455344263,30.0,141.5,0.0177811555679854,94.10000610351562,94.10000610351562,0,0,0,1,0,0,0,0,0,0,0,0,1,0,0,0,0,0,0,0,0
20.771699513982423,30.0,135.5,0.018076330052573,94.10000610351562,94.10000610351562,0,0,0,1,0,0,0,0,0,0,0,0,1,0,0,0,0,0,0,0,0
1871.71058949726,30.0,139.0,0.015686164367688,94.10000610351562,94.10000610351562,0,0,0,1,0,0,0,0,0,0,0,0,0,0,0,0,0,0,0,0,1
16.90941551479945,30.0,157.0,0.0234035504229575,94.10000610351562,94.10000610351562,0,0,0,1,0,0,0,0,0,0,0,0,0,0,0,0,1,0,0,0,0
171.32727452167745,30.0,157.0,0.0223542619136782,94.10000610351562,94.10000610351562,0,0,0,1,0,0,0,0,0,0,0,0,0,0,0,0,1,0,0,0,0
151.46726531081686,30.0,142.0,0.0191187240996554,94.10000610351562,94.10000610351562,0,0,0,1,0,0,0,0,0,0,0,0,1,0,0,0,0,0,0,0,0
183.9920660401048,30.0,150.5,0.0198405679225322,94.10000610351562,94.10000610351562,0,0,0,1,0,0,0,0,0,0,0,0,1,0,0,0,0,0,0,0,0
114.13463989045968,30.0,148.5,0.0201034719675354,94.10000610351562,94.10000610351562,0,0,0,1,0,0,0,0,0,0,0,0,1,0,0,0,0,0,0,0,0
183.9920660401048,30.0,150.5,0.0198405679225322,94.10000610351562,94.10000610351562,0,0,0,1,0,0,0,0,0,0,0,0,1,0,0,0,0,0,0,0,0
110.04320302505708,30.0,157.0,0.0232199863908241,94.10000610351562,94.10000610351562,0,0,0,1,0,0,0,0,0,0,0,0,0,0,0,0,1,0,0,0,0
94.78357104769108,30.0,156.5,0.0230574044766251,94.10000610351562,94.10000610351562,0,0,0,1,0,0,0,0,0,0,0,0,1,0,0,0,0,0,0,0,0
159.06881395865042,30.0,134.5,0.0139010566349329,94.10000610351562,94.10000610351562,0,0,0,1,0,0,0,0,0,0,0,0,0,0,0,0,1,0,0,0,0
74.85193986260168,50.0,133.5,0.0125593237867764,94.10000610351562,94.10000610351562,0,0,0,1,0,0,0,0,0,0,0,0,0,0,0,0,1,0,0,0,0
321.3372616642681,50.0,133.0,0.0118809084623641,94.10000610351562,94.10000610351562,0,0,0,1,0,0,0,0,0,0,0,0,0,0,0,0,0,0,1,0,0
14.024137455642736,30.0,132.0,0.0159001361092467,94.10000610351562,94.10000610351562,0,0,0,1,0,0,0,0,0,0,0,0,1,0,0,0,0,0,0,0,0
78.55665530117547,30.0,132.0,0.0163698376023575,94.10000610351562,94.10000610351562,0,0,0,1,0,0,0,0,0,0,0,0,1,0,0,0,0,0,0,0,0
64.51447467860068,30.0,133.0,0.0158454337705421,94.10000610351562,94.10000610351562,0,0,0,1,0,0,0,0,0,0,0,0,1,0,0,0,0,0,0,0,0
23.037578876001135,30.0,157.0,0.0236446633582856,94.10000610351562,94.10000610351562,0,0,0,1,0,0,0,0,0,0,0,0,0,0,0,0,1,0,0,0,0
208.36346928166492,30.0,167.5,0.0242981578117767,94.10000610351562,94.10000610351562,0,0,0,1,0,0,0,0,0,0,0,0,1,0,0,0,0,0,0,0,0
208.3634692816649,30.0,167.5,0.0242981578117767,94.10000610351562,94.10000610351562,0,0,0,1,0,0,0,0,0,0,0,0,1,0,0,0,0,0,0,0,0
104.5189352388582,30.0,145.0,0.0178453839758392,94.10000610351562,94.10000610351562,0,0,0,1,0,0,0,0,0,0,0,0,1,0,0,0,0,0,0,0,0
177.12673448892244,15.5531914893617,151.0,0.0193139082056865,94.10000610351562,94.10000610351562,0,0,0,1,0,1,0,0,0,0,0,0,0,0,0,0,0,0,0,0,0
233.17090155982916,33.595391008689084,147.5,0.0175803011226875,94.10000610351562,94.10000610351562,0,0,0,1,0,0,0,0,0,0,0,0,1,0,0,0,0,0,0,0,0
59.90043606975726,30.0,136.0,0.015237617703779,94.10000610351562,94.10000610351562,0,0,0,1,0,0,0,0,0,0,0,0,0,0,0,0,1,0,0,0,0
57.740204774534384,30.0,138.0,0.0159661596045024,94.10000610351562,94.10000610351562,0,0,0,1,0,0,0,0,0,0,0,0,0,0,0,0,1,0,0,0,0
115.1263351166056,30.0,136.0,0.015636838618314,94.10000610351562,94.10000610351562,0,0,0,1,0,0,0,0,0,0,0,0,1,0,0,0,0,0,0,0,0
22.768045189477167,50.0,132.0,0.0064811525720897,94.10000610351562,94.10000610351562,0,0,1,0,0,0,0,0,0,0,0,0,0,0,0,0,1,0,0,0,0
65.84249658787823,50.0,132.5,0.0067913798047017,94.10000610351562,94.10000610351562,0,0,1,0,0,0,0,0,0,0,0,0,0,0,0,0,1,0,0,0,0
94.38165590859928,47.53488372093023,133.0,0.006145457193177,94.10000610351562,94.10000610351562,0,0,1,0,0,0,0,0,0,0,0,0,0,0,0,0,0,0,1,0,0
328.0480935903346,30.0,133.5,0.0056538929317804,94.10000610351562,94.10000610351562,0,0,1,0,0,0,0,0,0,0,0,0,0,0,0,0,0,0,1,0,0
110.85974134164086,50.0,132.5,0.0055288917891295,94.10000610351562,94.10000610351562,0,0,1,0,0,0,0,0,0,0,0,0,0,0,0,0,0,0,1,0,0
94.38165590859928,47.53488372093023,133.0,0.006145457193177,94.10000610351562,94.10000610351562,0,0,1,0,0,0,0,0,0,0,0,0,0,0,0,0,0,0,1,0,0
255.86685619919623,47.53488372093023,132.0,0.0115476998079434,94.10000610351562,94.10000610351562,0,0,0,1,0,0,0,0,0,0,0,0,0,0,0,0,0,0,1,0,0
13.767787712532744,30.0,134.0,0.0114122119144908,94.10000610351562,94.10000610351562,0,0,0,1,0,0,0,0,0,0,0,0,0,0,0,0,0,0,1,0,0
341.4343612583289,50.0,133.0,0.0103868311509346,94.10000610351562,94.10000610351562,0,0,1,0,0,0,0,0,0,0,1,0,0,0,0,0,0,0,0,0,0
55.37577921387828,30.0,133.5,0.0111055399363001,94.10000610351562,94.10000610351562,0,0,0,1,0,0,0,0,0,0,0,0,0,0,0,0,0,0,1,0,0
65.84249658787823,50.0,132.5,0.0067913798047017,94.10000610351562,94.10000610351562,0,0,1,0,0,0,0,0,0,0,0,0,0,0,0,0,1,0,0,0,0
123.25401161292774,50.0,132.0,0.0074493034162794,94.10000610351562,94.10000610351562,0,0,1,0,0,0,0,0,0,0,0,0,0,0,0,0,1,0,0,0,0
158.2872677215278,47.53488372093023,132.5,0.0077812315086473,94.10000610351562,94.10000610351562,0,0,1,0,0,0,0,0,0,0,0,0,0,0,0,0,0,0,1,0,0
46.44675750302796,50.0,132.0,0.0091698728964016,94.10000610351562,94.10000610351562,0,0,0,1,0,0,0,0,0,0,1,0,0,0,0,0,0,0,0,0,0
73.36193700059529,47.53488372093023,131.0,0.0057646678592032,94.10000610351562,94.10000610351562,0,1,1,0,0,0,0,0,0,0,0,0,0,0,0,0,0,0,1,0,0
301.9285086617737,47.53488372093023,131.0,0.0041287754301059,94.10000610351562,94.10000610351562,0,1,1,0,0,0,0,0,0,0,0,0,0,0,0,0,0,0,1,0,0
265.4392297608404,47.53488372093023,131.5,0.0075713025485521,94.10000610351562,94.10000610351562,0,1,1,0,0,0,0,0,0,0,0,0,0,0,0,0,0,0,1,0,0
46.58995213855292,47.53488372093023,131.0,0.0026196587952493,94.10000610351562,94.10000610351562,0,1,1,0,0,0,0,0,0,0,0,0,0,0,0,0,0,0,1,0,0
143.6072391046268,50.8,131.0,0.0023709883707769,94.10000610351562,94.10000610351562,0,1,1,0,0,0,0,0,0,0,0,1,0,0,0,0,0,0,0,0,0
32.636527209389854,50.0,132.0,0.0059870011802998,94.10000610351562,94.10000610351562,0,0,1,0,0,0,0,0,0,0,0,0,0,0,0,0,0,0,1,0,0
265.15606566043635,50.0,131.5,0.0065911648079449,94.10000610351562,94.10000610351562,0,0,1,0,0,0,0,0,0,0,0,0,0,0,0,0,0,0,1,0,0
178.5338498500576,50.0,132.0,0.0072405158434822,94.10000610351562,94.10000610351562,0,0,1,0,0,0,0,0,0,0,0,0,0,0,0,0,0,0,1,0,0
373.8865690415281,33.595391008689084,132.5,0.0109637823104945,94.10000610351562,94.10000610351562,0,0,1,0,0,0,0,0,0,0,0,0,1,0,0,0,0,0,0,0,0
157.4262821822793,50.0,132.5,0.009216221473976,94.10000610351562,94.10000610351562,0,0,1,0,0,0,0,0,0,0,0,0,0,0,0,0,0,0,1,0,0
115.23285700120194,50.0,133.0,0.0108027219671954,94.10000610351562,94.10000610351562,0,0,1,0,0,0,0,0,0,0,0,0,0,0,0,0,0,0,1,0,0
373.8865690415281,33.595391008689084,132.5,0.0109637823104945,94.10000610351562,94.10000610351562,0,0,1,0,0,0,0,0,0,0,0,0,1,0,0,0,0,0,0,0,0
133.9658874874688,47.53488372093023,130.5,0.0048827046223365,94.10000610351562,94.10000610351562,0,1,1,0,0,0,0,0,0,0,0,0,0,0,0,0,0,0,1,0,0
259.08157965617085,50.0,130.0,0.0034507732370507,94.10000610351562,94.10000610351562,1,1,1,0,0,0,0,0,0,0,1,0,0,0,0,0,0,0,0,0,0
50.90388811860015,47.53488372093023,130.5,0.0044020705344606,94.10000610351562,94.10000610351562,0,1,1,0,0,0,0,0,0,0,0,0,0,0,0,0,0,0,1,0,0
52.97482061551911,47.53488372093023,130.5,0.0050677159460611,94.10000610351562,94.10000610351562,0,1,1,0,0,0,0,0,0,0,0,0,0,0,0,0,0,0,1,0,0
284.4183479637593,50.0,134.5,0.0071256291396319,74.4000015258789,74.4000015258789,0,0,0,1,0,0,0,0,0,0,0,0,1,0,0,0,0,0,0,0,0
56.43392674346202,50.0,134.0,0.007344428128396,74.4000015258789,74.4000015258789,0,0,0,1,0,0,0,0,0,0,0,0,0,0,1,0,0,0,0,0,0
313.2618177841138,50.0,133.0,0.0063801924557071,74.4000015258789,74.4000015258789,0,0,1,0,0,0,0,0,0,0,0,0,0,0,1,0,0,0,0,0,0
126.7373648851074,50.0,132.0,0.0051102456135649,94.10000610351562,94.10000610351562,0,0,0,1,0,0,0,0,0,0,0,0,0,0,0,0,1,0,0,0,0
40.317157198984646,50.0,133.0,0.0042340797663229,94.10000610351562,94.10000610351562,0,0,0,1,0,0,0,0,0,0,0,0,0,0,0,0,1,0,0,0,0
12.984338448003117,50.0,133.0,0.0044720071551761,94.10000610351562,94.10000610351562,0,0,0,1,0,0,0,0,0,0,0,0,1,0,0,0,0,0,0,0,0
28.71220216439792,33.595391008689084,135.0,0.005908688202095,94.10000610351562,94.10000610351562,0,0,0,1,0,0,0,0,0,0,0,0,1,0,0,0,0,0,0,0,0
162.59682428334767,30.0,137.0,0.0069838542418333,94.10000610351562,94.10000610351562,0,0,0,1,0,0,0,0,0,0,0,0,1,0,0,0,0,0,0,0,0
18.023552100272624,30.0,139.0,0.0081123954460538,94.10000610351562,94.10000610351562,0,0,0,1,0,0,0,0,0,0,0,0,1,0,0,0,0,0,0,0,0
199.7040185356887,30.0,143.0,0.0082493488982281,94.10000610351562,94.10000610351562,0,0,0,1,0,0,0,0,0,0,0,0,1,0,0,0,0,0,0,0,0
77.70475932337155,15.5531914893617,139.5,0.0084864011657811,94.10000610351562,94.10000610351562,0,0,0,1,0,1,0,0,0,0,0,0,0,0,0,0,0,0,0,0,0
4.261196007958215,50.0,134.0,0.0090376605098267,94.10000610351562,94.10000610351562,0,0,0,1,0,0,0,0,0,0,0,0,0,0,0,0,1,0,0,0,0
192.44676220647597,50.0,133.5,0.0098223979289984,94.10000610351562,94.10000610351562,0,0,0,1,0,0,0,0,0,0,0,0,0,0,0,0,1,0,0,0,0
286.7310614538151,33.595391008689084,133.5,0.0072953910254522,94.10000610351562,94.10000610351562,0,0,0,1,0,0,0,0,0,0,0,0,1,0,0,0,0,0,0,0,0
40.23915992954608,15.5531914893617,159.0,0.0133204441678092,78.69999694824219,78.69999694824219,0,0,0,1,0,1,0,0,0,0,0,0,0,0,0,0,0,0,0,0,0
122.4233143594378,30.0,159.5,0.0139331760354753,78.69999694824219,78.69999694824219,0,0,0,1,0,0,0,0,0,0,0,0,1,0,0,0,0,0,0,0,0
41.58452787857891,15.5531914893617,160.0,0.0137371765625611,78.69999694824219,78.69999694824219,0,0,0,1,0,1,0,0,0,0,0,0,0,0,0,0,0,0,0,0,0
41.58452787857891,15.5531914893617,160.0,0.0137371765625611,78.69999694824219,78.69999694824219,0,0,0,1,0,1,0,0,0,0,0,0,0,0,0,0,0,0,0,0,0
66.02118140027613,15.5531914893617,161.5,0.0143209812582386,78.69999694824219,78.69999694824219,0,0,0,1,0,1,0,0,0,0,0,0,0,0,0,0,0,0,0,0,0
116.12565139260155,30.0,157.5,0.0131263403435373,78.69999694824219,78.69999694824219,0,0,0,1,0,0,0,0,0,0,0,0,1,0,0,0,0,0,0,0,0
52.85930290497921,30.0,156.5,0.0125510974482643,78.69999694824219,78.69999694824219,0,0,0,1,0,0,0,0,0,0,0,0,1,0,0,0,0,0,0,0,0
28.87399523550072,70.0,377.0,0.0334441202777029,78.69999694824219,78.69999694824219,0,0,0,1,0,0,0,0,0,0,0,0,0,0,1,0,0,0,0,0,0
29.068592569598817,70.0,377.0,0.033402414851913,78.69999694824219,78.69999694824219,0,0,0,1,0,0,0,0,0,0,0,0,0,0,0,0,0,1,0,0,0
139.17252495281204,30.0,249.0,0.0296336554820094,78.69999694824219,78.69999694824219,0,0,0,1,0,0,0,0,0,0,0,0,1,0,0,0,0,0,0,0,0
67.28849169830474,30.0,250.5,0.0304338526147532,78.69999694824219,78.69999694824219,0,0,0,1,0,0,0,0,0,0,0,0,1,0,0,0,0,0,0,0,0
166.07745879160626,30.0,253.5,0.0307960079999612,78.69999694824219,78.69999694824219,0,0,0,1,0,0,0,0,0,0,0,0,1,0,0,0,0,0,0,0,0
146.1321068718061,30.0,244.5,0.029457182298583,78.69999694824219,78.69999694824219,0,0,0,1,0,0,0,0,0,0,0,0,1,0,0,0,0,0,0,0,0
39.116710892166736,30.0,247.0,0.0304648029679118,78.69999694824219,78.69999694824219,0,0,0,1,0,0,0,0,0,0,0,0,1,0,0,0,0,0,0,0,0
26.295536761765128,30.0,248.5,0.0303715018454237,78.69999694824219,78.69999694824219,0,0,0,1,0,0,0,0,0,0,0,0,1,0,0,0,0,0,0,0,0
39.11671089216674,30.0,247.0,0.0304648029679118,78.69999694824219,78.69999694824219,0,0,0,1,0,0,0,0,0,0,0,0,1,0,0,0,0,0,0,0,0
139.172524952812,30.0,249.0,0.0296336554820094,78.69999694824219,78.69999694824219,0,0,0,1,0,0,0,0,0,0,0,0,1,0,0,0,0,0,0,0,0
107.8380699894637,30.0,140.0,0.0168629553498645,94.10000610351562,94.10000610351562,0,0,0,1,0,0,0,0,0,0,0,0,0,0,0,0,1,0,0,0,0
59.240641849243545,30.0,138.5,0.0161889366957379,94.10000610351562,94.10000610351562,0,0,0,1,0,0,0,0,0,0,0,0,0,0,0,0,1,0,0,0,0
63.06413738617415,30.0,140.0,0.0168558745562162,94.10000610351562,94.10000610351562,0,0,0,1,0,0,0,0,0,0,0,0,1,0,0,0,0,0,0,0,0
36.29259276220454,33.595391008689084,135.0,0.0149216298094338,94.10000610351562,94.10000610351562,0,0,0,1,0,0,0,0,0,0,0,0,1,0,0,0,0,0,0,0,0
131.33089981642382,33.595391008689084,137.0,0.0154729967616711,94.10000610351562,94.10000610351562,0,0,0,1,0,0,0,0,0,0,0,0,1,0,0,0,0,0,0,0,0
377.500748421088,33.595391008689084,134.0,0.0131179721081054,94.10000610351562,94.10000610351562,0,0,1,0,0,0,0,0,0,0,0,0,1,0,0,0,0,0,0,0,0
372.8970144219139,33.595391008689084,133.0,0.0130134077572782,94.10000610351562,94.10000610351562,0,0,1,0,0,0,0,0,0,0,0,0,1,0,0,0,0,0,0,0,0
377.500748421088,33.595391008689084,134.0,0.0131179721081054,94.10000610351562,94.10000610351562,0,0,1,0,0,0,0,0,0,0,0,0,1,0,0,0,0,0,0,0,0
147.63027499737882,50.0,131.0,0.0106203494603213,94.10000610351562,94.10000610351562,0,0,1,0,0,0,0,0,0,0,0,0,1,0,0,0,0,0,0,0,0
5.94875107450695,50.0,131.0,0.0089627550818309,94.10000610351562,94.10000610351562,0,0,1,0,0,0,0,0,0,0,0,0,0,0,0,0,1,0,0,0,0
4.860128076326181,50.0,131.0,0.0089644115313896,94.10000610351562,94.10000610351562,0,0,1,0,0,0,0,0,0,0,0,0,1,0,0,0,0,0,0,0,0
81.4894249135922,30.0,143.5,0.0182544576673543,94.10000610351562,94.10000610351562,0,0,0,1,0,0,0,0,0,0,0,0,0,0,0,0,1,0,0,0,0
127.52322776303664,30.0,146.0,0.0190857672553657,94.10000610351562,94.10000610351562,0,0,0,1,0,0,0,0,0,0,0,0,0,0,0,0,1,0,0,0,0
180.44397239476933,30.0,136.0,0.0027387685487397,86.80000305175781,86.80000305175781,0,0,0,1,0,0,0,0,0,0,0,0,1,0,0,0,0,0,0,0,0
120.45190445192,50.0,135.0,0.0024190716971731,86.80000305175781,86.80000305175781,0,0,0,1,0,0,0,0,0,0,0,0,0,0,0,0,1,0,0,0,0
231.59076650965304,50.0,134.0,0.0032260984432176,94.10000610351562,94.10000610351562,0,0,0,1,0,0,0,0,0,0,0,0,0,0,0,0,1,0,0,0,0
162.28858108682778,30.0,157.0,0.0018102805452436,74.4000015258789,74.4000015258789,0,0,0,1,0,0,0,0,0,0,0,0,0,0,0,0,1,0,0,0,0
170.0605556877663,30.0,167.5,0.0029433466725529,74.4000015258789,74.4000015258789,0,0,0,1,0,0,0,0,0,0,0,0,1,0,0,0,0,0,0,0,0
235.3626321834528,30.0,178.06953433307024,0.0035024316426632,74.4000015258789,74.4000015258789,0,0,0,1,0,0,0,0,0,0,0,0,1,0,0,0,0,0,0,0,0
67.22219371614561,30.0,160.0,0.0017085616974109,74.4000015258789,74.4000015258789,0,0,0,1,0,0,0,0,0,0,0,0,0,0,0,0,1,0,0,0,0
271.9396025133989,47.53488372093023,161.0,0.0022354056214496,74.4000015258789,74.4000015258789,0,0,0,1,0,0,0,0,0,0,0,0,0,0,0,0,0,0,1,0,0
93.08570659925104,40.0,141.5,0.0004002375289392,74.4000015258789,74.4000015258789,0,0,0,1,0,0,0,0,0,0,0,0,0,0,0,0,1,0,0,0,0
710.223131149074,40.0,149.0,0.0010231187860493,74.4000015258789,74.4000015258789,0,0,0,1,0,0,0,0,0,0,0,0,0,0,0,0,1,0,0,0,0
100.63076753804177,33.595391008689084,140.0,0.0016122896531727,74.4000015258789,74.4000015258789,0,0,0,1,0,0,0,0,0,0,0,0,1,0,0,0,0,0,0,0,0
70.47973657038133,30.0,134.5,0.0010744118426725,74.4000015258789,74.4000015258789,0,1,1,0,0,0,0,0,0,0,0,0,0,0,0,0,1,0,0,0,0
122.98658131332824,30.0,138.0,0.0010059876780364,74.4000015258789,74.4000015258789,0,1,1,0,0,0,0,0,0,0,0,0,0,0,0,0,1,0,0,0,0
85.55308727996547,33.595391008689084,254.0,0.0250527724721859,78.69999694824219,78.69999694824219,0,0,0,1,0,0,0,0,0,0,0,0,1,0,0,0,0,0,0,0,0
217.33826235432105,30.0,256.5,0.0251051838824426,78.69999694824219,78.69999694824219,0,0,0,1,0,0,0,0,0,0,0,0,1,0,0,0,0,0,0,0,0
134.6063456537537,30.0,253.0,0.0244410377272427,78.69999694824219,78.69999694824219,0,0,0,1,0,0,0,0,0,0,0,0,1,0,0,0,0,0,0,0,0
85.55308727996547,33.595391008689084,254.0,0.0250527724721859,78.69999694824219,78.69999694824219,0,0,0,1,0,0,0,0,0,0,0,0,1,0,0,0,0,0,0,0,0
38.17254996582743,30.0,197.0,0.0057486473061204,74.4000015258789,74.4000015258789,0,0,0,1,0,0,0,0,0,0,0,0,1,0,0,0,0,0,0,0,0
99.11042423364265,30.0,202.5,0.0065715756416593,74.4000015258789,74.4000015258789,0,0,0,1,0,0,0,0,0,0,0,0,1,0,0,0,0,0,0,0,0
41.34086699216466,50.8,206.5,0.0075627434384152,86.80000305175781,86.80000305175781,0,0,0,1,0,0,0,0,0,0,0,1,0,0,0,0,0,0,0,0,0
260.6364105533785,47.53488372093023,207.5,0.0074564843650716,86.80000305175781,86.80000305175781,1,0,0,1,0,0,0,0,0,0,0,0,0,0,0,0,0,0,1,0,0
484.9296705856564,30.0,196.0,0.0055889304121378,86.80000305175781,86.80000305175781,0,0,0,1,0,0,0,0,0,0,0,0,0,0,0,0,0,0,1,0,0
556.9478337092575,30.0,225.0,0.0100139269660801,86.80000305175781,86.80000305175781,1,0,0,1,0,0,0,0,0,0,0,0,1,0,0,0,0,0,0,0,0
94.65817236396178,50.8,205.0,0.0073329708022091,86.80000305175781,86.80000305175781,0,0,0,1,0,0,0,0,0,0,0,1,0,0,0,0,0,0,0,0,0
260.6364105533785,47.53488372093023,207.5,0.0074564843650716,86.80000305175781,86.80000305175781,1,0,0,1,0,0,0,0,0,0,0,0,0,0,0,0,0,0,1,0,0
58.10613638385921,50.0,209.0,0.0075559719098469,86.80000305175781,86.80000305175781,0,0,0,1,0,0,0,0,0,0,1,0,0,0,0,0,0,0,0,0,0
42.64944674496098,50.0,200.0,0.0070025117459482,86.80000305175781,86.80000305175781,0,0,0,1,0,0,0,0,0,0,1,0,0,0,0,0,0,0,0,0,0
71.00434963742296,33.595391008689084,136.5,0.0079820126796618,78.69999694824219,78.69999694824219,0,0,0,1,0,0,0,0,0,0,0,0,1,0,0,0,0,0,0,0,0
199.630939429439,30.0,137.0,0.0081933568128995,78.69999694824219,78.69999694824219,0,0,0,1,0,0,0,0,0,0,0,0,1,0,0,0,0,0,0,0,0
66.45350420974012,15.5531914893617,136.5,0.0075193310791912,94.10000610351562,94.10000610351562,0,0,0,1,0,1,0,0,0,0,0,0,0,0,0,0,0,0,0,0,0
199.630939429439,30.0,137.0,0.0081933568128995,78.69999694824219,78.69999694824219,0,0,0,1,0,0,0,0,0,0,0,0,1,0,0,0,0,0,0,0,0
71.00434963742296,33.595391008689084,136.5,0.0079820126796618,78.69999694824219,78.69999694824219,0,0,0,1,0,0,0,0,0,0,0,0,1,0,0,0,0,0,0,0,0
55.03790937201431,33.595391008689084,135.5,0.0071695913828918,94.10000610351562,94.10000610351562,0,0,0,1,0,0,0,0,0,0,0,0,1,0,0,0,0,0,0,0,0
117.2117716990564,30.0,135.5,0.0074533892598604,78.69999694824219,78.69999694824219,0,0,0,1,0,0,0,0,0,0,0,0,1,0,0,0,0,0,0,0,0
195.6137548197315,30.0,136.0,0.0073079869459535,94.10000610351562,94.10000610351562,0,0,0,1,0,0,0,0,0,0,0,0,1,0,0,0,0,0,0,0,0
47.1055437895503,15.5531914893617,136.0,0.0067805746413522,94.10000610351562,94.10000610351562,0,0,0,1,0,1,0,0,0,0,0,0,0,0,0,0,0,0,0,0,0
195.6137548197315,30.0,136.0,0.0073079869459535,94.10000610351562,94.10000610351562,0,0,0,1,0,0,0,0,0,0,0,0,1,0,0,0,0,0,0,0,0
151.97426882973792,30.0,132.0,0.0037098153411179,86.80000305175781,86.80000305175781,0,0,1,0,0,0,0,0,0,0,0,0,1,0,0,0,0,0,0,0,0
143.91531692247924,30.0,132.5,0.0029496059119038,86.80000305175781,86.80000305175781,0,0,1,0,0,0,0,0,0,0,0,0,1,0,0,0,0,0,0,0,0
145.04221810278642,30.0,132.0,0.0027913116763979,86.80000305175781,86.80000305175781,0,0,1,0,0,0,0,0,0,0,0,0,1,0,0,0,0,0,0,0,0
100.91892784922494,33.595391008689084,131.5,0.0032174489684195,86.80000305175781,86.80000305175781,0,0,1,0,0,0,0,0,0,0,0,0,1,0,0,0,0,0,0,0,0
157.48759365357202,30.0,132.0,0.0025634518296933,86.80000305175781,86.80000305175781,0,0,1,0,0,0,0,0,0,0,0,0,1,0,0,0,0,0,0,0,0
145.04221810278645,30.0,132.0,0.0027913116763979,86.80000305175781,86.80000305175781,0,0,1,0,0,0,0,0,0,0,0,0,1,0,0,0,0,0,0,0,0
93.59053604523235,50.0,131.0,0.0029197958640895,86.80000305175781,86.80000305175781,0,0,1,0,0,0,0,0,0,0,0,0,1,0,0,0,0,0,0,0,0
119.507788001504,33.595391008689084,132.0,0.0023870791728408,86.80000305175781,86.80000305175781,0,0,1,0,0,0,0,0,0,0,0,0,1,0,0,0,0,0,0,0,0
157.48759365357205,30.0,132.0,0.0025634518296933,86.80000305175781,86.80000305175781,0,0,1,0,0,0,0,0,0,0,0,0,1,0,0,0,0,0,0,0,0
100.91892784922494,33.595391008689084,131.5,0.0032174489684195,86.80000305175781,86.80000305175781,0,0,1,0,0,0,0,0,0,0,0,0,1,0,0,0,0,0,0,0,0
151.97426882973795,30.0,132.0,0.0037098153411179,86.80000305175781,86.80000305175781,0,0,1,0,0,0,0,0,0,0,0,0,1,0,0,0,0,0,0,0,0
184.66575700145185,30.0,131.5,0.004525312842974,86.80000305175781,86.80000305175781,0,0,1,0,0,0,0,0,0,0,0,0,1,0,0,0,0,0,0,0,0
74.91031543639929,30.0,131.5,0.0045459072762638,86.80000305175781,86.80000305175781,0,0,1,0,0,0,0,0,0,0,0,0,1,0,0,0,0,0,0,0,0
91.44511383961184,50.0,131.0,0.0038582985938509,86.80000305175781,86.80000305175781,0,0,1,0,0,0,0,0,0,0,0,0,1,0,0,0,0,0,0,0,0
93.59053604523235,50.0,131.0,0.0029197958640895,86.80000305175781,86.80000305175781,0,0,1,0,0,0,0,0,0,0,0,0,1,0,0,0,0,0,0,0,0
465.8005161808319,30.0,130.5,0.0034407747947886,86.80000305175781,86.80000305175781,0,0,1,0,0,0,0,0,0,0,0,0,1,0,0,0,0,0,0,0,0
21.310950616993203,50.0,132.0,0.0044113664964355,86.80000305175781,86.80000305175781,0,0,1,0,0,0,0,0,0,0,0,0,1,0,0,0,0,0,0,0,0
91.44511383961184,50.0,131.0,0.0038582985938509,86.80000305175781,86.80000305175781,0,0,1,0,0,0,0,0,0,0,0,0,1,0,0,0,0,0,0,0,0
49.60455616067865,30.0,131.5,0.0042826773881256,86.80000305175781,86.80000305175781,0,0,1,0,0,0,0,0,0,0,0,0,1,0,0,0,0,0,0,0,0
21.310950616993203,50.0,132.0,0.0044113664964355,86.80000305175781,86.80000305175781,0,0,1,0,0,0,0,0,0,0,0,0,1,0,0,0,0,0,0,0,0
132.8603567945199,30.0,131.0,0.0045805145902923,86.80000305175781,86.80000305175781,0,0,1,0,0,0,0,0,0,0,0,0,1,0,0,0,0,0,0,0,0
170.1006249151556,40.0,131.5,0.0053066275741636,86.80000305175781,86.80000305175781,0,0,1,0,0,0,0,0,0,0,0,0,1,0,0,0,0,0,0,0,0
214.9063546394665,33.595391008689084,130.0,0.0053536293813546,86.80000305175781,86.80000305175781,0,0,1,0,0,0,0,0,0,0,0,0,1,0,0,0,0,0,0,0,0
132.86035679451993,30.0,131.0,0.0045805145902923,86.80000305175781,86.80000305175781,0,0,1,0,0,0,0,0,0,0,0,0,1,0,0,0,0,0,0,0,0
71.86296777213033,30.0,130.5,0.0046025876586719,86.80000305175781,86.80000305175781,0,0,1,0,0,0,0,0,0,0,0,0,1,0,0,0,0,0,0,0,0
71.86296777213033,30.0,130.5,0.0046025876586719,86.80000305175781,86.80000305175781,0,0,1,0,0,0,0,0,0,0,0,0,1,0,0,0,0,0,0,0,0
74.91031543639929,30.0,131.5,0.0045459072762638,86.80000305175781,86.80000305175781,0,0,1,0,0,0,0,0,0,0,0,0,1,0,0,0,0,0,0,0,0
84.20440222090546,15.5531914893617,131.0,0.0043335014455938,86.80000305175781,86.80000305175781,0,0,1,0,0,1,0,0,0,0,0,0,0,0,0,0,0,0,0,0,0
56.163632106429134,33.595391008689084,132.0,0.0055214597886501,86.80000305175781,86.80000305175781,0,0,1,0,0,0,0,0,0,0,0,0,1,0,0,0,0,0,0,0,0
89.87617822252089,48.05084745762712,131.5,0.0049998153343668,86.80000305175781,86.80000305175781,0,0,1,0,0,0,0,0,0,0,0,0,0,0,1,0,0,0,0,0,0
56.163632106429134,33.595391008689084,132.0,0.0055214597886501,86.80000305175781,86.80000305175781,0,0,1,0,0,0,0,0,0,0,0,0,1,0,0,0,0,0,0,0,0
10.27940622770952,50.0,131.0,0.0033768073945107,74.4000015258789,74.4000015258789,0,0,1,0,0,0,0,0,0,0,0,0,1,0,0,0,0,0,0,0,0
33.95286455127927,30.0,131.0,0.0034472936998149,74.4000015258789,74.4000015258789,0,0,1,0,0,0,0,0,0,0,0,0,1,0,0,0,0,0,0,0,0
169.68399361625782,50.0,131.5,0.0041704037944489,74.4000015258789,74.4000015258789,0,0,1,0,0,0,0,0,0,0,0,0,1,0,0,0,0,0,0,0,0
465.80051618083183,30.0,130.5,0.0034407747947886,86.80000305175781,86.80000305175781,0,0,1,0,0,0,0,0,0,0,0,0,1,0,0,0,0,0,0,0,0
33.95286455127928,30.0,131.0,0.0034472936998149,74.4000015258789,74.4000015258789,0,0,1,0,0,0,0,0,0,0,0,0,1,0,0,0,0,0,0,0,0
196.8931237863271,30.0,131.0,0.0042465175357051,74.4000015258789,74.4000015258789,0,0,1,0,0,0,0,0,0,0,0,0,0,1,0,0,0,0,0,0,0
3.2001496782387804,30.0,132.0,0.0059796650382377,86.80000305175781,86.80000305175781,0,0,1,0,0,0,0,0,0,0,0,0,1,0,0,0,0,0,0,0,0
94.4599693217458,30.0,131.5,0.0060402624450868,86.80000305175781,86.80000305175781,0,0,1,0,0,0,0,0,0,0,0,0,1,0,0,0,0,0,0,0,0
68.38211182441363,33.595391008689084,131.5,0.0056492716927647,86.80000305175781,86.80000305175781,0,0,1,0,0,0,0,0,0,0,0,0,1,0,0,0,0,0,0,0,0
28.70294926073649,15.5531914893617,130.0,0.0070142967096693,86.80000305175781,86.80000305175781,0,0,1,0,0,1,0,0,0,0,0,0,0,0,0,0,0,0,0,0,0
307.67483413038866,30.0,131.5,0.0071040377922197,74.4000015258789,74.4000015258789,0,0,1,0,0,0,0,0,0,0,0,0,1,0,0,0,0,0,0,0,0
92.21937000190604,30.0,130.5,0.0065330887472694,86.80000305175781,86.80000305175781,0,0,1,0,0,0,0,0,0,0,0,0,1,0,0,0,0,0,0,0,0
49.60455616067865,30.0,131.5,0.0042826773881256,86.80000305175781,86.80000305175781,0,0,1,0,0,0,0,0,0,0,0,0,1,0,0,0,0,0,0,0,0
199.8901787710401,30.0,134.5,0.0079338926309221,78.69999694824219,78.69999694824219,0,0,0,1,0,0,0,0,0,0,0,0,1,0,0,0,0,0,0,0,0
114.67584530878317,15.5531914893617,136.0,0.0097492596615606,78.69999694824219,78.69999694824219,0,0,0,1,0,1,0,0,0,0,0,0,0,0,0,0,0,0,0,0,0
90.78363316307193,33.595391008689084,134.5,0.0091252845286128,78.69999694824219,78.69999694824219,0,0,0,1,0,0,0,0,0,0,0,0,1,0,0,0,0,0,0,0,0
21.035260418065675,33.595391008689084,139.0,0.0067151123046381,94.10000610351562,94.10000610351562,0,0,0,1,0,0,0,0,0,0,0,0,1,0,0,0,0,0,0,0,0
104.11851635419136,30.0,136.0,0.0059279662515511,94.10000610351562,94.10000610351562,0,0,0,1,0,0,0,0,0,0,0,0,1,0,0,0,0,0,0,0,0
151.0012286019266,30.0,137.0,0.0070633681368752,94.10000610351562,94.10000610351562,0,0,0,1,0,0,0,0,0,0,0,0,1,0,0,0,0,0,0,0,0
69.88905192869409,30.0,138.0,0.0077706515947335,94.10000610351562,94.10000610351562,0,0,0,1,0,0,0,0,0,0,0,0,1,0,0,0,0,0,0,0,0
151.0012286019266,30.0,137.0,0.0070633681368752,94.10000610351562,94.10000610351562,0,0,0,1,0,0,0,0,0,0,0,0,1,0,0,0,0,0,0,0,0
148.30781393993595,33.595391008689084,136.5,0.0065966199015137,94.10000610351562,94.10000610351562,0,0,0,1,0,0,0,0,0,0,0,0,1,0,0,0,0,0,0,0,0
173.08089827719715,33.595391008689084,252.0,0.0260726472922617,78.69999694824219,78.69999694824219,0,0,0,1,0,0,0,0,0,0,0,0,1,0,0,0,0,0,0,0,0
52.91344110326077,50.0,254.0,0.0251451333656566,78.69999694824219,78.69999694824219,0,0,0,1,0,0,0,0,0,0,0,0,0,0,1,0,0,0,0,0,0
114.80721999359449,50.0,250.0,0.0244138030792686,78.69999694824219,78.69999694824219,0,0,0,1,0,0,0,0,0,0,0,0,0,0,1,0,0,0,0,0,0
185.51710484446787,30.0,255.0,0.024874815999339,78.69999694824219,78.69999694824219,0,0,0,1,0,0,0,0,0,0,0,0,1,0,0,0,0,0,0,0,0
21.50048476520622,30.0,250.5,0.021534405792367,78.69999694824219,78.69999694824219,0,0,0,1,0,0,0,0,0,0,0,0,1,0,0,0,0,0,0,0,0
206.6875086559194,33.595391008689084,227.0,0.0217312708378562,78.69999694824219,78.69999694824219,0,0,0,1,0,0,0,0,0,0,0,0,1,0,0,0,0,0,0,0,0
170.99698371548862,33.595391008689084,243.5,0.0232944002625289,78.69999694824219,78.69999694824219,0,0,0,1,0,0,0,0,0,0,0,0,1,0,0,0,0,0,0,0,0
119.8835542398776,50.0,259.5,0.0259305153214318,78.69999694824219,78.69999694824219,0,0,0,1,0,0,0,0,0,0,0,0,1,0,0,0,0,0,0,0,0
37.64334495687754,50.0,257.0,0.0256717063518422,78.69999694824219,78.69999694824219,0,0,0,1,0,0,0,0,0,0,0,0,1,0,0,0,0,0,0,0,0
28.70294926073649,15.5531914893617,130.0,0.0070142967096693,86.80000305175781,86.80000305175781,0,0,1,0,0,1,0,0,0,0,0,0,0,0,0,0,0,0,0,0,0
28.285128647331483,48.05084745762712,132.5,0.0056315296597819,86.80000305175781,86.80000305175781,0,0,1,0,0,0,0,0,0,0,0,0,0,0,1,0,0,0,0,0,0
50.12719992586225,50.0,132.5,0.0049975561310128,86.80000305175781,86.80000305175781,0,0,1,0,0,0,0,0,0,0,0,0,0,0,1,0,0,0,0,0,0
185.9983668729505,30.0,133.0,0.0057056738898836,86.80000305175781,86.80000305175781,0,0,1,0,0,0,0,0,0,0,0,0,1,0,0,0,0,0,0,0,0
37.57121198999753,50.0,133.0,0.0062546779235443,86.80000305175781,86.80000305175781,0,0,1,0,0,0,0,0,0,0,0,0,1,0,0,0,0,0,0,0,0
35.51950086617892,30.0,133.0,0.0061500356387794,86.80000305175781,86.80000305175781,0,0,1,0,0,0,0,0,0,0,0,0,1,0,0,0,0,0,0,0,0
92.40474265605692,33.595391008689084,133.5,0.0055054187195982,86.80000305175781,86.80000305175781,0,0,1,0,0,0,0,0,0,0,0,0,1,0,0,0,0,0,0,0,0
270.5573487413884,30.0,132.5,0.0068687356753333,86.80000305175781,86.80000305175781,0,0,1,0,0,0,0,0,0,0,0,0,1,0,0,0,0,0,0,0,0
25.480241497086688,30.0,133.0,0.0052248701198378,86.80000305175781,86.80000305175781,0,0,1,0,0,0,0,0,0,0,0,0,1,0,0,0,0,0,0,0,0
92.40474265605694,33.595391008689084,133.5,0.0055054187195982,86.80000305175781,86.80000305175781,0,0,1,0,0,0,0,0,0,0,0,0,1,0,0,0,0,0,0,0,0
36.7965296965613,33.595391008689084,135.0,0.0065675970491417,94.10000610351562,94.10000610351562,0,0,0,1,0,0,0,0,0,0,0,0,1,0,0,0,0,0,0,0,0
286.1239256809226,50.0,133.5,0.0075755601132122,86.80000305175781,86.80000305175781,0,0,1,0,0,0,0,0,0,0,0,0,1,0,0,0,0,0,0,0,0
10.342406079864334,50.0,135.5,0.0063419063744229,94.10000610351562,94.10000610351562,0,0,0,1,0,0,0,0,0,0,0,0,1,0,0,0,0,0,0,0,0
36.796529696561294,33.595391008689084,135.0,0.0065675970491417,94.10000610351562,94.10000610351562,0,0,0,1,0,0,0,0,0,0,0,0,1,0,0,0,0,0,0,0,0
26.464936135343542,33.595391008689084,135.0,0.0062666954919553,86.80000305175781,86.80000305175781,0,0,0,1,0,0,0,0,0,0,0,0,1,0,0,0,0,0,0,0,0
214.9063546394665,33.595391008689084,130.0,0.0053536293813546,86.80000305175781,86.80000305175781,0,0,1,0,0,0,0,0,0,0,0,0,1,0,0,0,0,0,0,0,0
149.90435849571006,30.0,134.5,0.0082810555346226,86.80000305175781,86.80000305175781,0,0,1,0,0,0,0,0,0,0,0,0,1,0,0,0,0,0,0,0,0
59.340403839529344,50.0,135.5,0.0087069593471797,86.80000305175781,86.80000305175781,0,0,0,1,0,0,0,0,0,0,0,0,0,0,1,0,0,0,0,0,0
223.37161891554751,50.0,135.0,0.0073467102793429,86.80000305175781,86.80000305175781,0,0,1,0,0,0,0,0,0,0,0,0,0,0,1,0,0,0,0,0,0
149.90435849571006,30.0,134.5,0.0082810555346226,86.80000305175781,86.80000305175781,0,0,1,0,0,0,0,0,0,0,0,0,1,0,0,0,0,0,0,0,0
141.43232012209654,33.595391008689084,135.0,0.0054808592998691,86.80000305175781,86.80000305175781,0,0,0,1,0,0,0,0,0,0,0,0,1,0,0,0,0,0,0,0,0
87.15303954646356,33.595391008689084,134.0,0.0043950476389317,86.80000305175781,86.80000305175781,0,0,0,1,0,0,0,0,0,0,0,0,1,0,0,0,0,0,0,0,0
54.87387287341495,33.595391008689084,134.0,0.0046092391478417,86.80000305175781,86.80000305175781,0,0,0,1,0,0,0,0,0,0,0,0,1,0,0,0,0,0,0,0,0
89.84284995401177,50.0,134.5,0.0051401652126957,94.10000610351562,94.10000610351562,0,0,0,1,0,0,0,0,0,0,0,0,1,0,0,0,0,0,0,0,0
33.52708974000349,50.0,134.0,0.004369225483455,94.10000610351562,94.10000610351562,0,0,0,1,0,0,0,0,0,0,0,0,1,0,0,0,0,0,0,0,0
20.263336938099048,50.0,133.0,0.0040258973620244,94.10000610351562,94.10000610351562,0,0,1,0,0,0,0,0,0,0,0,0,1,0,0,0,0,0,0,0,0
33.52708974000349,50.0,134.0,0.004369225483455,94.10000610351562,94.10000610351562,0,0,0,1,0,0,0,0,0,0,0,0,1,0,0,0,0,0,0,0,0
53.50430860349384,30.0,135.0,0.0065591452571459,74.4000015258789,74.4000015258789,0,0,1,0,0,0,0,0,0,0,0,0,0,0,1,0,0,0,0,0,0
165.1685362936078,50.0,132.5,0.0059930785810372,74.4000015258789,74.4000015258789,0,0,1,0,0,0,0,0,0,0,0,0,1,0,0,0,0,0,0,0,0
105.89833881991164,30.0,134.5,0.0072134654171693,74.4000015258789,74.4000015258789,0,0,1,0,0,0,0,0,0,0,0,0,0,0,1,0,0,0,0,0,0
112.70854134248822,30.0,139.5,0.0057374062884987,74.4000015258789,74.4000015258789,0,0,1,0,0,0,0,0,0,0,0,0,1,0,0,0,0,0,0,0,0
89.38506638779916,15.5531914893617,130.5,0.0034784539559784,74.4000015258789,74.4000015258789,0,1,1,0,0,1,0,0,0,0,0,0,0,0,0,0,0,0,0,0,0
112.86690560265232,30.0,131.0,0.0031396304820219,74.4000015258789,74.4000015258789,0,0,1,0,0,0,0,0,0,0,0,0,1,0,0,0,0,0,0,0,0
417.8306810832344,40.0,131.5,0.0013815276944543,74.4000015258789,74.4000015258789,1,0,1,0,0,0,0,0,0,0,1,0,0,0,0,0,0,0,0,0,0
62.68052432954632,30.0,132.5,0.000307999380598,74.4000015258789,74.4000015258789,1,1,1,0,0,0,0,0,0,0,1,0,0,0,0,0,0,0,0,0,0
396.46484857846144,50.0,134.0,0.0017849065699009,74.4000015258789,74.4000015258789,0,0,0,1,0,0,0,0,0,0,0,0,1,0,0,0,0,0,0,0,0
22.352919842826694,50.0,145.5,0.0132659151283951,74.4000015258789,74.4000015258789,0,0,0,1,0,0,0,0,0,0,0,0,1,0,0,0,0,0,0,0,0
64.28773487088431,30.0,147.5,0.0135546836483036,74.4000015258789,74.4000015258789,0,0,0,1,0,0,0,0,0,0,0,0,1,0,0,0,0,0,0,0,0
144.360844342053,50.0,144.5,0.0139289067391358,74.4000015258789,74.4000015258789,0,0,0,1,0,0,0,0,0,0,0,0,1,0,0,0,0,0,0,0,0
42.25179022893606,100.0,156.5,0.0013947643097568,74.4000015258789,74.4000015258789,0,0,0,1,0,0,0,0,0,0,0,0,0,0,0,0,0,1,0,0,0
712.8128545155787,50.0,148.5,0.0027323459367195,74.4000015258789,74.4000015258789,0,0,0,1,0,0,0,0,0,0,0,0,0,0,0,0,1,0,0,0,0
768.9882397033143,70.0,141.0,0.0009852796032328,74.4000015258789,74.4000015258789,0,0,1,0,0,0,0,0,0,0,1,0,0,0,0,0,0,0,0,0,0
29.9861048077194,70.0,142.0,0.0011763337972813,74.4000015258789,74.4000015258789,0,0,0,1,0,0,0,0,0,0,1,0,0,0,0,0,0,0,0,0,0
18.85236310452811,100.0,150.0,0.0012372429216481,74.4000015258789,74.4000015258789,0,0,0,1,0,0,0,0,0,0,0,0,0,0,0,0,0,1,0,0,0
33.353231984594444,100.0,150.0,0.0012610839155075,74.4000015258789,74.4000015258789,0,0,0,1,0,0,0,0,0,0,0,0,0,0,0,0,0,1,0,0,0
29.35891792981431,50.0,143.0,0.0013559700899089,86.80000305175781,86.80000305175781,0,0,1,0,0,0,0,0,0,0,0,1,0,0,0,0,0,0,0,0,0
74.34299528416477,50.0,140.5,0.0013760362174536,86.80000305175781,86.80000305175781,0,0,1,0,0,0,0,0,0,0,1,0,0,0,0,0,0,0,0,0,0
18.213233584835887,50.0,143.0,0.0015189924464453,86.80000305175781,86.80000305175781,0,0,1,0,0,0,0,0,0,0,1,0,0,0,0,0,0,0,0,0,0
74.34299528416477,50.0,140.5,0.0013760362174536,86.80000305175781,86.80000305175781,0,0,1,0,0,0,0,0,0,0,1,0,0,0,0,0,0,0,0,0,0
74.63725255636754,50.0,140.5,0.0012420707118768,86.80000305175781,86.80000305175781,0,0,1,0,0,0,0,0,0,0,1,0,0,0,0,0,0,0,0,0,0
227.7120353811124,50.0,136.0,0.0013548067507228,86.80000305175781,86.80000305175781,0,0,1,0,0,0,0,0,0,0,1,0,0,0,0,0,0,0,0,0,0
1024.4569818545335,50.0,137.0,0.0008992315116778,86.80000305175781,86.80000305175781,0,0,1,0,0,0,0,0,0,0,1,0,0,0,0,0,0,0,0,0,0
348.7411414375303,30.0,135.0,0.0011510594341441,86.80000305175781,86.80000305175781,0,0,1,0,0,0,0,0,0,0,1,0,0,0,0,0,0,0,0,0,0
383.2074646944504,30.0,135.0,0.0011510594341441,86.80000305175781,86.80000305175781,1,1,1,0,0,0,0,0,0,0,0,0,1,0,0,0,0,0,0,0,0
851.7594261307357,30.0,131.5,0.0058346620311419,94.10000610351562,94.10000610351562,0,1,1,0,0,0,0,0,0,0,0,0,0,0,0,0,0,0,1,0,0
170.99698371548865,33.595391008689084,243.5,0.0232944002625289,78.69999694824219,78.69999694824219,0,0,0,1,0,0,0,0,0,0,0,0,1,0,0,0,0,0,0,0,0
109.22024443936678,50.0,239.5,0.0228827048191701,78.69999694824219,78.69999694824219,0,0,0,1,0,0,0,0,0,0,0,0,0,0,1,0,0,0,0,0,0
59.121936704419056,50.0,245.0,0.0236453550097668,78.69999694824219,78.69999694824219,0,0,0,1,0,0,0,0,0,0,0,0,0,0,1,0,0,0,0,0,0
64.28518113381769,33.595391008689084,205.0,0.0205463811197766,78.69999694824219,78.69999694824219,0,0,0,1,0,0,0,0,0,0,0,0,1,0,0,0,0,0,0,0,0
39.14131411521823,30.0,251.5,0.0218817886293802,78.69999694824219,78.69999694824219,0,0,0,1,0,0,0,0,0,0,0,0,1,0,0,0,0,0,0,0,0
45.51288830040439,50.0,252.0,0.0221590636281255,78.69999694824219,78.69999694824219,0,0,0,1,0,0,0,0,0,0,0,0,1,0,0,0,0,0,0,0,0
164.422212916903,50.0,254.0,0.0213724930673353,78.69999694824219,78.69999694824219,0,0,0,1,0,0,0,0,0,0,0,0,1,0,0,0,0,0,0,0,0
201.65690929580225,30.0,148.0,0.0130327662911229,78.69999694824219,78.69999694824219,0,0,0,1,0,0,0,0,0,0,0,0,1,0,0,0,0,0,0,0,0
55.8813306814512,30.0,151.5,0.012581409719075,78.69999694824219,78.69999694824219,0,0,0,1,0,0,0,0,0,0,0,0,1,0,0,0,0,0,0,0,0
155.72649424757324,33.595391008689084,158.0,0.0133099353640711,78.69999694824219,78.69999694824219,0,0,0,1,0,0,0,0,0,0,0,0,1,0,0,0,0,0,0,0,0
60.95495946571193,33.595391008689084,160.0,0.0150558323138667,74.4000015258789,74.4000015258789,0,0,0,1,0,0,0,0,0,0,0,0,1,0,0,0,0,0,0,0,0
17.839864374361984,30.0,153.0,0.0148762786391342,74.4000015258789,74.4000015258789,0,0,0,1,0,0,0,0,0,0,0,0,1,0,0,0,0,0,0,0,0
403.0762316776778,30.0,177.0,0.0155573058186786,78.69999694824219,78.69999694824219,0,0,0,1,0,0,0,0,0,0,0,0,1,0,0,0,0,0,0,0,0
60.95495946571192,33.595391008689084,160.0,0.0150558323138667,74.4000015258789,74.4000015258789,0,0,0,1,0,0,0,0,0,0,0,0,1,0,0,0,0,0,0,0,0
58.687661871111885,33.595391008689084,257.5,0.0263416033039985,78.69999694824219,78.69999694824219,0,0,0,1,0,0,0,0,0,0,0,0,1,0,0,0,0,0,0,0,0
68.99237525386292,30.0,257.0,0.0266876641112847,78.69999694824219,78.69999694824219,0,0,0,1,0,0,0,0,0,0,0,0,1,0,0,0,0,0,0,0,0
73.39656157001761,30.0,257.5,0.0266138928997996,78.69999694824219,78.69999694824219,0,0,0,1,0,0,0,0,0,0,0,0,1,0,0,0,0,0,0,0,0
58.687661871111885,33.595391008689084,257.5,0.0263416033039985,78.69999694824219,78.69999694824219,0,0,0,1,0,0,0,0,0,0,0,0,1,0,0,0,0,0,0,0,0
173.08089827719712,33.595391008689084,252.0,0.0260726472922617,78.69999694824219,78.69999694824219,0,0,0,1,0,0,0,0,0,0,0,0,1,0,0,0,0,0,0,0,0
219.59667671428693,30.0,253.0,0.0275304954616785,78.69999694824219,78.69999694824219,0,0,0,1,0,0,0,0,0,0,0,0,1,0,0,0,0,0,0,0,0
71.073054927969,30.0,254.5,0.0266839474077147,78.69999694824219,78.69999694824219,0,0,0,1,0,0,0,0,0,0,0,0,1,0,0,0,0,0,0,0,0
172.13456821833913,47.53488372093023,181.5,0.0038960925612107,86.80000305175781,86.80000305175781,0,0,0,1,0,0,0,0,0,0,0,0,0,0,0,0,0,0,1,0,0
691.1566500238322,33.595391008689084,207.0,0.0068884483433512,86.80000305175781,86.80000305175781,0,0,0,1,0,0,0,0,0,0,0,0,1,0,0,0,0,0,0,0,0
23.548841225862983,50.0,140.0,0.0100104713721906,78.69999694824219,78.69999694824219,0,0,0,1,0,0,0,0,0,0,0,0,1,0,0,0,0,0,0,0,0
133.62956731923327,50.0,140.0,0.0097259134900411,78.69999694824219,78.69999694824219,0,0,0,1,0,0,0,0,0,0,0,0,1,0,0,0,0,0,0,0,0
94.6713712851735,30.0,135.0,0.0046493993185809,94.10000610351562,94.10000610351562,0,0,0,1,0,0,0,0,0,0,0,0,1,0,0,0,0,0,0,0,0
104.11851635419136,30.0,136.0,0.0059279662515511,94.10000610351562,94.10000610351562,0,0,0,1,0,0,0,0,0,0,0,0,1,0,0,0,0,0,0,0,0
121.37230149941132,30.0,136.0,0.0049319537369127,94.10000610351562,94.10000610351562,0,0,0,1,0,0,0,0,0,0,0,0,1,0,0,0,0,0,0,0,0
121.37230149941132,30.0,136.0,0.0049319537369127,94.10000610351562,94.10000610351562,0,0,0,1,0,0,0,0,0,0,0,0,1,0,0,0,0,0,0,0,0
21.035260418065675,33.595391008689084,139.0,0.0067151123046381,94.10000610351562,94.10000610351562,0,0,0,1,0,0,0,0,0,0,0,0,1,0,0,0,0,0,0,0,0
47.146467144001896,30.0,140.5,0.0067216998549822,94.10000610351562,94.10000610351562,0,0,0,1,0,0,0,0,0,0,0,0,1,0,0,0,0,0,0,0,0
174.0621254167614,30.0,158.5,0.0078893987918556,94.10000610351562,94.10000610351562,0,0,0,1,0,0,0,0,0,0,0,0,1,0,0,0,0,0,0,0,0
11.787822945823285,50.0,131.0,0.0058486911384426,94.10000610351562,94.10000610351562,0,0,0,1,0,0,0,0,0,0,0,0,0,0,0,0,1,0,0,0,0
126.7373648851074,50.0,132.0,0.0051102456135649,94.10000610351562,94.10000610351562,0,0,0,1,0,0,0,0,0,0,0,0,0,0,0,0,1,0,0,0,0
60.77785859647361,33.595391008689084,131.5,0.0054761842605888,94.10000610351562,94.10000610351562,0,0,0,1,0,0,0,0,0,0,0,0,1,0,0,0,0,0,0,0,0
172.9105857120947,50.0,132.5,0.0064237490380809,94.10000610351562,94.10000610351562,0,0,0,1,0,0,0,0,0,0,0,0,0,0,0,0,1,0,0,0,0
291.955273342738,50.0,134.0,0.0079793528500124,94.10000610351562,94.10000610351562,0,0,0,1,0,0,0,0,0,0,0,0,0,0,0,0,1,0,0,0,0
318.9054136298846,30.0,140.5,0.0090327760565636,94.10000610351562,94.10000610351562,0,0,0,1,0,0,0,0,0,0,0,0,1,0,0,0,0,0,0,0,0
40.211802265927496,33.595391008689084,148.0,0.0123290081729489,94.10000610351562,94.10000610351562,0,0,0,1,0,0,0,0,0,0,0,0,1,0,0,0,0,0,0,0,0
146.9642307296985,30.0,144.5,0.0115984144976514,94.10000610351562,94.10000610351562,0,0,0,1,0,0,0,0,0,0,0,0,1,0,0,0,0,0,0,0,0
159.25760101509167,33.595391008689084,141.0,0.0122003100515367,94.10000610351562,94.10000610351562,0,0,0,1,0,0,0,0,0,0,0,0,1,0,0,0,0,0,0,0,0
111.93768228456072,33.595391008689084,150.0,0.0129130482732626,94.10000610351562,94.10000610351562,0,0,0,1,0,0,0,0,0,0,0,0,1,0,0,0,0,0,0,0,0
40.211802265927496,33.595391008689084,148.0,0.0123290081729489,94.10000610351562,94.10000610351562,0,0,0,1,0,0,0,0,0,0,0,0,1,0,0,0,0,0,0,0,0
281.501011121426,47.53488372093023,177.0,0.014414120563733,94.10000610351562,94.10000610351562,0,0,0,1,0,0,0,0,0,0,0,0,0,0,0,0,0,0,0,0,1
37.76672236765165,33.595391008689084,146.0,0.0133696573532592,94.10000610351562,94.10000610351562,0,0,0,1,0,0,0,0,0,0,0,0,1,0,0,0,0,0,0,0,0
106.76081416044224,30.0,136.0,0.0063216786919486,94.10000610351562,94.10000610351562,0,0,0,1,0,0,0,0,0,0,0,0,0,0,1,0,0,0,0,0,0
123.58469275867364,30.0,136.0,0.0069580337778936,94.10000610351562,94.10000610351562,0,0,0,1,0,0,0,0,0,0,0,0,0,0,1,0,0,0,0,0,0
341.336834828638,30.0,137.0,0.0069272872923775,94.10000610351562,94.10000610351562,0,0,0,1,0,0,0,0,0,0,0,0,1,0,0,0,0,0,0,0,0
152.99869979505846,30.0,134.5,0.0056667260509647,94.10000610351562,94.10000610351562,0,1,1,0,0,0,0,0,0,0,0,0,1,0,0,0,0,0,0,0,0
82.50084838811506,30.0,133.5,0.0036612564597292,94.10000610351562,94.10000610351562,0,1,1,0,0,0,0,0,0,0,0,0,1,0,0,0,0,0,0,0,0
87.73564065876259,30.0,133.5,0.0041489723619131,94.10000610351562,94.10000610351562,0,1,1,0,0,0,0,0,0,0,0,0,1,0,0,0,0,0,0,0,0
270.74150123172615,30.0,134.0,0.0031270264250937,94.10000610351562,94.10000610351562,0,1,1,0,0,0,0,0,0,0,0,0,1,0,0,0,0,0,0,0,0
65.15076247355465,30.0,133.5,0.0031802443840596,94.10000610351562,94.10000610351562,0,1,1,0,0,0,0,0,0,0,0,0,1,0,0,0,0,0,0,0,0
64.61166857381006,30.0,134.0,0.0030898682214829,94.10000610351562,94.10000610351562,0,1,1,0,0,0,0,0,0,0,0,0,1,0,0,0,0,0,0,0,0
71.0396889229892,30.0,134.0,0.0026173090808889,94.10000610351562,94.10000610351562,0,1,1,0,0,0,0,0,0,0,0,0,1,0,0,0,0,0,0,0,0
270.74150123172615,30.0,134.0,0.0031270264250937,94.10000610351562,94.10000610351562,0,1,1,0,0,0,0,0,0,0,0,0,1,0,0,0,0,0,0,0,0
73.65848191974287,30.0,133.5,0.0029068276470316,94.10000610351562,94.10000610351562,0,1,1,0,0,0,0,0,0,0,0,0,1,0,0,0,0,0,0,0,0
65.15076247355465,30.0,133.5,0.0031802443840596,94.10000610351562,94.10000610351562,0,1,1,0,0,0,0,0,0,0,0,0,1,0,0,0,0,0,0,0,0
51.02397504706562,30.0,131.5,0.0024199453492433,94.10000610351562,94.10000610351562,0,1,1,0,0,0,0,0,0,0,0,0,1,0,0,0,0,0,0,0,0
115.96964089546329,30.0,134.5,0.004144040891834,94.10000610351562,94.10000610351562,0,1,1,0,0,0,0,0,0,0,0,0,1,0,0,0,0,0,0,0,0
64.61166857381008,30.0,134.0,0.0030898682214829,94.10000610351562,94.10000610351562,0,1,1,0,0,0,0,0,0,0,0,0,1,0,0,0,0,0,0,0,0
99.32155902921257,30.0,134.0,0.0033351348204077,94.10000610351562,94.10000610351562,0,0,0,1,0,0,0,0,0,0,0,0,1,0,0,0,0,0,0,0,0
121.21712814433177,30.0,133.5,0.0038142495958876,94.10000610351562,94.10000610351562,0,0,0,1,0,0,0,0,0,0,0,0,1,0,0,0,0,0,0,0,0
115.96964089546329,30.0,134.5,0.004144040891834,94.10000610351562,94.10000610351562,0,1,1,0,0,0,0,0,0,0,0,0,1,0,0,0,0,0,0,0,0
34.44198066416594,30.0,135.5,0.0046397047317429,94.10000610351562,94.10000610351562,0,0,0,1,0,0,0,0,0,0,0,0,0,0,1,0,0,0,0,0,0
42.04443935003869,30.0,135.0,0.004921194869816,94.10000610351562,94.10000610351562,0,0,0,1,0,0,0,0,0,0,0,0,0,0,1,0,0,0,0,0,0
99.32155902921257,30.0,134.0,0.0033351348204077,94.10000610351562,94.10000610351562,0,0,0,1,0,0,0,0,0,0,0,0,1,0,0,0,0,0,0,0,0
44.87088224604084,33.595391008689084,138.0,0.007509855069101,94.10000610351562,94.10000610351562,0,0,0,1,0,0,0,0,0,0,0,0,1,0,0,0,0,0,0,0,0
341.336834828638,30.0,137.0,0.0069272872923775,94.10000610351562,94.10000610351562,0,0,0,1,0,0,0,0,0,0,0,0,1,0,0,0,0,0,0,0,0
128.92568361534154,33.595391008689084,137.5,0.0065397261757331,94.10000610351562,94.10000610351562,0,0,0,1,0,0,0,0,0,0,0,0,0,1,0,0,0,0,0,0,0
17.491953813483704,15.5531914893617,137.0,0.0058387270118909,94.10000610351562,94.10000610351562,0,0,0,1,0,1,0,0,0,0,0,0,0,0,0,0,0,0,0,0,0
128.92568361534154,15.5531914893617,137.5,0.0065397261757331,94.10000610351562,94.10000610351562,0,0,0,1,0,0,1,0,0,0,0,0,0,0,0,0,0,0,0,0,0
44.87088224604084,33.595391008689084,138.0,0.007509855069101,94.10000610351562,94.10000610351562,0,0,0,1,0,0,0,0,0,0,0,0,1,0,0,0,0,0,0,0,0
194.36889091892,33.595391008689084,139.0,0.0080539347787352,94.10000610351562,94.10000610351562,0,0,0,1,0,0,0,0,0,0,0,0,1,0,0,0,0,0,0,0,0
98.31803929702043,33.595391008689084,138.0,0.0075540121182946,94.10000610351562,94.10000610351562,0,0,0,1,0,0,0,0,0,0,0,0,1,0,0,0,0,0,0,0,0
85.11504918224576,30.0,137.5,0.0154580694308523,94.10000610351562,94.10000610351562,0,0,0,1,0,0,0,0,0,0,0,0,1,0,0,0,0,0,0,0,0
109.62402644535136,40.0,137.5,0.0154541777434705,94.10000610351562,94.10000610351562,0,0,0,1,0,0,0,0,0,0,0,0,0,0,0,0,1,0,0,0,0
84.69352214244617,50.0,136.0,0.0146010659931956,94.10000610351562,94.10000610351562,0,0,0,1,0,0,0,0,0,0,0,0,0,0,0,0,1,0,0,0,0
44.400199237410845,15.5531914893617,148.0,0.0197686518606252,94.10000610351562,94.10000610351562,0,0,0,1,0,1,0,0,0,0,0,0,0,0,0,0,0,0,0,0,0
49.77276636283798,30.0,147.5,0.0196978773589214,94.10000610351562,94.10000610351562,0,0,0,1,0,0,0,0,0,0,0,0,0,0,0,0,1,0,0,0,0
152.99869979505846,30.0,134.5,0.0056667260509647,94.10000610351562,94.10000610351562,0,1,1,0,0,0,0,0,0,0,0,0,1,0,0,0,0,0,0,0,0
87.73564065876259,30.0,133.5,0.0041489723619131,94.10000610351562,94.10000610351562,0,1,1,0,0,0,0,0,0,0,0,0,1,0,0,0,0,0,0,0,0
127.6511135413912,30.0,133.0,0.0043999368852601,94.10000610351562,94.10000610351562,0,0,0,1,0,0,0,0,0,0,0,0,1,0,0,0,0,0,0,0,0
210.08947076286975,30.0,133.5,0.0048006135613885,94.10000610351562,94.10000610351562,0,1,1,0,0,0,0,0,0,0,0,0,1,0,0,0,0,0,0,0,0
27.15249409349136,30.0,168.5,0.0039094098620502,74.4000015258789,74.4000015258789,0,0,0,1,0,0,0,0,0,0,0,0,1,0,0,0,0,0,0,0,0
74.90007435678694,30.0,169.0,0.0042144441437594,74.4000015258789,74.4000015258789,0,0,0,1,0,0,0,0,0,0,0,0,1,0,0,0,0,0,0,0,0
144.94407072373272,30.0,160.5,0.0035095794034441,74.4000015258789,74.4000015258789,0,0,0,1,0,0,0,0,0,0,0,0,1,0,0,0,0,0,0,0,0
38.17254996582743,30.0,197.0,0.0057486473061204,74.4000015258789,74.4000015258789,0,0,0,1,0,0,0,0,0,0,0,0,1,0,0,0,0,0,0,0,0
385.5558408934977,30.0,187.5,0.0051349859550774,74.4000015258789,74.4000015258789,0,0,0,1,0,0,0,0,0,0,0,0,1,0,0,0,0,0,0,0,0
151.75390213332162,15.5531914893617,134.0,0.0075251942994247,74.4000015258789,74.4000015258789,0,0,0,1,0,1,0,0,0,0,0,0,0,0,0,0,0,0,0,0,0
75.49812861680938,30.0,134.0,0.0074877092874811,74.4000015258789,74.4000015258789,0,0,1,0,0,0,0,0,0,0,0,0,1,0,0,0,0,0,0,0,0
143.7102899843232,30.0,131.5,0.0062520243824528,74.4000015258789,74.4000015258789,0,0,1,0,0,0,0,0,0,0,0,0,1,0,0,0,0,0,0,0,0
76.366614203274,30.0,132.0,0.0068333764688394,74.4000015258789,74.4000015258789,0,0,1,0,0,0,0,0,0,0,0,0,1,0,0,0,0,0,0,0,0
73.31751184663064,40.0,132.0,0.0066351447786868,74.4000015258789,74.4000015258789,0,0,1,0,0,0,0,0,0,0,0,0,1,0,0,0,0,0,0,0,0
214.32299543245125,30.0,154.5,0.0198673166608016,78.69999694824219,78.69999694824219,0,0,0,1,0,0,0,0,0,0,0,0,1,0,0,0,0,0,0,0,0
88.86918310297689,30.0,149.0,0.019018153083566,78.69999694824219,78.69999694824219,0,0,0,1,0,0,0,0,0,0,0,0,1,0,0,0,0,0,0,0,0
478.61837825967456,30.0,150.0,0.017712158501703,78.69999694824219,78.69999694824219,0,0,0,1,0,0,0,0,0,0,0,0,1,0,0,0,0,0,0,0,0
55.59831510105048,30.0,146.5,0.0163617871028722,78.69999694824219,78.69999694824219,0,0,0,1,0,0,0,0,0,0,0,0,1,0,0,0,0,0,0,0,0
71.59790955231028,33.595391008689084,150.0,0.0160924086808805,78.69999694824219,78.69999694824219,0,0,0,1,0,0,0,0,0,0,0,0,1,0,0,0,0,0,0,0,0
478.61837825967456,30.0,150.0,0.017712158501703,78.69999694824219,78.69999694824219,0,0,0,1,0,0,0,0,0,0,0,0,1,0,0,0,0,0,0,0,0
114.36096976225494,30.0,140.5,0.0158408765191824,78.69999694824219,78.69999694824219,0,0,0,1,0,0,0,0,0,0,0,0,1,0,0,0,0,0,0,0,0
467.7887177504848,50.0,138.0,0.0163799527838094,78.69999694824219,78.69999694824219,0,0,0,1,0,0,0,0,0,0,0,0,1,0,0,0,0,0,0,0,0
215.28943861865065,50.0,139.5,0.014902698545823,78.69999694824219,78.69999694824219,0,0,0,1,0,0,0,0,0,0,0,0,1,0,0,0,0,0,0,0,0
194.682441384542,50.0,130.5,0.0051346746837442,74.4000015258789,74.4000015258789,0,0,1,0,0,0,0,0,0,0,0,0,0,0,0,0,0,0,1,0,0
244.63826358111848,50.0,129.5,0.003131522520698,74.4000015258789,74.4000015258789,0,0,1,0,0,0,0,0,0,0,0,0,0,0,0,0,0,0,1,0,0
148.9460971999803,50.0,130.5,0.0040991808555804,74.4000015258789,74.4000015258789,0,0,1,0,0,0,0,0,0,0,0,0,1,0,0,0,0,0,0,0,0
35.141106395212134,50.0,135.0,0.0070135193510275,74.4000015258789,74.4000015258789,0,0,0,1,0,0,0,0,0,0,0,0,1,0,0,0,0,0,0,0,0
133.46301099428788,50.0,135.0,0.0070466970862052,74.4000015258789,74.4000015258789,0,0,0,1,0,0,0,0,0,0,0,0,1,0,0,0,0,0,0,0,0
59.266880882019066,30.0,135.0,0.0067586835193176,74.4000015258789,74.4000015258789,0,0,0,1,0,0,0,0,0,0,0,0,1,0,0,0,0,0,0,0,0
46.91021295231139,30.0,134.5,0.0062848644444858,74.4000015258789,74.4000015258789,0,0,0,1,0,0,0,0,0,0,0,0,1,0,0,0,0,0,0,0,0
59.26688088201906,30.0,135.0,0.0067586835193176,74.4000015258789,74.4000015258789,0,0,0,1,0,0,0,0,0,0,0,0,1,0,0,0,0,0,0,0,0
159.65108744368155,30.0,134.0,0.0064235018725674,74.4000015258789,74.4000015258789,0,0,1,0,0,0,0,0,0,0,0,0,1,0,0,0,0,0,0,0,0
21.79029658021575,30.0,134.0,0.0059889684611534,74.4000015258789,74.4000015258789,0,0,0,1,0,0,0,0,0,0,0,0,1,0,0,0,0,0,0,0,0
46.91021295231139,30.0,134.5,0.0062848644444858,74.4000015258789,74.4000015258789,0,0,0,1,0,0,0,0,0,0,0,0,1,0,0,0,0,0,0,0,0
115.12764443047924,30.0,134.0,0.0061874592755218,74.4000015258789,74.4000015258789,0,0,0,1,0,0,0,0,0,0,0,0,1,0,0,0,0,0,0,0,0
21.79029658021575,30.0,134.0,0.0059889684611534,74.4000015258789,74.4000015258789,0,0,0,1,0,0,0,0,0,0,0,0,1,0,0,0,0,0,0,0,0
83.41131935886014,30.0,133.0,0.0055505221414244,74.4000015258789,74.4000015258789,0,0,0,1,0,0,0,0,0,0,0,0,1,0,0,0,0,0,0,0,0
148.66686653533108,30.0,133.0,0.0056373347392024,74.4000015258789,74.4000015258789,0,0,1,0,0,0,0,0,0,0,0,0,1,0,0,0,0,0,0,0,0
65.57829482471318,30.0,133.0,0.0062513059266487,74.4000015258789,74.4000015258789,0,0,1,0,0,0,0,0,0,0,0,0,1,0,0,0,0,0,0,0,0
159.65108744368155,30.0,134.0,0.0064235018725674,74.4000015258789,74.4000015258789,0,0,1,0,0,0,0,0,0,0,0,0,1,0,0,0,0,0,0,0,0
116.1691564462598,30.0,132.5,0.0058674677652465,74.4000015258789,74.4000015258789,0,0,1,0,0,0,0,0,0,0,0,0,1,0,0,0,0,0,0,0,0
65.57829482471318,30.0,133.0,0.0062513059266487,74.4000015258789,74.4000015258789,0,0,1,0,0,0,0,0,0,0,0,0,1,0,0,0,0,0,0,0,0
148.1728290974817,33.595391008689084,133.0,0.0059383927180467,74.4000015258789,74.4000015258789,0,0,1,0,0,0,0,0,0,0,0,0,1,0,0,0,0,0,0,0,0
61.4572245883578,33.595391008689084,132.5,0.0055281581185467,74.4000015258789,74.4000015258789,0,0,1,0,0,0,0,0,0,0,0,0,1,0,0,0,0,0,0,0,0
148.1728290974817,33.595391008689084,133.0,0.0059383927180467,74.4000015258789,74.4000015258789,0,0,1,0,0,0,0,0,0,0,0,0,1,0,0,0,0,0,0,0,0
163.16640824779626,30.0,132.5,0.0056706635670032,74.4000015258789,74.4000015258789,0,0,1,0,0,0,0,0,0,0,0,0,1,0,0,0,0,0,0,0,0
61.4572245883578,33.595391008689084,132.5,0.0055281581185467,74.4000015258789,74.4000015258789,0,0,1,0,0,0,0,0,0,0,0,0,1,0,0,0,0,0,0,0,0
82.78189851674297,30.0,132.0,0.0050589083420972,74.4000015258789,74.4000015258789,0,0,1,0,0,0,0,0,0,0,0,0,1,0,0,0,0,0,0,0,0
34.82184529481458,30.0,132.5,0.0054383324364678,74.4000015258789,74.4000015258789,0,0,1,0,0,0,0,0,0,0,0,0,1,0,0,0,0,0,0,0,0
162.88646462591555,30.0,133.5,0.0061549892904965,74.4000015258789,74.4000015258789,0,0,1,0,0,0,0,0,0,0,0,0,0,0,0,0,1,0,0,0,0
34.82184529481458,30.0,132.5,0.0054383324364678,74.4000015258789,74.4000015258789,0,0,1,0,0,0,0,0,0,0,0,0,1,0,0,0,0,0,0,0,0
227.14094762117224,50.0,132.5,0.0046804461249225,74.4000015258789,74.4000015258789,0,0,1,0,0,0,0,0,0,0,0,0,0,0,0,0,1,0,0,0,0
23.12984190792196,30.0,131.5,0.0047176766472705,74.4000015258789,74.4000015258789,0,0,1,0,0,0,0,0,0,0,0,0,1,0,0,0,0,0,0,0,0
82.78189851674296,30.0,132.0,0.0050589083420972,74.4000015258789,74.4000015258789,0,0,1,0,0,0,0,0,0,0,0,0,1,0,0,0,0,0,0,0,0
163.6155068306294,33.595391008689084,131.5,0.0044659919036137,74.4000015258789,74.4000015258789,0,0,1,0,0,0,0,0,0,0,0,0,1,0,0,0,0,0,0,0,0
83.1225175402866,30.0,130.5,0.0042953217150473,74.4000015258789,74.4000015258789,0,0,1,0,0,0,0,0,0,0,0,0,1,0,0,0,0,0,0,0,0
23.12984190792196,30.0,131.5,0.0047176766472705,74.4000015258789,74.4000015258789,0,0,1,0,0,0,0,0,0,0,0,0,1,0,0,0,0,0,0,0,0
83.12251754028658,30.0,130.5,0.0042953217150473,74.4000015258789,74.4000015258789,0,0,1,0,0,0,0,0,0,0,0,0,1,0,0,0,0,0,0,0,0
148.48189914935716,50.0,130.5,0.0042058148383335,74.4000015258789,74.4000015258789,0,0,1,0,0,0,0,0,0,0,0,0,0,0,1,0,0,0,0,0,0
229.36916812217115,50.0,131.0,0.0035711475959614,74.4000015258789,74.4000015258789,0,0,1,0,0,0,0,0,0,0,0,0,0,0,1,0,0,0,0,0,0
163.61550683062944,33.595391008689084,131.5,0.0044659919036137,74.4000015258789,74.4000015258789,0,0,1,0,0,0,0,0,0,0,0,0,1,0,0,0,0,0,0,0,0
163.16640824779626,30.0,132.5,0.0056706635670032,74.4000015258789,74.4000015258789,0,0,1,0,0,0,0,0,0,0,0,0,1,0,0,0,0,0,0,0,0
62.85241555319454,30.0,132.5,0.0058771437869747,74.4000015258789,74.4000015258789,0,0,1,0,0,0,0,0,0,0,0,0,1,0,0,0,0,0,0,0,0
116.1691564462598,30.0,132.5,0.0058674677652465,74.4000015258789,74.4000015258789,0,0,1,0,0,0,0,0,0,0,0,0,1,0,0,0,0,0,0,0,0
67.4007865012827,30.0,132.0,0.0052535045511508,74.4000015258789,74.4000015258789,0,0,1,0,0,0,0,0,0,0,0,0,1,0,0,0,0,0,0,0,0
138.2261077687549,30.0,131.5,0.0048858764182262,74.4000015258789,74.4000015258789,0,0,1,0,0,0,0,0,0,0,0,0,1,0,0,0,0,0,0,0,0
57.08573752365045,30.0,132.0,0.0053696135615095,74.4000015258789,74.4000015258789,0,0,1,0,0,0,0,0,0,0,0,0,1,0,0,0,0,0,0,0,0
284.41834796375923,50.0,134.5,0.0071256291396319,74.4000015258789,74.4000015258789,0,0,0,1,0,0,0,0,0,0,0,0,1,0,0,0,0,0,0,0,0
133.46301099428788,50.0,135.0,0.0070466970862052,74.4000015258789,74.4000015258789,0,0,0,1,0,0,0,0,0,0,0,0,1,0,0,0,0,0,0,0,0
85.10336763278025,30.0,134.5,0.0066798732277793,74.4000015258789,74.4000015258789,0,0,1,0,0,0,0,0,0,0,0,0,1,0,0,0,0,0,0,0,0
41.85750408065792,33.595391008689084,135.0,0.0072381267889371,74.4000015258789,74.4000015258789,0,0,0,1,0,0,0,0,0,0,0,0,1,0,0,0,0,0,0,0,0
86.88286530437057,30.0,132.0,0.0052092754263702,74.4000015258789,74.4000015258789,0,0,1,0,0,0,0,0,0,0,0,0,1,0,0,0,0,0,0,0,0
355.29514757836,30.0,131.5,0.0033426577825891,74.4000015258789,74.4000015258789,0,0,1,0,0,0,0,0,0,0,0,0,1,0,0,0,0,0,0,0,0
77.49889620955005,33.595391008689084,132.0,0.0046340160589888,74.4000015258789,74.4000015258789,0,0,1,0,0,0,0,0,0,0,0,0,0,1,0,0,0,0,0,0,0
10.414877310805618,15.5531914893617,132.0,0.0044073419093319,74.4000015258789,74.4000015258789,0,0,1,0,0,1,0,0,0,0,0,0,0,0,0,0,0,0,0,0,0
77.49889620955005,15.5531914893617,132.0,0.0046340160589888,74.4000015258789,74.4000015258789,0,0,1,0,0,0,1,0,0,0,0,0,0,0,0,0,0,0,0,0,0
33.484048536155896,15.5531914893617,132.0,0.0043107617964262,74.4000015258789,74.4000015258789,0,0,1,0,0,1,0,0,0,0,0,0,0,0,0,0,0,0,0,0,0
22.808498624814607,15.5531914893617,132.0,0.0042942038447399,74.4000015258789,74.4000015258789,0,0,1,0,0,1,0,0,0,0,0,0,0,0,0,0,0,0,0,0,0
75.15642523089971,15.5531914893617,131.0,0.0042582579263587,74.4000015258789,74.4000015258789,0,0,1,0,0,1,0,0,0,0,0,0,0,0,0,0,0,0,0,0,0
10.414877310805618,15.5531914893617,132.0,0.0044073419093319,74.4000015258789,74.4000015258789,0,0,1,0,0,1,0,0,0,0,0,0,0,0,0,0,0,0,0,0,0
117.49469671490256,15.5531914893617,131.5,0.0035901805228096,74.4000015258789,74.4000015258789,0,0,1,0,0,1,0,0,0,0,0,0,0,0,0,0,0,0,0,0,0
13.20347569090219,15.5531914893617,132.0,0.0041416560549196,74.4000015258789,74.4000015258789,0,0,1,0,0,1,0,0,0,0,0,0,0,0,0,0,0,0,0,0,0
137.42548396183963,15.5531914893617,131.5,0.00358659121189,74.4000015258789,74.4000015258789,0,0,1,0,0,1,0,0,0,0,0,0,0,0,0,0,0,0,0,0,0
117.49469671490256,15.5531914893617,131.5,0.0035901805228096,74.4000015258789,74.4000015258789,0,0,1,0,0,1,0,0,0,0,0,0,0,0,0,0,0,0,0,0,0
40.14564535310863,15.5531914893617,131.0,0.0030910833566947,74.4000015258789,74.4000015258789,0,0,1,0,0,1,0,0,0,0,0,0,0,0,0,0,0,0,0,0,0
54.071320082015546,15.5531914893617,131.0,0.0029581450022603,74.4000015258789,74.4000015258789,0,0,1,0,0,1,0,0,0,0,0,0,0,0,0,0,0,0,0,0,0
75.15642523089971,15.5531914893617,131.0,0.0042582579263587,74.4000015258789,74.4000015258789,0,0,1,0,0,1,0,0,0,0,0,0,0,0,0,0,0,0,0,0,0
144.4132264884176,15.5531914893617,129.5,0.0036002487438425,74.4000015258789,74.4000015258789,0,0,1,0,0,1,0,0,0,0,0,0,0,0,0,0,0,0,0,0,0
122.99434211843354,15.5531914893617,130.0,0.0036059428971232,74.4000015258789,74.4000015258789,0,0,1,0,0,1,0,0,0,0,0,0,0,0,0,0,0,0,0,0,0
40.14000916874812,15.5531914893617,129.5,0.0030804597458939,74.4000015258789,74.4000015258789,0,0,1,0,0,1,0,0,0,0,0,0,0,0,0,0,0,0,0,0,0
92.80229702189828,15.5531914893617,129.5,0.0028884051246245,74.4000015258789,74.4000015258789,0,0,1,0,0,1,0,0,0,0,0,0,0,0,0,0,0,0,0,0,0
144.41322648841756,15.5531914893617,129.5,0.0036002487438425,74.4000015258789,74.4000015258789,0,0,1,0,0,1,0,0,0,0,0,0,0,0,0,0,0,0,0,0,0
38.88690003738669,15.5531914893617,130.5,0.002761830996771,74.4000015258789,74.4000015258789,0,0,1,0,0,1,0,0,0,0,0,0,0,0,0,0,0,0,0,0,0
45.38857960937495,15.5531914893617,130.0,0.0028940992779052,74.4000015258789,74.4000015258789,0,0,1,0,0,1,0,0,0,0,0,0,0,0,0,0,0,0,0,0,0
92.80229702189828,15.5531914893617,129.5,0.0028884051246245,74.4000015258789,74.4000015258789,0,0,1,0,0,1,0,0,0,0,0,0,0,0,0,0,0,0,0,0,0
38.88690003738669,15.5531914893617,130.5,0.002761830996771,74.4000015258789,74.4000015258789,0,0,1,0,0,1,0,0,0,0,0,0,0,0,0,0,0,0,0,0,0
31.712431124730674,15.5531914893617,131.0,0.0029545556913406,74.4000015258789,74.4000015258789,0,0,1,0,0,1,0,0,0,0,0,0,0,0,0,0,0,0,0,0,0
54.071320082015546,15.5531914893617,131.0,0.0029581450022603,74.4000015258789,74.4000015258789,0,0,1,0,0,1,0,0,0,0,0,0,0,0,0,0,0,0,0,0,0
31.712431124730674,15.5531914893617,131.0,0.0029545556913406,74.4000015258789,74.4000015258789,0,0,1,0,0,1,0,0,0,0,0,0,0,0,0,0,0,0,0,0,0
41.109324971517545,15.5531914893617,130.5,0.0030868239724748,74.4000015258789,74.4000015258789,0,0,1,0,0,1,0,0,0,0,0,0,0,0,0,0,0,0,0,0,0
40.14564535310863,15.5531914893617,131.0,0.0030910833566947,74.4000015258789,74.4000015258789,0,0,1,0,0,1,0,0,0,0,0,0,0,0,0,0,0,0,0,0,0
137.42548396183963,15.5531914893617,131.5,0.00358659121189,74.4000015258789,74.4000015258789,0,0,1,0,0,1,0,0,0,0,0,0,0,0,0,0,0,0,0,0,0
45.38857960937495,15.5531914893617,130.0,0.0028940992779052,74.4000015258789,74.4000015258789,0,0,1,0,0,1,0,0,0,0,0,0,0,0,0,0,0,0,0,0,0
40.14000916874812,15.5531914893617,129.5,0.0030804597458939,74.4000015258789,74.4000015258789,0,0,1,0,0,1,0,0,0,0,0,0,0,0,0,0,0,0,0,0,0
41.109324971517545,15.5531914893617,130.5,0.0030868239724748,74.4000015258789,74.4000015258789,0,0,1,0,0,1,0,0,0,0,0,0,0,0,0,0,0,0,0,0,0
122.99434211843354,15.5531914893617,130.0,0.0036059428971232,74.4000015258789,74.4000015258789,0,0,1,0,0,1,0,0,0,0,0,0,0,0,0,0,0,0,0,0,0
41.85750408065792,33.595391008689084,135.0,0.0072381267889371,74.4000015258789,74.4000015258789,0,0,0,1,0,0,0,0,0,0,0,0,1,0,0,0,0,0,0,0,0
117.07468101180638,30.0,133.0,0.0085730021083721,74.4000015258789,74.4000015258789,0,0,0,1,0,0,0,0,0,0,0,0,0,0,0,0,1,0,0,0,0
42.43938812161917,30.0,133.0,0.0088774240683407,74.4000015258789,74.4000015258789,0,0,0,1,0,0,0,0,0,0,0,0,0,0,0,0,1,0,0,0,0
56.35490350524673,15.5531914893617,133.0,0.0085613462780949,74.4000015258789,74.4000015258789,0,0,0,1,0,1,0,0,0,0,0,0,0,0,0,0,0,0,0,0,0
85.57431682590611,15.5531914893617,134.0,0.0079628069877559,74.4000015258789,74.4000015258789,0,0,0,1,0,1,0,0,0,0,0,0,0,0,0,0,0,0,0,0,0
56.354903505246725,15.5531914893617,133.0,0.0085613462780949,74.4000015258789,74.4000015258789,0,0,0,1,0,1,0,0,0,0,0,0,0,0,0,0,0,0,0,0,0
109.39507309747746,15.5531914893617,133.0,0.0081168004322924,74.4000015258789,74.4000015258789,0,0,0,1,0,1,0,0,0,0,0,0,0,0,0,0,0,0,0,0,0
85.57431682590612,15.5531914893617,134.0,0.0079628069877559,74.4000015258789,74.4000015258789,0,0,0,1,0,1,0,0,0,0,0,0,0,0,0,0,0,0,0,0,0
16.43477656673583,15.5531914893617,135.0,0.0075506606339816,74.4000015258789,74.4000015258789,0,0,0,1,0,1,0,0,0,0,0,0,0,0,0,0,0,0,0,0,0
96.75442143200569,15.5531914893617,134.5,0.0074769698053799,74.4000015258789,74.4000015258789,0,0,0,1,0,1,0,0,0,0,0,0,0,0,0,0,0,0,0,0,0
27.809501465322757,15.5531914893617,135.0,0.0075506606339816,74.4000015258789,74.4000015258789,0,0,0,1,0,1,0,0,0,0,0,0,0,0,0,0,0,0,0,0,0
117.07468101180638,30.0,133.0,0.0085730021083721,74.4000015258789,74.4000015258789,0,0,0,1,0,0,0,0,0,0,0,0,0,0,0,0,1,0,0,0,0
42.26270036959516,30.0,133.0,0.0082657288506896,74.4000015258789,74.4000015258789,0,0,0,1,0,0,0,0,0,0,0,0,0,0,0,0,1,0,0,0,0
58.16935775696132,15.5531914893617,133.0,0.0081284562625697,74.4000015258789,74.4000015258789,0,0,0,1,0,1,0,0,0,0,0,0,0,0,0,0,0,0,0,0,0
46.11419482468308,15.5531914893617,133.5,0.007717279388389,74.4000015258789,74.4000015258789,0,0,0,1,0,1,0,0,0,0,0,0,0,0,0,0,0,0,0,0,0
58.16935775696131,15.5531914893617,133.0,0.0081284562625697,74.4000015258789,74.4000015258789,0,0,0,1,0,1,0,0,0,0,0,0,0,0,0,0,0,0,0,0,0
109.39507309747746,15.5531914893617,133.0,0.0081168004322924,74.4000015258789,74.4000015258789,0,0,0,1,0,1,0,0,0,0,0,0,0,0,0,0,0,0,0,0,0
35.141106395212134,50.0,135.0,0.0070135193510275,74.4000015258789,74.4000015258789,0,0,0,1,0,0,0,0,0,0,0,0,1,0,0,0,0,0,0,0,0
259.39992971795704,50.0,134.5,0.0069371347833241,78.69999694824219,78.69999694824219,0,0,0,1,0,0,0,0,0,0,0,0,1,0,0,0,0,0,0,0,0
143.48150879910403,33.595391008689084,134.0,0.0075914645259031,74.4000015258789,74.4000015258789,0,0,0,1,0,0,0,0,0,0,0,0,1,0,0,0,0,0,0,0,0
206.89685123917175,30.0,133.0,0.0076866040401058,78.69999694824219,78.69999694824219,0,0,0,1,0,0,0,0,0,0,0,0,0,0,0,0,1,0,0,0,0
42.26270036959516,30.0,133.0,0.0082657288506896,74.4000015258789,74.4000015258789,0,0,0,1,0,0,0,0,0,0,0,0,0,0,0,0,1,0,0,0,0
143.481508799104,33.595391008689084,134.0,0.0075914645259031,74.4000015258789,74.4000015258789,0,0,0,1,0,0,0,0,0,0,0,0,1,0,0,0,0,0,0,0,0
147.72585989072002,30.0,133.0,0.0068993069876959,74.4000015258789,74.4000015258789,0,0,1,0,0,0,0,0,0,0,0,0,1,0,0,0,0,0,0,0,0
74.45831751553354,30.0,133.0,0.0069367919996396,74.4000015258789,74.4000015258789,0,0,1,0,0,0,0,0,0,0,0,0,1,0,0,0,0,0,0,0,0
75.59606031694742,30.0,132.5,0.0063179549013093,74.4000015258789,74.4000015258789,0,0,1,0,0,0,0,0,0,0,0,0,1,0,0,0,0,0,0,0,0
147.72585989072002,30.0,133.0,0.0068993069876959,74.4000015258789,74.4000015258789,0,0,1,0,0,0,0,0,0,0,0,0,1,0,0,0,0,0,0,0,0
76.36661420327398,30.0,132.0,0.0068333764688394,74.4000015258789,74.4000015258789,0,0,1,0,0,0,0,0,0,0,0,0,1,0,0,0,0,0,0,0,0
75.49812861680938,30.0,134.0,0.0074877092874811,74.4000015258789,74.4000015258789,0,0,1,0,0,0,0,0,0,0,0,0,1,0,0,0,0,0,0,0,0
267.8251448845486,30.0,156.5,0.0124500605675604,78.69999694824219,78.69999694824219,0,0,0,1,0,0,0,0,0,0,0,0,1,0,0,0,0,0,0,0,0
52.85930290497921,30.0,156.5,0.0125510974482643,78.69999694824219,78.69999694824219,0,0,0,1,0,0,0,0,0,0,0,0,1,0,0,0,0,0,0,0,0
217.7817713077193,30.0,150.0,0.0110234316545054,78.69999694824219,78.69999694824219,0,0,0,1,0,0,0,0,0,0,0,0,1,0,0,0,0,0,0,0,0
117.1653616929721,30.0,159.5,0.0136410182867826,78.69999694824219,78.69999694824219,0,0,0,1,0,0,0,0,0,0,0,0,1,0,0,0,0,0,0,0,0
62.02823553348237,15.5531914893617,156.5,0.0129820846657725,78.69999694824219,78.69999694824219,0,0,0,1,0,1,0,0,0,0,0,0,0,0,0,0,0,0,0,0,0
248.0761494886527,30.0,153.5,0.0161763452321582,78.69999694824219,78.69999694824219,0,0,0,1,0,0,0,0,0,0,0,0,1,0,0,0,0,0,0,0,0
71.06558082228446,33.595391008689084,159.5,0.0152874973186262,78.69999694824219,78.69999694824219,0,0,0,1,0,0,0,0,0,0,0,0,1,0,0,0,0,0,0,0,0
23.207476660058557,30.0,158.0,0.0148430130010119,78.69999694824219,78.69999694824219,0,0,0,1,0,0,0,0,0,0,0,0,1,0,0,0,0,0,0,0,0
26.54287485972841,30.0,159.0,0.014239066980949,78.69999694824219,78.69999694824219,0,0,0,1,0,0,0,0,0,0,0,0,0,0,0,0,1,0,0,0,0
41.818068399126034,30.0,160.0,0.0143555121263939,78.69999694824219,78.69999694824219,0,0,0,1,0,0,0,0,0,0,0,0,0,0,0,0,1,0,0,0,0
66.7045223208063,30.0,159.0,0.0145801907649203,78.69999694824219,78.69999694824219,0,0,0,1,0,0,0,0,0,0,0,0,1,0,0,0,0,0,0,0,0
71.06558082228447,33.595391008689084,159.5,0.0152874973186262,78.69999694824219,78.69999694824219,0,0,0,1,0,0,0,0,0,0,0,0,1,0,0,0,0,0,0,0,0
94.78172767452467,33.595391008689084,160.0,0.0179825761488031,78.69999694824219,78.69999694824219,0,0,0,1,0,0,0,0,0,0,0,0,1,0,0,0,0,0,0,0,0
68.61431535556922,33.595391008689084,159.0,0.0176565080660133,78.69999694824219,78.69999694824219,0,0,0,1,0,0,0,0,0,0,0,0,1,0,0,0,0,0,0,0,0
47.19785860174766,33.595391008689084,158.0,0.0184277087369872,78.69999694824219,78.69999694824219,0,0,0,1,0,0,0,0,0,0,0,0,1,0,0,0,0,0,0,0,0
94.78172767452467,33.595391008689084,160.0,0.0179825761488031,78.69999694824219,78.69999694824219,0,0,0,1,0,0,0,0,0,0,0,0,1,0,0,0,0,0,0,0,0
66.67904603028504,15.5531914893617,158.0,0.017191492195729,78.69999694824219,78.69999694824219,0,0,0,1,0,1,0,0,0,0,0,0,0,0,0,0,0,0,0,0,0
119.93666737622226,33.595391008689084,144.0,0.010222994134797,78.69999694824219,78.69999694824219,0,0,0,1,0,0,0,0,0,0,0,0,1,0,0,0,0,0,0,0,0
29.633089086305347,30.0,142.5,0.0096737633338744,78.69999694824219,78.69999694824219,0,0,0,1,0,0,0,0,0,0,0,0,1,0,0,0,0,0,0,0,0
217.7817713077193,30.0,150.0,0.0110234316545054,78.69999694824219,78.69999694824219,0,0,0,1,0,0,0,0,0,0,0,0,1,0,0,0,0,0,0,0,0
7.146097645510571,30.0,141.0,0.0094491364049915,78.69999694824219,78.69999694824219,0,0,0,1,0,0,0,0,0,0,0,0,1,0,0,0,0,0,0,0,0
42.74122670089923,30.0,140.0,0.0091414875417658,78.69999694824219,78.69999694824219,0,0,0,1,0,0,0,0,0,0,0,0,1,0,0,0,0,0,0,0,0
322.9220925422056,30.0,138.5,0.0083428105205717,78.69999694824219,78.69999694824219,0,0,1,0,0,0,0,0,0,0,0,0,1,0,0,0,0,0,0,0,0
119.93666737622226,33.595391008689084,144.0,0.010222994134797,78.69999694824219,78.69999694824219,0,0,0,1,0,0,0,0,0,0,0,0,1,0,0,0,0,0,0,0,0
35.52522846076541,33.595391008689084,141.0,0.0093637580285849,78.69999694824219,78.69999694824219,0,0,0,1,0,0,0,0,0,0,0,0,1,0,0,0,0,0,0,0,0
7.146097645510571,30.0,141.0,0.0094491364049915,78.69999694824219,78.69999694824219,0,0,0,1,0,0,0,0,0,0,0,0,1,0,0,0,0,0,0,0,0
35.52522846076541,33.595391008689084,141.0,0.0093637580285849,78.69999694824219,78.69999694824219,0,0,0,1,0,0,0,0,0,0,0,0,1,0,0,0,0,0,0,0,0
29.633089086305347,30.0,142.5,0.0096737633338744,78.69999694824219,78.69999694824219,0,0,0,1,0,0,0,0,0,0,0,0,1,0,0,0,0,0,0,0,0
42.74122670089923,30.0,140.0,0.0091414875417658,78.69999694824219,78.69999694824219,0,0,0,1,0,0,0,0,0,0,0,0,1,0,0,0,0,0,0,0,0
79.21662913815909,30.0,144.5,0.011130802338684,78.69999694824219,78.69999694824219,0,0,0,1,0,0,0,0,0,0,0,0,1,0,0,0,0,0,0,0,0
35.37749961759322,15.5531914893617,141.0,0.0107803422767591,78.69999694824219,78.69999694824219,0,0,0,1,0,1,0,0,0,0,0,0,0,0,0,0,0,0,0,0,0
184.27036840361976,30.0,140.0,0.0107032165778243,78.69999694824219,78.69999694824219,0,1,1,0,0,0,0,0,0,0,0,0,1,0,0,0,0,0,0,0,0
45.38184958603792,15.5531914893617,140.0,0.0109087076387495,78.69999694824219,78.69999694824219,0,0,0,1,0,1,0,0,0,0,0,0,0,0,0,0,0,0,0,0,0
45.38184958603791,15.5531914893617,140.0,0.0109087076387495,78.69999694824219,78.69999694824219,0,0,0,1,0,1,0,0,0,0,0,0,0,0,0,0,0,0,0,0,0
35.37749961759322,15.5531914893617,141.0,0.0107803422767591,78.69999694824219,78.69999694824219,0,0,0,1,0,1,0,0,0,0,0,0,0,0,0,0,0,0,0,0,0
20.4476059091143,30.0,157.0,0.0129503453060878,78.69999694824219,78.69999694824219,0,0,0,1,0,0,0,0,0,0,0,0,1,0,0,0,0,0,0,0,0
130.03134017151174,30.0,157.5,0.0130541315108153,78.69999694824219,78.69999694824219,0,0,0,1,0,0,0,0,0,0,0,0,1,0,0,0,0,0,0,0,0
106.85392000731296,30.0,158.0,0.0136899254449693,78.69999694824219,78.69999694824219,0,0,0,1,0,0,0,0,0,0,0,0,1,0,0,0,0,0,0,0,0
138.61436754398744,50.0,158.5,0.0137534559285036,78.69999694824219,78.69999694824219,0,0,0,1,0,0,0,0,0,0,0,0,0,0,0,0,1,0,0,0,0
231.42884398818447,50.0,160.5,0.0154468288457383,78.69999694824219,78.69999694824219,0,0,0,1,0,0,0,0,0,0,0,0,0,0,0,0,1,0,0,0,0
138.61436754398744,50.0,158.5,0.0137534559285036,78.69999694824219,78.69999694824219,0,0,0,1,0,0,0,0,0,0,0,0,0,0,0,0,1,0,0,0,0
47.202755024499865,50.0,157.5,0.0129128389089181,78.69999694824219,78.69999694824219,0,0,0,1,0,0,0,0,0,0,0,0,0,0,0,0,1,0,0,0,0
103.67983232493972,50.0,139.0,0.0078068606893282,94.10000610351562,94.10000610351562,0,0,0,1,0,0,0,0,0,0,0,0,0,0,0,0,1,0,0,0,0
239.34919174760628,40.0,145.0,0.0094144178022188,78.69999694824219,78.69999694824219,1,0,0,1,0,0,0,0,0,0,0,0,0,0,0,0,1,0,0,0,0
194.36889091892,33.595391008689084,139.0,0.0080539347787352,94.10000610351562,94.10000610351562,0,0,0,1,0,0,0,0,0,0,0,0,1,0,0,0,0,0,0,0,0
95.9510291839904,15.5531914893617,136.0,0.0054706316229298,94.10000610351562,94.10000610351562,0,0,0,1,0,1,0,0,0,0,0,0,0,0,0,0,0,0,0,0,0
132.9760280475225,30.0,135.5,0.0055439207772682,94.10000610351562,94.10000610351562,0,0,0,1,0,0,0,0,0,0,0,0,0,0,1,0,0,0,0,0,0
42.04443935003869,30.0,135.0,0.004921194869816,94.10000610351562,94.10000610351562,0,0,0,1,0,0,0,0,0,0,0,0,0,0,1,0,0,0,0,0,0
27.125308920346654,50.0,139.0,0.0055353931460717,94.10000610351562,94.10000610351562,0,0,0,1,0,0,0,0,0,0,0,0,0,0,0,0,1,0,0,0,0
115.9665089428152,50.0,138.5,0.0065143416107569,94.10000610351562,94.10000610351562,0,0,0,1,0,0,0,0,0,0,0,0,0,0,0,0,1,0,0,0,0
50.30019185445075,15.5531914893617,138.0,0.0057691853977211,94.10000610351562,94.10000610351562,0,0,0,1,0,1,0,0,0,0,0,0,0,0,0,0,0,0,0,0,0
48.57103572948488,15.5531914893617,137.0,0.0055153219922472,94.10000610351562,94.10000610351562,0,0,0,1,0,1,0,0,0,0,0,0,0,0,0,0,0,0,0,0,0
17.491953813483704,15.5531914893617,137.0,0.0058387270118909,94.10000610351562,94.10000610351562,0,0,0,1,0,1,0,0,0,0,0,0,0,0,0,0,0,0,0,0,0
50.30019185445075,15.5531914893617,138.0,0.0057691853977211,94.10000610351562,94.10000610351562,0,0,0,1,0,1,0,0,0,0,0,0,0,0,0,0,0,0,0,0,0
48.57103572948488,15.5531914893617,137.0,0.0055153219922472,94.10000610351562,94.10000610351562,0,0,0,1,0,1,0,0,0,0,0,0,0,0,0,0,0,0,0,0,0
48.555587858881744,15.5531914893617,155.0,0.0124098077742702,78.69999694824219,78.69999694824219,0,0,0,1,0,1,0,0,0,0,0,0,0,0,0,0,0,0,0,0,0
62.02823553348238,15.5531914893617,156.5,0.0129820846657725,78.69999694824219,78.69999694824219,0,0,0,1,0,1,0,0,0,0,0,0,0,0,0,0,0,0,0,0,0
62.03914516175978,15.5531914893617,154.0,0.0122318046141562,78.69999694824219,78.69999694824219,0,0,0,1,0,1,0,0,0,0,0,0,0,0,0,0,0,0,0,0,0
48.44256876439775,15.5531914893617,153.0,0.0118420309989476,78.69999694824219,78.69999694824219,0,0,0,1,0,1,0,0,0,0,0,0,0,0,0,0,0,0,0,0,0
48.44256876439775,15.5531914893617,153.0,0.0118420309989476,78.69999694824219,78.69999694824219,0,0,0,1,0,1,0,0,0,0,0,0,0,0,0,0,0,0,0,0,0
62.03914516175978,15.5531914893617,154.0,0.0122318046141562,78.69999694824219,78.69999694824219,0,0,0,1,0,1,0,0,0,0,0,0,0,0,0,0,0,0,0,0,0
48.55558785888175,15.5531914893617,155.0,0.0124098077742702,78.69999694824219,78.69999694824219,0,0,0,1,0,1,0,0,0,0,0,0,0,0,0,0,0,0,0,0,0
43.171951490757074,15.5531914893617,156.0,0.0124384551984114,78.69999694824219,78.69999694824219,0,0,0,1,0,1,0,0,0,0,0,0,0,0,0,0,0,0,0,0,0
33.53213427957103,15.5531914893617,148.5,0.0118082018323378,78.69999694824219,78.69999694824219,0,0,0,1,0,1,0,0,0,0,0,0,0,0,0,0,0,0,0,0,0
79.21662913815909,30.0,144.5,0.011130802338684,78.69999694824219,78.69999694824219,0,0,0,1,0,0,0,0,0,0,0,0,1,0,0,0,0,0,0,0,0
197.3170915296357,30.0,151.5,0.0120999700166986,78.69999694824219,78.69999694824219,0,0,0,1,0,0,0,0,0,0,0,0,1,0,0,0,0,0,0,0,0
118.83456581855752,15.5531914893617,144.0,0.0119089848481599,78.69999694824219,78.69999694824219,0,0,0,1,0,1,0,0,0,0,0,0,0,0,0,0,0,0,0,0,0
33.57247358299587,15.5531914893617,157.5,0.0129268359469515,78.69999694824219,78.69999694824219,0,0,0,1,0,1,0,0,0,0,0,0,0,0,0,0,0,0,0,0,0
73.6227115153762,15.5531914893617,157.5,0.0128481464763396,78.69999694824219,78.69999694824219,0,0,0,1,0,1,0,0,0,0,0,0,0,0,0,0,0,0,0,0,0
40.23915992954608,15.5531914893617,159.0,0.0133204441678092,78.69999694824219,78.69999694824219,0,0,0,1,0,1,0,0,0,0,0,0,0,0,0,0,0,0,0,0,0
43.171951490757074,15.5531914893617,156.0,0.0124384551984114,78.69999694824219,78.69999694824219,0,0,0,1,0,1,0,0,0,0,0,0,0,0,0,0,0,0,0,0,0
73.6227115153762,15.5531914893617,157.5,0.0128481464763396,78.69999694824219,78.69999694824219,0,0,0,1,0,1,0,0,0,0,0,0,0,0,0,0,0,0,0,0,0
197.3170915296357,30.0,151.5,0.0120999700166986,78.69999694824219,78.69999694824219,0,0,0,1,0,0,0,0,0,0,0,0,1,0,0,0,0,0,0,0,0
118.83456581855752,15.5531914893617,144.0,0.0119089848481599,78.69999694824219,78.69999694824219,0,0,0,1,0,1,0,0,0,0,0,0,0,0,0,0,0,0,0,0,0
47.0032984490013,30.0,145.0,0.012506506913486,78.69999694824219,78.69999694824219,0,0,0,1,0,0,0,0,0,0,0,0,0,0,0,0,1,0,0,0,0
128.99177328998664,30.0,139.5,0.0114813990873002,78.69999694824219,78.69999694824219,0,0,0,1,0,0,0,0,0,0,0,0,0,0,0,0,1,0,0,0,0
121.881893535501,15.5531914893617,149.5,0.012405723897664,78.69999694824219,78.69999694824219,0,0,0,1,0,1,0,0,0,0,0,0,0,0,0,0,0,0,0,0,0
36.65079115255267,30.0,149.0,0.0130192308512995,78.69999694824219,78.69999694824219,0,0,0,1,0,0,0,0,0,0,0,0,0,0,0,0,1,0,0,0,0
47.0032984490013,30.0,145.0,0.012506506913486,78.69999694824219,78.69999694824219,0,0,0,1,0,0,0,0,0,0,0,0,0,0,0,0,1,0,0,0,0
33.53213427957103,15.5531914893617,148.5,0.0118082018323378,78.69999694824219,78.69999694824219,0,0,0,1,0,1,0,0,0,0,0,0,0,0,0,0,0,0,0,0,0
66.31205812537434,15.5531914893617,153.0,0.012377233557049,78.69999694824219,78.69999694824219,0,0,0,1,0,1,0,0,0,0,0,0,0,0,0,0,0,0,0,0,0
121.88189353550102,15.5531914893617,149.5,0.012405723897664,78.69999694824219,78.69999694824219,0,0,0,1,0,1,0,0,0,0,0,0,0,0,0,0,0,0,0,0,0
61.643013334149565,33.595391008689084,156.0,0.0142662858735272,78.69999694824219,78.69999694824219,0,0,0,1,0,0,0,0,0,0,0,0,1,0,0,0,0,0,0,0,0
26.54287485972841,30.0,159.0,0.014239066980949,78.69999694824219,78.69999694824219,0,0,0,1,0,0,0,0,0,0,0,0,0,0,0,0,1,0,0,0,0
26.54266415986026,30.0,155.5,0.013918101227118,78.69999694824219,78.69999694824219,0,0,0,1,0,0,0,0,0,0,0,0,0,0,0,0,1,0,0,0,0
138.48814694809704,15.5531914893617,154.5,0.0132426697699669,78.69999694824219,78.69999694824219,0,0,0,1,0,1,0,0,0,0,0,0,0,0,0,0,0,0,0,0,0
26.54266415986026,30.0,155.5,0.013918101227118,78.69999694824219,78.69999694824219,0,0,0,1,0,0,0,0,0,0,0,0,0,0,0,0,1,0,0,0,0
38.01866288930827,30.0,151.0,0.0134857190686298,78.69999694824219,78.69999694824219,0,0,0,1,0,0,0,0,0,0,0,0,0,0,0,0,1,0,0,0,0
70.88338036577574,15.5531914893617,150.5,0.0130178162166884,78.69999694824219,78.69999694824219,0,0,0,1,0,1,0,0,0,0,0,0,0,0,0,0,0,0,0,0,0
38.018662889308274,30.0,151.0,0.0134857190686298,78.69999694824219,78.69999694824219,0,0,0,1,0,0,0,0,0,0,0,0,0,0,0,0,1,0,0,0,0
36.65079115255267,30.0,149.0,0.0130192308512995,78.69999694824219,78.69999694824219,0,0,0,1,0,0,0,0,0,0,0,0,0,0,0,0,1,0,0,0,0
282.16509857840225,30.0,137.5,0.0116199295191657,78.69999694824219,78.69999694824219,0,1,1,0,0,0,0,0,0,0,0,0,1,0,0,0,0,0,0,0,0
282.1650985784022,30.0,137.5,0.0116199295191657,78.69999694824219,78.69999694824219,0,1,1,0,0,0,0,0,0,0,0,0,1,0,0,0,0,0,0,0,0
184.2703684036198,30.0,140.0,0.0107032165778243,78.69999694824219,78.69999694824219,0,1,1,0,0,0,0,0,0,0,0,0,1,0,0,0,0,0,0,0,0
128.9917732899866,30.0,139.5,0.0114813990873002,78.69999694824219,78.69999694824219,0,0,0,1,0,0,0,0,0,0,0,0,0,0,0,0,1,0,0,0,0
58.4294354455089,30.0,138.0,0.0104091296205574,78.69999694824219,78.69999694824219,0,1,1,0,0,0,0,0,0,0,0,0,0,0,0,0,1,0,0,0,0
33.57247358299587,15.5531914893617,157.5,0.0129268359469515,78.69999694824219,78.69999694824219,0,0,0,1,0,1,0,0,0,0,0,0,0,0,0,0,0,0,0,0,0
66.31205812537434,15.5531914893617,153.0,0.012377233557049,78.69999694824219,78.69999694824219,0,0,0,1,0,1,0,0,0,0,0,0,0,0,0,0,0,0,0,0,0
138.488146948097,15.5531914893617,154.5,0.0132426697699669,78.69999694824219,78.69999694824219,0,0,0,1,0,1,0,0,0,0,0,0,0,0,0,0,0,0,0,0,0
70.88338036577574,15.5531914893617,150.5,0.0130178162166884,78.69999694824219,78.69999694824219,0,0,0,1,0,1,0,0,0,0,0,0,0,0,0,0,0,0,0,0,0
167.8597939419862,50.0,176.0,0.0137143909454716,78.69999694824219,78.69999694824219,0,0,0,1,0,0,0,0,0,0,0,0,0,0,0,0,1,0,0,0,0
22.516461527625484,50.0,178.5,0.0141092505342491,78.69999694824219,78.69999694824219,0,0,0,1,0,0,0,0,0,0,0,0,0,0,0,0,1,0,0,0,0
69.10282751510431,30.0,178.5,0.0145815319759451,78.69999694824219,78.69999694824219,0,0,0,1,0,0,0,0,0,0,0,0,1,0,0,0,0,0,0,0,0
456.82937752282686,30.0,185.5,0.0149826331988854,78.69999694824219,78.69999694824219,0,0,0,1,0,0,0,0,0,0,0,0,1,0,0,0,0,0,0,0,0
427.7714975689398,30.0,186.0,0.016935879495191,78.69999694824219,78.69999694824219,0,0,0,1,0,0,0,0,0,0,0,0,1,0,0,0,0,0,0,0,0
69.1028275151043,30.0,178.5,0.0145815319759451,78.69999694824219,78.69999694824219,0,0,0,1,0,0,0,0,0,0,0,0,1,0,0,0,0,0,0,0,0
275.8041768085858,30.0,197.5,0.0144030234206649,78.69999694824219,78.69999694824219,0,0,0,1,0,0,0,0,0,0,0,0,1,0,0,0,0,0,0,0,0
47.68255664417862,30.0,192.5,0.0146215851446121,78.69999694824219,78.69999694824219,0,0,0,1,0,0,0,0,0,0,0,0,1,0,0,0,0,0,0,0,0
456.8293775228268,30.0,185.5,0.0149826331988854,78.69999694824219,78.69999694824219,0,0,0,1,0,0,0,0,0,0,0,0,1,0,0,0,0,0,0,0,0
166.10733955415503,50.0,156.5,0.0112040169691791,78.69999694824219,78.69999694824219,0,0,0,1,0,0,0,0,0,0,0,0,0,0,0,0,1,0,0,0,0
145.69021493324928,50.0,163.5,0.0119370110852551,78.69999694824219,78.69999694824219,0,0,0,1,0,0,0,0,0,0,0,0,0,0,0,0,1,0,0,0,0
68.32787159396631,30.0,160.0,0.0112098422633838,78.69999694824219,78.69999694824219,0,0,0,1,0,0,0,0,0,0,0,0,1,0,0,0,0,0,0,0,0
147.63525561680942,50.0,169.5,0.0125056880771611,78.69999694824219,78.69999694824219,0,0,0,1,0,0,0,0,0,0,0,0,0,0,0,0,1,0,0,0,0
110.92676528364824,50.0,173.0,0.0130543552249627,78.69999694824219,78.69999694824219,0,0,0,1,0,0,0,0,0,0,0,0,0,0,0,0,1,0,0,0,0
331.46594469925145,30.0,172.5,0.0116703377358617,78.69999694824219,78.69999694824219,0,0,0,1,0,0,0,0,0,0,0,0,0,1,0,0,0,0,0,0,0
110.92676528364824,50.0,173.0,0.0130543552249627,78.69999694824219,78.69999694824219,0,0,0,1,0,0,0,0,0,0,0,0,0,0,0,0,1,0,0,0,0
167.8597939419862,50.0,176.0,0.0137143909454716,78.69999694824219,78.69999694824219,0,0,0,1,0,0,0,0,0,0,0,0,0,0,0,0,1,0,0,0,0
103.3434674716092,15.5531914893617,174.5,0.0128374953070341,78.69999694824219,78.69999694824219,0,0,0,1,0,1,0,0,0,0,0,0,0,0,0,0,0,0,0,0,0
267.5140356340925,30.0,161.0,0.0158345328897504,78.69999694824219,78.69999694824219,0,0,0,1,0,0,0,0,0,0,0,0,1,0,0,0,0,0,0,0,0
100.9173989216164,30.0,164.0,0.0168718084718205,78.69999694824219,78.69999694824219,0,0,0,1,0,0,0,0,0,0,0,0,1,0,0,0,0,0,0,0,0
40.53445231149351,30.0,164.5,0.0163202986281363,78.69999694824219,78.69999694824219,0,0,0,1,0,0,0,0,0,0,0,0,1,0,0,0,0,0,0,0,0
100.9173989216164,30.0,164.0,0.0168718084718205,78.69999694824219,78.69999694824219,0,0,0,1,0,0,0,0,0,0,0,0,1,0,0,0,0,0,0,0,0
64.42599448722925,30.0,164.0,0.016093595419715,78.69999694824219,78.69999694824219,0,0,0,1,0,0,0,0,0,0,0,0,1,0,0,0,0,0,0,0,0
145.85677197564542,30.0,162.5,0.0150852986546191,78.69999694824219,78.69999694824219,0,0,0,1,0,0,0,0,0,0,0,0,1,0,0,0,0,0,0,0,0
64.42599448722925,30.0,164.0,0.016093595419715,78.69999694824219,78.69999694824219,0,0,0,1,0,0,0,0,0,0,0,0,1,0,0,0,0,0,0,0,0
70.83298016030275,30.0,162.0,0.0153451634764376,78.69999694824219,78.69999694824219,0,0,0,1,0,0,0,0,0,0,0,0,1,0,0,0,0,0,0,0,0
142.53304811771036,30.0,161.0,0.0142577028362578,78.69999694824219,78.69999694824219,0,0,0,1,0,0,0,0,0,0,0,0,1,0,0,0,0,0,0,0,0
255.3320899298164,30.0,161.0,0.0142577028362578,78.69999694824219,78.69999694824219,0,0,0,1,0,0,0,0,0,0,0,0,1,0,0,0,0,0,0,0,0
70.83298016030275,30.0,162.0,0.0153451634764376,78.69999694824219,78.69999694824219,0,0,0,1,0,0,0,0,0,0,0,0,1,0,0,0,0,0,0,0,0
117.51245272513472,30.0,164.0,0.0157778303019988,78.69999694824219,78.69999694824219,0,0,0,1,0,0,0,0,0,0,0,0,1,0,0,0,0,0,0,0,0
86.946448476213,30.0,163.0,0.0149130359355643,78.69999694824219,78.69999694824219,0,0,0,1,0,0,0,0,0,0,0,0,1,0,0,0,0,0,0,0,0
207.90656198353105,30.0,165.0,0.0161911588296849,78.69999694824219,78.69999694824219,0,0,0,1,0,0,0,0,0,0,0,0,1,0,0,0,0,0,0,0,0
40.53445231149351,30.0,164.5,0.0163202986281363,78.69999694824219,78.69999694824219,0,0,0,1,0,0,0,0,0,0,0,0,1,0,0,0,0,0,0,0,0
117.5124527251347,30.0,164.0,0.0157778303019988,78.69999694824219,78.69999694824219,0,0,0,1,0,0,0,0,0,0,0,0,1,0,0,0,0,0,0,0,0
81.42938311606514,30.0,165.0,0.0165901247571609,78.69999694824219,78.69999694824219,0,0,0,1,0,0,0,0,0,0,0,0,1,0,0,0,0,0,0,0,0
11.816537692080272,33.595391008689084,165.0,0.019554200840932,78.69999694824219,78.69999694824219,0,0,0,1,0,0,0,0,0,0,0,0,1,0,0,0,0,0,0,0,0
32.30343421895203,30.0,165.0,0.0193628058472738,78.69999694824219,78.69999694824219,0,0,0,1,0,0,0,0,0,0,0,0,1,0,0,0,0,0,0,0,0
162.34961552905048,33.595391008689084,165.0,0.0193349435393471,78.69999694824219,78.69999694824219,0,0,0,1,0,0,0,0,0,0,0,0,1,0,0,0,0,0,0,0,0
94.30457374192872,30.0,163.5,0.0177248239813449,78.69999694824219,78.69999694824219,0,0,0,1,0,0,0,0,0,0,0,0,1,0,0,0,0,0,0,0,0
74.78234848325185,30.0,162.5,0.0178080753402637,78.69999694824219,78.69999694824219,0,0,0,1,0,0,0,0,0,0,0,0,1,0,0,0,0,0,0,0,0
390.47933393350434,30.0,161.0,0.0174463186346808,78.69999694824219,78.69999694824219,0,0,0,1,0,0,0,0,0,0,0,0,1,0,0,0,0,0,0,0,0
390.4793339335045,30.0,161.0,0.0174463186346808,78.69999694824219,78.69999694824219,0,0,0,1,0,0,0,0,0,0,0,0,1,0,0,0,0,0,0,0,0
74.78234848325187,30.0,162.5,0.0178080753402637,78.69999694824219,78.69999694824219,0,0,0,1,0,0,0,0,0,0,0,0,1,0,0,0,0,0,0,0,0
85.30256415366983,30.0,161.5,0.0139978380144392,78.69999694824219,78.69999694824219,0,0,0,1,0,0,0,0,0,0,0,0,1,0,0,0,0,0,0,0,0
86.94644847621299,30.0,163.0,0.0149130359355643,78.69999694824219,78.69999694824219,0,0,0,1,0,0,0,0,0,0,0,0,1,0,0,0,0,0,0,0,0
145.85677197564542,30.0,162.5,0.0150852986546191,78.69999694824219,78.69999694824219,0,0,0,1,0,0,0,0,0,0,0,0,1,0,0,0,0,0,0,0,0
255.33208992981636,30.0,161.0,0.0142577028362578,78.69999694824219,78.69999694824219,0,0,0,1,0,0,0,0,0,0,0,0,1,0,0,0,0,0,0,0,0
142.53304811771036,30.0,161.0,0.0142577028362578,78.69999694824219,78.69999694824219,0,0,0,1,0,0,0,0,0,0,0,0,1,0,0,0,0,0,0,0,0
85.30256415366983,30.0,161.5,0.0139978380144392,78.69999694824219,78.69999694824219,0,0,0,1,0,0,0,0,0,0,0,0,1,0,0,0,0,0,0,0,0
287.7068803197761,30.0,168.0,0.0183605589846686,78.69999694824219,78.69999694824219,0,0,0,1,0,0,0,0,0,0,0,0,1,0,0,0,0,0,0,0,0
81.42938311606513,30.0,165.0,0.0165901247571609,78.69999694824219,78.69999694824219,0,0,0,1,0,0,0,0,0,0,0,0,1,0,0,0,0,0,0,0,0
207.90656198353105,30.0,165.0,0.0161911588296849,78.69999694824219,78.69999694824219,0,0,0,1,0,0,0,0,0,0,0,0,1,0,0,0,0,0,0,0,0
28.75629368925305,30.0,170.0,0.0199083944225048,78.69999694824219,78.69999694824219,0,0,0,1,0,0,0,0,0,0,0,0,1,0,0,0,0,0,0,0,0
287.70688031977613,30.0,168.0,0.0183605589846686,78.69999694824219,78.69999694824219,0,0,0,1,0,0,0,0,0,0,0,0,1,0,0,0,0,0,0,0,0
25.908757828153885,33.595391008689084,170.0,0.0198025172710974,78.69999694824219,78.69999694824219,0,0,0,1,0,0,0,0,0,0,0,0,1,0,0,0,0,0,0,0,0
25.908757828153885,33.595391008689084,170.0,0.0198025172710974,78.69999694824219,78.69999694824219,0,0,0,1,0,0,0,0,0,0,0,0,1,0,0,0,0,0,0,0,0
31.166005933645916,33.595391008689084,170.0,0.0199932470091119,78.69999694824219,78.69999694824219,0,0,0,1,0,0,0,0,0,0,0,0,1,0,0,0,0,0,0,0,0
94.76810988873274,33.595391008689084,167.5,0.0197283851436008,78.69999694824219,78.69999694824219,0,0,0,1,0,0,0,0,0,0,0,0,1,0,0,0,0,0,0,0,0
100.55283819091524,30.0,164.5,0.0186782212440136,78.69999694824219,78.69999694824219,0,0,0,1,0,0,0,0,0,0,0,0,1,0,0,0,0,0,0,0,0
296.9163217164053,30.0,163.5,0.0178455091354999,78.69999694824219,78.69999694824219,0,0,0,1,0,0,0,0,0,0,0,0,1,0,0,0,0,0,0,0,0
11.816537692080272,33.595391008689084,165.0,0.019554200840932,78.69999694824219,78.69999694824219,0,0,0,1,0,0,0,0,0,0,0,0,1,0,0,0,0,0,0,0,0
228.0852230936711,33.595391008689084,166.5,0.0201333555170083,78.69999694824219,78.69999694824219,0,0,0,1,0,0,0,0,0,0,0,0,1,0,0,0,0,0,0,0,0
94.76810988873274,33.595391008689084,167.5,0.0197283851436008,78.69999694824219,78.69999694824219,0,0,0,1,0,0,0,0,0,0,0,0,1,0,0,0,0,0,0,0,0
28.75629368925305,30.0,170.0,0.0199083944225048,78.69999694824219,78.69999694824219,0,0,0,1,0,0,0,0,0,0,0,0,1,0,0,0,0,0,0,0,0
128.5954450184467,33.595391008689084,172.5,0.0207028665006022,78.69999694824219,78.69999694824219,0,0,0,1,0,0,0,0,0,0,0,0,1,0,0,0,0,0,0,0,0
31.166005933645916,33.595391008689084,170.0,0.0199932470091119,78.69999694824219,78.69999694824219,0,0,0,1,0,0,0,0,0,0,0,0,1,0,0,0,0,0,0,0,0
427.77149756893976,30.0,186.0,0.016935879495191,78.69999694824219,78.69999694824219,0,0,0,1,0,0,0,0,0,0,0,0,1,0,0,0,0,0,0,0,0
449.61919490168026,30.0,214.0,0.0230503844059054,78.69999694824219,78.69999694824219,0,0,0,1,0,0,0,0,0,0,0,0,1,0,0,0,0,0,0,0,0
297.58746905597127,30.0,265.5,0.0274223297707305,78.69999694824219,78.69999694824219,0,0,0,1,0,0,0,0,0,0,0,0,1,0,0,0,0,0,0,0,0
196.91824150692625,20.0,265.5,0.0300897459225569,78.69999694824219,78.69999694824219,0,0,0,1,0,0,0,0,0,0,0,0,1,0,0,0,0,0,0,0,0
66.05993449901163,20.0,264.0,0.0294954470279912,78.69999694824219,78.69999694824219,0,0,0,1,0,0,0,0,0,0,0,0,1,0,0,0,0,0,0,0,0
297.5874690559713,30.0,265.5,0.0274223297707305,78.69999694824219,78.69999694824219,0,0,0,1,0,0,0,0,0,0,0,0,1,0,0,0,0,0,0,0,0
199.92664416443623,30.0,174.0,0.0187924075044475,78.69999694824219,78.69999694824219,0,0,0,1,0,0,0,0,0,0,0,0,1,0,0,0,0,0,0,0,0
92.9432646858162,33.595391008689084,178.0,0.0217861763262117,78.69999694824219,78.69999694824219,0,0,0,1,0,0,0,0,0,0,0,0,1,0,0,0,0,0,0,0,0
128.5954450184467,33.595391008689084,172.5,0.0207028665006022,78.69999694824219,78.69999694824219,0,0,0,1,0,0,0,0,0,0,0,0,1,0,0,0,0,0,0,0,0
262.58583136869066,30.0,174.5,0.0202534557152436,78.69999694824219,78.69999694824219,0,0,0,1,0,0,0,0,0,0,0,0,1,0,0,0,0,0,0,0,0
149.75340938269585,33.595391008689084,185.5,0.0230678321439677,78.69999694824219,78.69999694824219,0,0,0,1,0,0,0,0,0,0,0,0,1,0,0,0,0,0,0,0,0
111.99997385809228,30.0,181.5,0.0219920701296098,78.69999694824219,78.69999694824219,0,0,0,1,0,0,0,0,0,0,0,0,1,0,0,0,0,0,0,0,0
92.9432646858162,33.595391008689084,178.0,0.0217861763262117,78.69999694824219,78.69999694824219,0,0,0,1,0,0,0,0,0,0,0,0,1,0,0,0,0,0,0,0,0
155.86962720173744,30.0,197.0,0.0206747408223698,78.69999694824219,78.69999694824219,0,0,0,1,0,0,0,0,0,0,0,0,1,0,0,0,0,0,0,0,0
65.78472511027115,30.0,193.5,0.0209877159863801,78.69999694824219,78.69999694824219,0,0,0,1,0,0,0,0,0,0,0,0,1,0,0,0,0,0,0,0,0
155.86962720173742,30.0,197.0,0.0206747408223698,78.69999694824219,78.69999694824219,0,0,0,1,0,0,0,0,0,0,0,0,1,0,0,0,0,0,0,0,0
78.62867403724769,30.0,192.5,0.0204506594470826,78.69999694824219,78.69999694824219,0,0,0,1,0,0,0,0,0,0,0,0,1,0,0,0,0,0,0,0,0
61.95592929952275,30.0,190.5,0.021011614454207,78.69999694824219,78.69999694824219,0,0,0,1,0,0,0,0,0,0,0,0,1,0,0,0,0,0,0,0,0
65.78472511027115,30.0,193.5,0.0209877159863801,78.69999694824219,78.69999694824219,0,0,0,1,0,0,0,0,0,0,0,0,1,0,0,0,0,0,0,0,0
98.44281658743708,30.0,193.5,0.0216582975391361,78.69999694824219,78.69999694824219,0,0,0,1,0,0,0,0,0,0,0,0,1,0,0,0,0,0,0,0,0
61.95592929952275,30.0,190.5,0.021011614454207,78.69999694824219,78.69999694824219,0,0,0,1,0,0,0,0,0,0,0,0,1,0,0,0,0,0,0,0,0
101.98902176741494,30.0,187.0,0.0212983129974998,78.69999694824219,78.69999694824219,0,0,0,1,0,0,0,0,0,0,0,0,1,0,0,0,0,0,0,0,0
79.48438649154066,30.0,186.0,0.0204869923867245,78.69999694824219,78.69999694824219,0,0,0,1,0,0,0,0,0,0,0,0,1,0,0,0,0,0,0,0,0
144.11006826963137,30.0,188.0,0.0223850797919256,78.69999694824219,78.69999694824219,0,0,0,1,0,0,0,0,0,0,0,0,1,0,0,0,0,0,0,0,0
52.49571477026896,30.0,183.5,0.0216856360581493,78.69999694824219,78.69999694824219,0,0,0,1,0,0,0,0,0,0,0,0,1,0,0,0,0,0,0,0,0
101.98902176741495,30.0,187.0,0.0212983129974998,78.69999694824219,78.69999694824219,0,0,0,1,0,0,0,0,0,0,0,0,1,0,0,0,0,0,0,0,0
80.01435117500654,30.0,182.5,0.02126602114547,78.69999694824219,78.69999694824219,0,0,0,1,0,0,0,0,0,0,0,0,1,0,0,0,0,0,0,0,0
95.27066635824124,30.0,182.0,0.0217530371053594,78.69999694824219,78.69999694824219,0,0,0,1,0,0,0,0,0,0,0,0,1,0,0,0,0,0,0,0,0
52.49571477026896,30.0,183.5,0.0216856360581493,78.69999694824219,78.69999694824219,0,0,0,1,0,0,0,0,0,0,0,0,1,0,0,0,0,0,0,0,0
82.15432036120198,30.0,180.5,0.0211621787819329,78.69999694824219,78.69999694824219,0,0,0,1,0,0,0,0,0,0,0,0,1,0,0,0,0,0,0,0,0
111.99997385809228,30.0,181.5,0.0219920701296098,78.69999694824219,78.69999694824219,0,0,0,1,0,0,0,0,0,0,0,0,1,0,0,0,0,0,0,0,0
35.09213559316231,30.0,182.0,0.0217134801633713,78.69999694824219,78.69999694824219,0,0,0,1,0,0,0,0,0,0,0,0,1,0,0,0,0,0,0,0,0
78.62867403724769,30.0,192.5,0.0204506594470826,78.69999694824219,78.69999694824219,0,0,0,1,0,0,0,0,0,0,0,0,1,0,0,0,0,0,0,0,0
79.48438649154066,30.0,186.0,0.0204869923867245,78.69999694824219,78.69999694824219,0,0,0,1,0,0,0,0,0,0,0,0,1,0,0,0,0,0,0,0,0
82.15432036120198,30.0,180.5,0.0211621787819329,78.69999694824219,78.69999694824219,0,0,0,1,0,0,0,0,0,0,0,0,1,0,0,0,0,0,0,0,0
80.01435117500654,30.0,182.5,0.02126602114547,78.69999694824219,78.69999694824219,0,0,0,1,0,0,0,0,0,0,0,0,1,0,0,0,0,0,0,0,0
199.9266441644362,30.0,174.0,0.0187924075044475,78.69999694824219,78.69999694824219,0,0,0,1,0,0,0,0,0,0,0,0,1,0,0,0,0,0,0,0,0
262.58583136869066,30.0,174.5,0.0202534557152436,78.69999694824219,78.69999694824219,0,0,0,1,0,0,0,0,0,0,0,0,1,0,0,0,0,0,0,0,0
72.78594580973954,30.0,173.0,0.0187116863700128,78.69999694824219,78.69999694824219,0,0,0,1,0,0,0,0,0,0,0,0,1,0,0,0,0,0,0,0,0
72.78594580973954,30.0,173.0,0.0187116863700128,78.69999694824219,78.69999694824219,0,0,0,1,0,0,0,0,0,0,0,0,1,0,0,0,0,0,0,0,0
109.75021148501084,30.0,191.0,0.0238328746689976,78.69999694824219,78.69999694824219,0,0,0,1,0,0,0,0,0,0,0,0,1,0,0,0,0,0,0,0,0
162.038092432385,30.0,259.0,0.0306136113309817,78.69999694824219,78.69999694824219,0,0,0,1,0,0,0,0,0,0,0,0,1,0,0,0,0,0,0,0,0
63.95899471940314,30.0,259.5,0.0316343984283696,78.69999694824219,78.69999694824219,0,0,0,1,0,0,0,0,0,0,0,0,1,0,0,0,0,0,0,0,0
76.0246071965039,30.0,257.5,0.0312756366176673,78.69999694824219,78.69999694824219,0,0,0,1,0,0,0,0,0,0,0,0,1,0,0,0,0,0,0,0,0
11.532080867537186,50.0,210.5,0.0250067880662146,78.69999694824219,78.69999694824219,0,0,0,1,0,0,0,0,0,0,0,0,0,0,0,0,1,0,0,0,0
37.04271171179256,30.0,209.5,0.0247775674878397,78.69999694824219,78.69999694824219,0,0,0,1,0,0,0,0,0,0,0,0,1,0,0,0,0,0,0,0,0
234.61387337209248,42.33796296296296,202.5,0.0248411670475901,78.69999694824219,78.69999694824219,0,0,0,1,0,0,0,0,0,0,0,0,0,0,0,0,1,0,0,0,0
98.30166272776232,30.0,184.5,0.0223751638514026,78.69999694824219,78.69999694824219,0,0,0,1,0,0,0,0,0,0,0,0,1,0,0,0,0,0,0,0,0
98.30166272776232,30.0,184.5,0.0223751638514026,78.69999694824219,78.69999694824219,0,0,0,1,0,0,0,0,0,0,0,0,1,0,0,0,0,0,0,0,0
35.092135593162304,30.0,182.0,0.0217134801633713,78.69999694824219,78.69999694824219,0,0,0,1,0,0,0,0,0,0,0,0,1,0,0,0,0,0,0,0,0
95.27066635824124,30.0,182.0,0.0217530371053594,78.69999694824219,78.69999694824219,0,0,0,1,0,0,0,0,0,0,0,0,1,0,0,0,0,0,0,0,0
109.75021148501084,30.0,191.0,0.0238328746689976,78.69999694824219,78.69999694824219,0,0,0,1,0,0,0,0,0,0,0,0,1,0,0,0,0,0,0,0,0
59.16842997180436,33.595391008689084,193.0,0.024279171592413,78.69999694824219,78.69999694824219,0,0,0,1,0,0,0,0,0,0,0,0,1,0,0,0,0,0,0,0,0
149.75340938269585,33.595391008689084,185.5,0.0230678321439677,78.69999694824219,78.69999694824219,0,0,0,1,0,0,0,0,0,0,0,0,1,0,0,0,0,0,0,0,0
59.16842997180436,33.595391008689084,193.0,0.024279171592413,78.69999694824219,78.69999694824219,0,0,0,1,0,0,0,0,0,0,0,0,1,0,0,0,0,0,0,0,0
234.61387337209243,42.33796296296296,202.5,0.0248411670475901,78.69999694824219,78.69999694824219,0,0,0,1,0,0,0,0,0,0,0,0,0,0,0,0,1,0,0,0,0
92.42190675633614,50.0,192.5,0.0245469559375008,78.69999694824219,78.69999694824219,0,0,0,1,0,0,0,0,0,0,0,0,0,0,0,0,1,0,0,0,0
142.83905548845271,30.0,157.5,0.0273872356426472,78.69999694824219,78.69999694824219,0,0,0,1,0,0,0,0,0,0,0,0,1,0,0,0,0,0,0,0,0
121.45167461760016,30.0,154.5,0.0264316387222459,78.69999694824219,78.69999694824219,1,0,0,1,0,0,0,0,0,0,0,0,1,0,0,0,0,0,0,0,0
70.07211119813425,30.0,156.5,0.0275360297123797,78.69999694824219,78.69999694824219,0,0,1,0,0,0,0,0,0,0,0,0,1,0,0,0,0,0,0,0,0
264.1386263370421,30.0,160.5,0.0257348835286586,78.69999694824219,78.69999694824219,0,0,0,1,0,0,0,0,0,0,0,0,1,0,0,0,0,0,0,0,0
121.45167461760016,30.0,154.5,0.0264316387222459,78.69999694824219,78.69999694824219,1,0,0,1,0,0,0,0,0,0,0,0,1,0,0,0,0,0,0,0,0
264.1386263370421,30.0,160.5,0.0257348835286586,78.69999694824219,78.69999694824219,0,0,0,1,0,0,0,0,0,0,0,0,1,0,0,0,0,0,0,0,0
59.60544554635933,33.595391008689084,156.0,0.0253310096636842,78.69999694824219,78.69999694824219,0,0,0,1,0,0,0,0,0,0,0,0,1,0,0,0,0,0,0,0,0
59.60544554635933,33.595391008689084,156.0,0.0253310096636842,78.69999694824219,78.69999694824219,0,0,0,1,0,0,0,0,0,0,0,0,1,0,0,0,0,0,0,0,0
198.98313038809667,30.0,173.0,0.0232489090470208,78.69999694824219,78.69999694824219,0,0,0,1,0,0,0,0,0,0,0,0,1,0,0,0,0,0,0,0,0
59.989270160269584,30.0,162.5,0.019093175563759,78.69999694824219,78.69999694824219,0,0,0,1,0,0,0,0,0,0,0,0,1,0,0,0,0,0,0,0,0
508.79166739407,30.0,164.0,0.0195048167524256,78.69999694824219,78.69999694824219,0,0,0,1,0,0,0,0,0,0,0,0,1,0,0,0,0,0,0,0,0
36.33592300794171,50.0,164.5,0.0186117701186884,78.69999694824219,78.69999694824219,0,0,0,1,0,0,0,0,0,0,0,0,0,0,0,0,1,0,0,0,0
28.075802036516592,50.0,164.0,0.0185609846237678,78.69999694824219,78.69999694824219,0,0,0,1,0,0,0,0,0,0,0,0,0,0,0,0,0,1,0,0,0
13.759399234762087,30.0,164.0,0.0183719898502665,78.69999694824219,78.69999694824219,0,0,0,1,0,0,0,0,0,0,0,0,1,0,0,0,0,0,0,0,0
302.840890095162,30.0,165.0,0.0202509580056467,78.69999694824219,78.69999694824219,0,0,0,1,0,0,0,0,0,0,0,0,0,1,0,0,0,0,0,0,0
163.30557264936382,50.0,162.5,0.0185742565029663,78.69999694824219,78.69999694824219,0,0,0,1,0,0,0,0,0,0,0,0,0,0,0,0,1,0,0,0,0
13.759399234762087,30.0,164.0,0.0183719898502665,78.69999694824219,78.69999694824219,0,0,0,1,0,0,0,0,0,0,0,0,1,0,0,0,0,0,0,0,0
57.47086823223686,50.0,164.0,0.0183009100530896,78.69999694824219,78.69999694824219,0,0,0,1,0,0,0,0,0,0,0,0,0,0,0,0,1,0,0,0,0
69.65449290394432,50.0,169.0,0.0211746564982271,78.69999694824219,78.69999694824219,0,0,0,1,0,0,0,0,0,0,0,0,0,0,0,0,1,0,0,0,0
62.52762941018152,50.0,171.5,0.0216673602122079,78.69999694824219,78.69999694824219,0,0,0,1,0,0,0,0,0,0,0,0,0,0,0,0,1,0,0,0,0
117.55151224553369,30.0,159.0,0.0099258714180648,78.69999694824219,78.69999694824219,0,0,0,1,0,0,0,0,0,0,0,0,1,0,0,0,0,0,0,0,0
87.63600642314267,30.0,161.5,0.0096630671881569,78.69999694824219,78.69999694824219,0,0,0,1,0,0,0,0,0,0,0,0,1,0,0,0,0,0,0,0,0
402.389212373148,30.0,159.0,0.0081278430793733,94.10000610351562,94.10000610351562,0,0,0,1,0,0,0,0,0,0,0,0,1,0,0,0,0,0,0,0,0
32.26125573884276,50.0,151.5,0.0106345025876229,78.69999694824219,78.69999694824219,0,0,0,1,0,0,0,0,0,0,0,0,0,0,0,0,1,0,0,0,0
166.10733955415503,50.0,156.5,0.0112040169691791,78.69999694824219,78.69999694824219,0,0,0,1,0,0,0,0,0,0,0,0,0,0,0,0,1,0,0,0,0
193.8793620343312,30.0,156.5,0.0107527782147816,78.69999694824219,78.69999694824219,0,0,0,1,0,0,0,0,0,0,0,0,1,0,0,0,0,0,0,0,0
19.705870775903872,30.0,159.5,0.0106286822850808,78.69999694824219,78.69999694824219,0,0,0,1,0,0,0,0,0,0,0,0,1,0,0,0,0,0,0,0,0
193.87936203433117,30.0,156.5,0.0107527782147816,78.69999694824219,78.69999694824219,0,0,0,1,0,0,0,0,0,0,0,0,1,0,0,0,0,0,0,0,0
68.32787159396631,30.0,160.0,0.0112098422633838,78.69999694824219,78.69999694824219,0,0,0,1,0,0,0,0,0,0,0,0,1,0,0,0,0,0,0,0,0
19.705870775903872,30.0,159.5,0.0106286822850808,78.69999694824219,78.69999694824219,0,0,0,1,0,0,0,0,0,0,0,0,1,0,0,0,0,0,0,0,0
117.55151224553369,30.0,159.0,0.0099258714180648,78.69999694824219,78.69999694824219,0,0,0,1,0,0,0,0,0,0,0,0,1,0,0,0,0,0,0,0,0
157.73378707082475,30.0,163.0,0.0109514345683886,78.69999694824219,78.69999694824219,0,0,0,1,0,0,0,0,0,0,0,0,1,0,0,0,0,0,0,0,0
157.73378707082475,30.0,163.0,0.0109514345683886,78.69999694824219,78.69999694824219,0,0,0,1,0,0,0,0,0,0,0,0,1,0,0,0,0,0,0,0,0
72.3534343399263,30.0,168.0,0.0111619936365974,78.69999694824219,78.69999694824219,0,0,0,1,0,0,0,0,0,0,0,0,1,0,0,0,0,0,0,0,0
65.27210228128742,30.0,167.0,0.0118085246141653,78.69999694824219,78.69999694824219,0,0,0,1,0,0,0,0,0,0,0,0,1,0,0,0,0,0,0,0,0
93.80286486362677,30.0,166.5,0.0104465158994763,78.69999694824219,78.69999694824219,0,0,0,1,0,0,0,0,0,0,0,0,1,0,0,0,0,0,0,0,0
204.24985092876145,30.0,168.5,0.0101898196443165,78.69999694824219,78.69999694824219,0,0,0,1,0,0,0,0,0,0,0,0,1,0,0,0,0,0,0,0,0
72.3534343399263,30.0,168.0,0.0111619936365974,78.69999694824219,78.69999694824219,0,0,0,1,0,0,0,0,0,0,0,0,1,0,0,0,0,0,0,0,0
147.63525561680942,50.0,169.5,0.0125056880771611,78.69999694824219,78.69999694824219,0,0,0,1,0,0,0,0,0,0,0,0,0,0,0,0,1,0,0,0,0
145.69021493324925,50.0,163.5,0.0119370110852551,78.69999694824219,78.69999694824219,0,0,0,1,0,0,0,0,0,0,0,0,0,0,0,0,1,0,0,0,0
65.27210228128743,30.0,167.0,0.0118085246141653,78.69999694824219,78.69999694824219,0,0,0,1,0,0,0,0,0,0,0,0,1,0,0,0,0,0,0,0,0
78.1580953561438,30.0,161.5,0.0081348080442198,94.10000610351562,94.10000610351562,0,0,0,1,0,0,0,0,0,0,0,0,1,0,0,0,0,0,0,0,0
87.59319374564167,30.0,165.0,0.0089302164269864,94.10000610351562,94.10000610351562,0,0,0,1,0,0,0,0,0,0,0,0,1,0,0,0,0,0,0,0,0
225.30338233106104,15.5531914893617,163.0,0.0091869126821463,94.10000610351562,94.10000610351562,0,0,0,1,0,1,0,0,0,0,0,0,0,0,0,0,0,0,0,0,0
87.63600642314267,30.0,161.5,0.0096630671881569,78.69999694824219,78.69999694824219,0,0,0,1,0,0,0,0,0,0,0,0,1,0,0,0,0,0,0,0,0
93.80286486362677,30.0,166.5,0.0104465158994763,78.69999694824219,78.69999694824219,0,0,0,1,0,0,0,0,0,0,0,0,1,0,0,0,0,0,0,0,0
225.303382331061,15.5531914893617,163.0,0.0091869126821463,94.10000610351562,94.10000610351562,0,0,0,1,0,1,0,0,0,0,0,0,0,0,0,0,0,0,0,0,0
173.9786523210912,33.595391008689084,239.5,0.0081964229568509,86.80000305175781,86.80000305175781,0,0,0,1,0,0,0,0,0,0,0,0,1,0,0,0,0,0,0,0,0
140.7003936516464,33.595391008689084,239.5,0.0081964229568509,86.80000305175781,86.80000305175781,0,0,0,1,0,0,0,0,0,0,0,0,1,0,0,0,0,0,0,0,0
711.8745717022792,33.595391008689084,280.0,0.0100631317012364,86.80000305175781,86.80000305175781,0,0,0,1,0,0,0,0,0,0,0,0,1,0,0,0,0,0,0,0,0
73.59774939563782,30.0,147.5,0.0035242474353872,86.80000305175781,86.80000305175781,0,0,0,1,0,0,0,0,0,0,0,0,1,0,0,0,0,0,0,0,0
154.88787533447993,30.0,147.0,0.0033687188798575,86.80000305175781,86.80000305175781,0,0,0,1,0,0,0,0,0,0,0,0,1,0,0,0,0,0,0,0,0
17.651455356566196,30.0,154.0,0.0038633870652259,86.80000305175781,86.80000305175781,0,0,0,1,0,0,0,0,0,0,0,0,1,0,0,0,0,0,0,0,0
42.51806180035404,30.0,138.0,0.0026757288596648,86.80000305175781,86.80000305175781,0,0,0,1,0,0,0,0,0,0,0,0,1,0,0,0,0,0,0,0,0
154.88787533447993,30.0,147.0,0.0033687188798575,86.80000305175781,86.80000305175781,0,0,0,1,0,0,0,0,0,0,0,0,1,0,0,0,0,0,0,0,0
324.9760978285804,30.0,141.5,0.002242344289587,86.80000305175781,86.80000305175781,0,0,1,0,0,0,0,0,0,0,0,0,1,0,0,0,0,0,0,0,0
18.46451287169346,50.0,146.5,0.0015775130827661,86.80000305175781,86.80000305175781,0,0,1,0,0,0,0,0,0,0,1,0,0,0,0,0,0,0,0,0,0
324.97609782858035,30.0,141.5,0.002242344289587,86.80000305175781,86.80000305175781,0,0,1,0,0,0,0,0,0,0,0,0,1,0,0,0,0,0,0,0,0
18.21323358483589,50.0,143.0,0.0015189924464453,86.80000305175781,86.80000305175781,0,0,1,0,0,0,0,0,0,0,1,0,0,0,0,0,0,0,0,0,0
185.9373150523618,30.0,198.0,0.0338231269815514,78.69999694824219,78.69999694824219,0,0,0,1,0,0,0,0,0,0,0,0,1,0,0,0,0,0,0,0,0
28.51645103075717,30.0,190.0,0.0342997909593964,78.69999694824219,78.69999694824219,0,0,0,1,0,0,0,0,0,0,0,0,1,0,0,0,0,0,0,0,0
9.288791130866258,50.0,190.0,0.0344021453978107,78.69999694824219,78.69999694824219,0,0,0,1,0,0,0,0,0,0,0,0,0,0,1,0,0,0,0,0,0
120.67596039850451,50.0,184.0,0.0344013662592145,78.69999694824219,78.69999694824219,0,0,0,1,0,0,0,0,0,0,0,0,0,0,1,0,0,0,0,0,0
629.5463016470359,30.0,181.5,0.0303423802700476,78.69999694824219,78.69999694824219,0,0,0,1,0,0,0,0,0,0,0,0,0,1,0,0,0,0,0,0,0
22.516461527625484,50.0,178.5,0.0141092505342491,78.69999694824219,78.69999694824219,0,0,0,1,0,0,0,0,0,0,0,0,0,0,0,0,1,0,0,0,0
383.4980787736766,50.0,184.5,0.0140836306457236,78.69999694824219,78.69999694824219,0,0,0,1,0,0,0,0,0,0,0,0,0,0,0,0,1,0,0,0,0
255.2485514007232,30.0,180.0,0.013683745848877,78.69999694824219,78.69999694824219,0,0,0,1,0,0,0,0,0,0,0,0,1,0,0,0,0,0,0,0,0
108.07722770807622,30.0,182.5,0.0132380785950646,78.69999694824219,78.69999694824219,0,0,0,1,0,0,0,0,0,0,0,0,1,0,0,0,0,0,0,0,0
131.64708809517975,30.0,180.0,0.0124085726073131,78.69999694824219,78.69999694824219,0,0,0,1,0,0,0,0,0,0,0,0,1,0,0,0,0,0,0,0,0
255.24855140072327,30.0,180.0,0.013683745848877,78.69999694824219,78.69999694824219,0,0,0,1,0,0,0,0,0,0,0,0,1,0,0,0,0,0,0,0,0
154.79376974251875,30.0,187.0,0.0131953725253689,78.69999694824219,78.69999694824219,0,0,0,1,0,0,0,0,0,0,0,0,1,0,0,0,0,0,0,0,0
108.0772277080762,30.0,182.5,0.0132380785950646,78.69999694824219,78.69999694824219,0,0,0,1,0,0,0,0,0,0,0,0,1,0,0,0,0,0,0,0,0
125.55469341930184,30.0,182.0,0.0123915367082841,78.69999694824219,78.69999694824219,0,0,0,1,0,0,0,0,0,0,0,0,1,0,0,0,0,0,0,0,0
154.79376974251875,30.0,187.0,0.0131953725253689,78.69999694824219,78.69999694824219,0,0,0,1,0,0,0,0,0,0,0,0,1,0,0,0,0,0,0,0,0
67.69172951274481,50.0,191.0,0.0136073835123905,78.69999694824219,78.69999694824219,0,0,0,1,0,0,0,0,0,0,0,0,0,0,0,0,1,0,0,0,0
126.15018122491904,50.0,186.5,0.0123689077040956,78.69999694824219,78.69999694824219,0,0,0,1,0,0,0,0,0,0,0,0,0,0,0,0,1,0,0,0,0
80.36537752904032,30.0,202.5,0.0143705981096732,78.69999694824219,78.69999694824219,0,0,0,1,0,0,0,0,0,0,0,0,1,0,0,0,0,0,0,0,0
67.69172951274481,50.0,191.0,0.0136073835123905,78.69999694824219,78.69999694824219,0,0,0,1,0,0,0,0,0,0,0,0,0,0,0,0,1,0,0,0,0
28.02022558636797,50.0,192.5,0.0141397402680697,78.69999694824219,78.69999694824219,0,0,0,1,0,0,0,0,0,0,0,0,0,0,0,0,1,0,0,0,0
178.18146525959742,15.5531914893617,176.0,0.0119727056315615,78.69999694824219,78.69999694824219,0,0,0,1,0,1,0,0,0,0,0,0,0,0,0,0,0,0,0,0,0
154.33204262611838,15.5531914893617,176.0,0.0119727056315615,78.69999694824219,78.69999694824219,0,0,0,1,0,1,0,0,0,0,0,0,0,0,0,0,0,0,0,0,0
36.68404516833694,30.0,177.0,0.0115374462525712,78.69999694824219,78.69999694824219,0,0,0,1,0,0,0,0,0,0,0,0,1,0,0,0,0,0,0,0,0
178.18146525959742,15.5531914893617,176.0,0.0119727056315615,78.69999694824219,78.69999694824219,0,0,0,1,0,1,0,0,0,0,0,0,0,0,0,0,0,0,0,0,0
154.3320426261184,15.5531914893617,176.0,0.0119727056315615,78.69999694824219,78.69999694824219,0,0,0,1,0,1,0,0,0,0,0,0,0,0,0,0,0,0,0,0,0
103.3434674716092,15.5531914893617,174.5,0.0128374953070341,78.69999694824219,78.69999694824219,0,0,0,1,0,1,0,0,0,0,0,0,0,0,0,0,0,0,0,0,0
61.6663028608404,15.5531914893617,164.0,0.008250460231147,94.10000610351562,94.10000610351562,0,0,0,1,0,1,0,0,0,0,0,0,0,0,0,0,0,0,0,0,0
66.0108042715567,15.5531914893617,169.0,0.0092660573750829,94.10000610351562,94.10000610351562,0,0,0,1,0,1,0,0,0,0,0,0,0,0,0,0,0,0,0,0,0
102.39400411970308,15.5531914893617,167.5,0.0073259357350855,94.10000610351562,94.10000610351562,0,0,0,1,0,1,0,0,0,0,0,0,0,0,0,0,0,0,0,0,0
23.53856034923213,15.5531914893617,168.0,0.0075034944241667,94.10000610351562,94.10000610351562,0,0,0,1,0,1,0,0,0,0,0,0,0,0,0,0,0,0,0,0,0
97.22400958865012,15.5531914893617,165.0,0.0068422325771251,94.10000610351562,94.10000610351562,0,0,0,1,0,1,0,0,0,0,0,0,0,0,0,0,0,0,0,0,0
32.59533667344198,50.0,163.5,0.006552789673774,94.10000610351562,94.10000610351562,0,0,0,1,0,0,0,0,0,0,0,0,1,0,0,0,0,0,0,0,0
82.04962837975552,50.0,161.5,0.0058918619319059,94.10000610351562,94.10000610351562,0,0,0,1,0,0,0,0,0,0,0,0,1,0,0,0,0,0,0,0,0
97.22400958865012,15.5531914893617,165.0,0.0068422325771251,94.10000610351562,94.10000610351562,0,0,0,1,0,1,0,0,0,0,0,0,0,0,0,0,0,0,0,0,0
74.42347066188456,15.5531914893617,166.0,0.0073129672843448,94.10000610351562,94.10000610351562,0,0,0,1,0,1,0,0,0,0,0,0,0,0,0,0,0,0,0,0,0
5.632287260030693,50.0,165.0,0.0073612907921865,94.10000610351562,94.10000610351562,0,0,0,1,0,0,0,0,0,0,0,0,1,0,0,0,0,0,0,0,0
50.21208597377328,50.0,164.5,0.0070235243809937,94.10000610351562,94.10000610351562,0,0,0,1,0,0,0,0,0,0,0,0,1,0,0,0,0,0,0,0,0
23.53856034923213,15.5531914893617,168.0,0.0075034944241667,94.10000610351562,94.10000610351562,0,0,0,1,0,1,0,0,0,0,0,0,0,0,0,0,0,0,0,0,0
29.7220236770276,30.0,168.0,0.0077745857824611,94.10000610351562,94.10000610351562,0,0,0,1,0,0,0,0,0,0,0,0,1,0,0,0,0,0,0,0,0
101.85446341259468,30.0,169.0,0.0078993518600344,94.10000610351562,94.10000610351562,0,0,0,1,0,0,0,0,0,0,0,0,1,0,0,0,0,0,0,0,0
92.27131632850796,30.0,170.0,0.0084757628181656,94.10000610351562,94.10000610351562,0,0,0,1,0,0,0,0,0,0,0,0,0,0,0,0,1,0,0,0,0
29.7220236770276,30.0,168.0,0.0077745857824611,94.10000610351562,94.10000610351562,0,0,0,1,0,0,0,0,0,0,0,0,1,0,0,0,0,0,0,0,0
131.55258608928594,30.0,169.5,0.0080595242567807,94.10000610351562,94.10000610351562,0,0,0,1,0,0,0,0,0,0,0,0,0,0,0,0,1,0,0,0,0
101.85446341259468,30.0,169.0,0.0078993518600344,94.10000610351562,94.10000610351562,0,0,0,1,0,0,0,0,0,0,0,0,1,0,0,0,0,0,0,0,0
254.4612767543931,30.0,169.5,0.0082757255072863,94.10000610351562,94.10000610351562,0,0,0,1,0,0,0,0,0,0,0,0,1,0,0,0,0,0,0,0,0
92.0162467816795,30.0,171.5,0.008713677241572,94.10000610351562,94.10000610351562,0,0,0,1,0,0,0,0,0,0,0,0,1,0,0,0,0,0,0,0,0
70.26859873021604,30.0,178.0,0.0114445299253087,78.69999694824219,78.69999694824219,0,0,0,1,0,0,0,0,0,0,0,0,1,0,0,0,0,0,0,0,0
55.18380138963352,30.0,179.0,0.0114722557928104,78.69999694824219,78.69999694824219,0,0,0,1,0,0,0,0,0,0,0,0,1,0,0,0,0,0,0,0,0
86.9905175444277,30.0,177.5,0.011333054988871,78.69999694824219,78.69999694824219,0,0,0,1,0,0,0,0,0,0,0,0,1,0,0,0,0,0,0,0,0
17.424417911219315,30.0,176.5,0.011382721471318,78.69999694824219,78.69999694824219,0,0,0,1,0,0,0,0,0,0,0,0,1,0,0,0,0,0,0,0,0
86.9905175444277,30.0,177.5,0.011333054988871,78.69999694824219,78.69999694824219,0,0,0,1,0,0,0,0,0,0,0,0,1,0,0,0,0,0,0,0,0
61.74428774048854,30.0,175.5,0.0108852166381145,78.69999694824219,78.69999694824219,0,0,0,1,0,0,0,0,0,0,0,0,0,1,0,0,0,0,0,0,0
24.81068589636898,15.5531914893617,171.5,0.009431031721628,94.10000610351562,94.10000610351562,0,0,0,1,0,1,0,0,0,0,0,0,0,0,0,0,0,0,0,0,0
58.55928831682873,15.5531914893617,172.0,0.0094612766697572,94.10000610351562,94.10000610351562,0,0,0,1,0,1,0,0,0,0,0,0,0,0,0,0,0,0,0,0,0
44.84878538603775,15.5531914893617,172.5,0.0098534787648368,94.10000610351562,94.10000610351562,0,0,0,1,0,1,0,0,0,0,0,0,0,0,0,0,0,0,0,0,0
58.559288316828734,15.5531914893617,172.0,0.0094612766697572,94.10000610351562,94.10000610351562,0,0,0,1,0,1,0,0,0,0,0,0,0,0,0,0,0,0,0,0,0
204.24985092876148,30.0,168.5,0.0101898196443165,78.69999694824219,78.69999694824219,0,0,0,1,0,0,0,0,0,0,0,0,1,0,0,0,0,0,0,0,0
87.59319374564168,30.0,165.0,0.0089302164269864,94.10000610351562,94.10000610351562,0,0,0,1,0,0,0,0,0,0,0,0,1,0,0,0,0,0,0,0,0
125.7336725947508,15.5531914893617,169.0,0.0095617033297475,78.69999694824219,78.69999694824219,0,0,0,1,0,1,0,0,0,0,0,0,0,0,0,0,0,0,0,0,0
15.282306971541075,15.5531914893617,173.0,0.0105043730863049,78.69999694824219,78.69999694824219,0,0,0,1,0,1,0,0,0,0,0,0,0,0,0,0,0,0,0,0,0
72.84754522722938,15.5531914893617,173.0,0.0103597777230374,78.69999694824219,78.69999694824219,0,0,0,1,0,1,0,0,0,0,0,0,0,0,0,0,0,0,0,0,0
46.558968493718254,15.5531914893617,172.5,0.0102260564446643,78.69999694824219,78.69999694824219,0,0,0,1,0,1,0,0,0,0,0,0,0,0,0,0,0,0,0,0,0
15.282306971541075,15.5531914893617,173.0,0.0105043730863049,78.69999694824219,78.69999694824219,0,0,0,1,0,1,0,0,0,0,0,0,0,0,0,0,0,0,0,0,0
331.46594469925145,30.0,172.5,0.0116703377358617,78.69999694824219,78.69999694824219,0,0,0,1,0,0,1,0,0,0,0,0,0,0,0,0,0,0,0,0,0
45.71878731157277,15.5531914893617,172.5,0.0102639238284895,78.69999694824219,78.69999694824219,0,0,0,1,0,1,0,0,0,0,0,0,0,0,0,0,0,0,0,0,0
10.333793516044068,15.5531914893617,173.0,0.0101902761060371,94.10000610351562,94.10000610351562,0,0,0,1,0,1,0,0,0,0,0,0,0,0,0,0,0,0,0,0,0
72.84754522722936,15.5531914893617,173.0,0.0103597777230374,78.69999694824219,78.69999694824219,0,0,0,1,0,1,0,0,0,0,0,0,0,0,0,0,0,0,0,0,0
20.46625999339851,15.5531914893617,174.0,0.0103761182424719,78.69999694824219,78.69999694824219,0,0,0,1,0,1,0,0,0,0,0,0,0,0,0,0,0,0,0,0,0
24.81068589636898,15.5531914893617,171.5,0.009431031721628,94.10000610351562,94.10000610351562,0,0,0,1,0,1,0,0,0,0,0,0,0,0,0,0,0,0,0,0,0
71.16689969387978,15.5531914893617,170.0,0.0088449551402711,94.10000610351562,94.10000610351562,0,0,0,1,0,1,0,0,0,0,0,0,0,0,0,0,0,0,0,0,0
77.49403385502904,15.5531914893617,170.5,0.0094731274752582,94.10000610351562,94.10000610351562,0,0,0,1,0,1,0,0,0,0,0,0,0,0,0,0,0,0,0,0,0
10.333793516044068,15.5531914893617,173.0,0.0101902761060371,94.10000610351562,94.10000610351562,0,0,0,1,0,1,0,0,0,0,0,0,0,0,0,0,0,0,0,0,0
44.84878538603775,15.5531914893617,172.5,0.0098534787648368,94.10000610351562,94.10000610351562,0,0,0,1,0,1,0,0,0,0,0,0,0,0,0,0,0,0,0,0,0
58.66198476373922,15.5531914893617,173.0,0.0100110112883686,94.10000610351562,94.10000610351562,0,0,0,1,0,1,0,0,0,0,0,0,0,0,0,0,0,0,0,0,0
61.74428774048854,30.0,175.5,0.0108852166381145,78.69999694824219,78.69999694824219,0,0,0,1,0,0,1,0,0,0,0,0,0,0,0,0,0,0,0,0,0
20.46625999339851,15.5531914893617,174.0,0.0103761182424719,78.69999694824219,78.69999694824219,0,0,0,1,0,1,0,0,0,0,0,0,0,0,0,0,0,0,0,0,0
76.3669890757686,15.5531914893617,175.5,0.0104396283070483,94.10000610351562,94.10000610351562,0,0,0,1,0,1,0,0,0,0,0,0,0,0,0,0,0,0,0,0,0
17.424417911219315,30.0,176.5,0.011382721471318,78.69999694824219,78.69999694824219,0,0,0,1,0,0,0,0,0,0,0,0,1,0,0,0,0,0,0,0,0
36.68404516833694,30.0,177.0,0.0115374462525712,78.69999694824219,78.69999694824219,0,0,0,1,0,0,0,0,0,0,0,0,1,0,0,0,0,0,0,0,0
70.26859873021604,30.0,178.0,0.0114445299253087,78.69999694824219,78.69999694824219,0,0,0,1,0,0,0,0,0,0,0,0,1,0,0,0,0,0,0,0,0
22.126310340079343,33.595391008689084,165.0,0.007287000782634,94.10000610351562,94.10000610351562,0,0,0,1,0,0,0,0,0,0,0,0,1,0,0,0,0,0,0,0,0
80.88472045255179,33.595391008689084,165.0,0.0069148522407382,94.10000610351562,94.10000610351562,0,0,0,1,0,0,0,0,0,0,0,0,1,0,0,0,0,0,0,0,0
16.332042451203463,33.595391008689084,165.5,0.0073082634021117,94.10000610351562,94.10000610351562,0,0,0,1,0,0,0,0,0,0,0,0,1,0,0,0,0,0,0,0,0
22.126310340079343,33.595391008689084,165.0,0.007287000782634,94.10000610351562,94.10000610351562,0,0,0,1,0,0,0,0,0,0,0,0,1,0,0,0,0,0,0,0,0
20.968877416559444,33.595391008689084,165.5,0.007384663868846,94.10000610351562,94.10000610351562,0,0,0,1,0,0,0,0,0,0,0,0,1,0,0,0,0,0,0,0,0
14.883476978942229,33.595391008689084,165.0,0.0073797427454331,94.10000610351562,94.10000610351562,0,0,0,1,0,0,0,0,0,0,0,0,1,0,0,0,0,0,0,0,0
66.0108042715567,15.5531914893617,169.0,0.0092660573750829,94.10000610351562,94.10000610351562,0,0,0,1,0,1,0,0,0,0,0,0,0,0,0,0,0,0,0,0,0
26.20873410130184,15.5531914893617,171.0,0.009824626877652,94.10000610351562,94.10000610351562,0,0,0,1,0,1,0,0,0,0,0,0,0,0,0,0,0,0,0,0,0
77.49403385502904,15.5531914893617,170.5,0.0094731274752582,94.10000610351562,94.10000610351562,0,0,0,1,0,1,0,0,0,0,0,0,0,0,0,0,0,0,0,0,0
125.7336725947508,15.5531914893617,169.0,0.0095617033297475,78.69999694824219,78.69999694824219,0,0,0,1,0,1,0,0,0,0,0,0,0,0,0,0,0,0,0,0,0
26.20873410130184,15.5531914893617,171.0,0.009824626877652,94.10000610351562,94.10000610351562,0,0,0,1,0,1,0,0,0,0,0,0,0,0,0,0,0,0,0,0,0
45.71878731157277,15.5531914893617,172.5,0.0102639238284895,78.69999694824219,78.69999694824219,0,0,0,1,0,1,0,0,0,0,0,0,0,0,0,0,0,0,0,0,0
46.558968493718254,15.5531914893617,172.5,0.0102260564446643,78.69999694824219,78.69999694824219,0,0,0,1,0,1,0,0,0,0,0,0,0,0,0,0,0,0,0,0,0
69.504335057012,30.0,160.0,0.0076826157428292,94.10000610351562,94.10000610351562,0,0,0,1,0,0,0,0,0,0,0,0,1,0,0,0,0,0,0,0,0
78.15809535614379,30.0,161.5,0.0081348080442198,94.10000610351562,94.10000610351562,0,0,0,1,0,0,0,0,0,0,0,0,1,0,0,0,0,0,0,0,0
61.6663028608404,15.5531914893617,164.0,0.008250460231147,94.10000610351562,94.10000610351562,0,0,0,1,0,1,0,0,0,0,0,0,0,0,0,0,0,0,0,0,0
58.66198476373922,15.5531914893617,173.0,0.0100110112883686,94.10000610351562,94.10000610351562,0,0,0,1,0,1,0,0,0,0,0,0,0,0,0,0,0,0,0,0,0
151.3927108765497,30.0,181.5,0.0115650718870107,78.69999694824219,78.69999694824219,0,0,0,1,0,0,0,0,0,0,0,0,1,0,0,0,0,0,0,0,0
126.15018122491904,50.0,186.5,0.0123689077040956,78.69999694824219,78.69999694824219,0,0,0,1,0,0,0,0,0,0,0,0,0,0,0,0,1,0,0,0,0
92.5992999649865,30.0,179.5,0.0109667284315127,94.10000610351562,94.10000610351562,0,0,0,1,0,0,0,0,0,0,0,0,0,0,0,0,1,0,0,0,0
80.87229359884576,30.0,179.5,0.0115620307205325,78.69999694824219,78.69999694824219,0,0,0,1,0,0,0,0,0,0,0,0,1,0,0,0,0,0,0,0,0
151.39271087654973,30.0,181.5,0.0115650718870107,78.69999694824219,78.69999694824219,0,0,0,1,0,0,0,0,0,0,0,0,1,0,0,0,0,0,0,0,0
125.55469341930184,30.0,182.0,0.0123915367082841,78.69999694824219,78.69999694824219,0,0,0,1,0,0,0,0,0,0,0,0,1,0,0,0,0,0,0,0,0
55.18380138963352,30.0,179.0,0.0114722557928104,78.69999694824219,78.69999694824219,0,0,0,1,0,0,0,0,0,0,0,0,1,0,0,0,0,0,0,0,0
80.87229359884576,30.0,179.5,0.0115620307205325,78.69999694824219,78.69999694824219,0,0,0,1,0,0,0,0,0,0,0,0,1,0,0,0,0,0,0,0,0
131.64708809517975,30.0,180.0,0.0124085726073131,78.69999694824219,78.69999694824219,0,0,0,1,0,0,0,0,0,0,0,0,1,0,0,0,0,0,0,0,0
9.827348356837764,50.0,160.0,0.0053438446236211,94.10000610351562,94.10000610351562,0,0,0,1,0,0,0,0,0,0,0,0,1,0,0,0,0,0,0,0,0
116.36037251163924,33.595391008689084,161.5,0.0056805194379869,94.10000610351562,94.10000610351562,0,0,0,1,0,0,0,0,0,0,0,0,1,0,0,0,0,0,0,0,0
47.02877242256656,50.0,158.5,0.0050195280429874,94.10000610351562,94.10000610351562,0,0,0,1,0,0,0,0,0,0,0,0,1,0,0,0,0,0,0,0,0
16.333965148036867,50.0,151.0,0.0042213222717371,94.10000610351562,94.10000610351562,0,0,0,1,0,0,0,0,0,0,1,0,0,0,0,0,0,0,0,0,0
77.4461934645703,50.0,147.5,0.004015994159643,94.10000610351562,94.10000610351562,0,0,0,1,0,0,0,0,0,0,1,0,0,0,0,0,0,0,0,0,0
16.333965148036867,50.0,151.0,0.0042213222717371,94.10000610351562,94.10000610351562,0,0,0,1,0,0,0,0,0,0,1,0,0,0,0,0,0,0,0,0,0
38.12025102445303,33.595391008689084,155.0,0.0045120429680912,94.10000610351562,94.10000610351562,0,0,0,1,0,0,0,0,0,0,0,0,1,0,0,0,0,0,0,0,0
92.45689601917208,33.595391008689084,149.0,0.0039675612607763,94.10000610351562,94.10000610351562,0,0,0,1,0,0,0,0,0,0,0,0,1,0,0,0,0,0,0,0,0
40.85143212231919,50.0,154.5,0.0044030558279189,94.10000610351562,94.10000610351562,0,0,0,1,0,0,0,0,0,0,1,0,0,0,0,0,0,0,0,0,0
66.23455399635273,30.0,174.5,0.008890365622423,94.10000610351562,94.10000610351562,0,0,0,1,0,0,0,0,0,0,0,0,0,0,0,0,1,0,0,0,0
155.12949763170192,50.0,175.0,0.008569650261636,94.10000610351562,94.10000610351562,0,0,0,1,0,0,0,0,0,0,0,0,0,0,0,0,1,0,0,0,0
86.27321039916949,30.0,180.0,0.0094076903471443,94.10000610351562,94.10000610351562,0,0,0,1,0,0,0,0,0,0,0,0,1,0,0,0,0,0,0,0,0
86.66297652532948,30.0,181.0,0.0093279096573074,94.10000610351562,94.10000610351562,0,0,0,1,0,0,0,0,0,0,0,0,1,0,0,0,0,0,0,0,0
95.58484362821376,30.0,183.5,0.0079501691859967,94.10000610351562,94.10000610351562,0,0,0,1,0,0,0,0,0,0,0,0,1,0,0,0,0,0,0,0,0
76.70810674882937,30.0,178.0,0.0072367577636492,94.10000610351562,94.10000610351562,0,0,0,1,0,0,0,0,0,0,0,0,1,0,0,0,0,0,0,0,0
78.35238761908498,30.0,178.5,0.0077048979394125,94.10000610351562,94.10000610351562,0,0,0,1,0,0,0,0,0,0,0,0,1,0,0,0,0,0,0,0,0
17.89355479283394,30.0,186.0,0.0082567686153378,78.69999694824219,78.69999694824219,0,0,0,1,0,0,0,0,0,0,0,0,1,0,0,0,0,0,0,0,0
95.58484362821376,30.0,183.5,0.0079501691859967,94.10000610351562,94.10000610351562,0,0,0,1,0,0,0,0,0,0,0,0,1,0,0,0,0,0,0,0,0
465.777251422944,30.0,196.5,0.0085886260883021,78.69999694824219,78.69999694824219,0,0,0,1,0,0,0,0,0,0,0,0,0,1,0,0,0,0,0,0,0
70.31859431115824,30.0,184.0,0.0080360659856563,78.69999694824219,78.69999694824219,0,0,0,1,0,0,0,0,0,0,0,0,1,0,0,0,0,0,0,0,0
174.63701300083213,30.0,191.5,0.0083912210358712,78.69999694824219,78.69999694824219,0,0,0,1,0,0,0,0,0,0,0,0,1,0,0,0,0,0,0,0,0
116.51469246751616,30.0,186.5,0.0083424393191748,78.69999694824219,78.69999694824219,0,0,0,1,0,0,0,0,0,0,0,0,1,0,0,0,0,0,0,0,0
72.94995370347856,30.0,201.5,0.0086676169035203,78.69999694824219,78.69999694824219,0,0,0,1,0,0,0,0,0,0,0,0,1,0,0,0,0,0,0,0,0
46.78018436045876,30.0,196.0,0.0081655476203476,94.10000610351562,94.10000610351562,0,0,0,1,0,0,0,0,0,0,0,0,1,0,0,0,0,0,0,0,0
174.6370130008321,30.0,191.5,0.0083912210358712,78.69999694824219,78.69999694824219,0,0,0,1,0,0,0,0,0,0,0,0,1,0,0,0,0,0,0,0,0
15.427112158724771,30.0,196.0,0.0078739135425827,94.10000610351562,94.10000610351562,0,0,0,1,0,0,0,0,0,0,0,0,1,0,0,0,0,0,0,0,0
90.2545956476696,33.595391008689084,193.0,0.0078468715792595,94.10000610351562,94.10000610351562,0,0,0,1,0,0,0,0,0,0,0,0,1,0,0,0,0,0,0,0,0
46.78018436045876,30.0,196.0,0.0081655476203476,94.10000610351562,94.10000610351562,0,0,0,1,0,0,0,0,0,0,0,0,1,0,0,0,0,0,0,0,0
50.89899772546031,33.595391008689084,183.5,0.0058753858653152,94.10000610351562,94.10000610351562,0,0,0,1,0,0,0,0,0,0,0,0,1,0,0,0,0,0,0,0,0
85.62817922509919,30.0,180.0,0.0055129697017497,94.10000610351562,94.10000610351562,0,0,0,1,0,0,0,0,0,0,0,0,1,0,0,0,0,0,0,0,0
55.53884507901103,30.0,186.0,0.0061935217755153,94.10000610351562,94.10000610351562,0,0,0,1,0,0,0,0,0,0,0,0,1,0,0,0,0,0,0,0,0
204.1552408864617,33.595391008689084,164.0,0.0047107737604475,94.10000610351562,94.10000610351562,0,0,0,1,0,0,0,0,0,0,0,0,1,0,0,0,0,0,0,0,0
204.1552408864617,33.595391008689084,164.0,0.0047107737604475,94.10000610351562,94.10000610351562,0,0,0,1,0,0,0,0,0,0,0,0,1,0,0,0,0,0,0,0,0
105.66607369671856,30.0,167.5,0.005024896539276,94.10000610351562,94.10000610351562,0,0,0,1,0,0,0,0,0,0,0,0,1,0,0,0,0,0,0,0,0
138.86363658825022,30.0,172.0,0.0060841986494997,94.10000610351562,94.10000610351562,0,0,0,1,0,0,0,0,0,0,0,0,1,0,0,0,0,0,0,0,0
18.4139650077866,30.0,175.0,0.0067282628887593,94.10000610351562,94.10000610351562,0,0,0,1,0,0,0,0,0,0,0,0,1,0,0,0,0,0,0,0,0
76.70810674882937,30.0,178.0,0.0072367577636492,94.10000610351562,94.10000610351562,0,0,0,1,0,0,0,0,0,0,0,0,1,0,0,0,0,0,0,0,0
80.0113971386555,30.0,172.0,0.0064249486095567,94.10000610351562,94.10000610351562,0,0,0,1,0,0,0,0,0,0,0,0,1,0,0,0,0,0,0,0,0
70.31844233376137,33.595391008689084,168.0,0.0049176904886124,94.10000610351562,94.10000610351562,0,0,0,1,0,0,0,0,0,0,0,0,1,0,0,0,0,0,0,0,0
322.98654413400646,30.0,171.0,0.0048200559379314,94.10000610351562,94.10000610351562,0,0,0,1,0,0,0,0,0,0,0,0,0,1,0,0,0,0,0,0,0
105.66607369671854,30.0,167.5,0.005024896539276,94.10000610351562,94.10000610351562,0,0,0,1,0,0,0,0,0,0,0,0,1,0,0,0,0,0,0,0,0
70.31844233376137,33.595391008689084,168.0,0.0049176904886124,94.10000610351562,94.10000610351562,0,0,0,1,0,0,0,0,0,0,0,0,1,0,0,0,0,0,0,0,0
85.35994010924453,33.595391008689084,200.0,0.0080646429258106,94.10000610351562,94.10000610351562,0,0,0,1,0,0,0,0,0,0,0,0,1,0,0,0,0,0,0,0,0
15.427112158724771,30.0,196.0,0.0078739135425827,94.10000610351562,94.10000610351562,0,0,0,1,0,0,0,0,0,0,0,0,1,0,0,0,0,0,0,0,0
85.35994010924453,33.595391008689084,200.0,0.0080646429258106,94.10000610351562,94.10000610351562,0,0,0,1,0,0,0,0,0,0,0,0,1,0,0,0,0,0,0,0,0
52.33903793806184,30.0,195.0,0.0075302045164463,94.10000610351562,94.10000610351562,0,0,0,1,0,0,0,0,0,0,0,0,1,0,0,0,0,0,0,0,0
90.2545956476696,33.595391008689084,193.0,0.0078468715792595,94.10000610351562,94.10000610351562,0,0,0,1,0,0,0,0,0,0,0,0,1,0,0,0,0,0,0,0,0
68.82216225779949,33.595391008689084,191.5,0.0071688941859736,94.10000610351562,94.10000610351562,0,0,0,1,0,0,0,0,0,0,0,0,1,0,0,0,0,0,0,0,0
68.82216225779949,33.595391008689084,191.5,0.0071688941859736,94.10000610351562,94.10000610351562,0,0,0,1,0,0,0,0,0,0,0,0,1,0,0,0,0,0,0,0,0
12.032846547470175,30.0,192.5,0.0071949616200194,94.10000610351562,94.10000610351562,0,0,0,1,0,0,0,0,0,0,0,0,1,0,0,0,0,0,0,0,0
52.33903793806184,30.0,195.0,0.0075302045164463,94.10000610351562,94.10000610351562,0,0,0,1,0,0,0,0,0,0,0,0,1,0,0,0,0,0,0,0,0
60.537126735456845,33.595391008689084,192.0,0.0072738824492775,94.10000610351562,94.10000610351562,0,0,0,1,0,0,0,0,0,0,0,0,1,0,0,0,0,0,0,0,0
12.032846547470175,30.0,192.5,0.0071949616200194,94.10000610351562,94.10000610351562,0,0,0,1,0,0,0,0,0,0,0,0,1,0,0,0,0,0,0,0,0
60.53712673545684,33.595391008689084,192.0,0.0072738824492775,94.10000610351562,94.10000610351562,0,0,0,1,0,0,0,0,0,0,0,0,1,0,0,0,0,0,0,0,0
51.350368137368726,30.0,189.5,0.0068688030479756,94.10000610351562,94.10000610351562,0,0,0,1,0,0,0,0,0,0,0,0,1,0,0,0,0,0,0,0,0
50.83645566910402,33.595391008689084,188.0,0.0065276975714794,94.10000610351562,94.10000610351562,0,0,0,1,0,0,0,0,0,0,0,0,1,0,0,0,0,0,0,0,0
14.418290576731891,30.0,188.0,0.0065349250177631,94.10000610351562,94.10000610351562,0,0,0,1,0,0,0,0,0,0,0,0,1,0,0,0,0,0,0,0,0
50.83645566910402,33.595391008689084,188.0,0.0065276975714794,94.10000610351562,94.10000610351562,0,0,0,1,0,0,0,0,0,0,0,0,1,0,0,0,0,0,0,0,0
51.350368137368726,30.0,189.5,0.0068688030479756,94.10000610351562,94.10000610351562,0,0,0,1,0,0,0,0,0,0,0,0,1,0,0,0,0,0,0,0,0
66.7728952088691,15.5531914893617,176.5,0.00509232059143,94.10000610351562,94.10000610351562,0,0,0,1,0,1,0,0,0,0,0,0,0,0,0,0,0,0,0,0,0
50.89899772546031,33.595391008689084,183.5,0.0058753858653152,94.10000610351562,94.10000610351562,0,0,0,1,0,0,0,0,0,0,0,0,1,0,0,0,0,0,0,0,0
26.781116413954603,33.595391008689084,144.0,0.0039730485310437,94.10000610351562,94.10000610351562,0,0,0,1,0,0,0,0,0,0,0,0,1,0,0,0,0,0,0,0,0
12.726667759273193,33.595391008689084,146.0,0.0039418280141994,94.10000610351562,94.10000610351562,0,0,0,1,0,0,0,0,0,0,0,0,1,0,0,0,0,0,0,0,0
137.76982953057322,33.595391008689084,153.0,0.0047094925129448,94.10000610351562,94.10000610351562,0,0,0,1,0,0,0,0,0,0,0,0,1,0,0,0,0,0,0,0,0
12.726667759273193,33.595391008689084,146.0,0.0039418280141994,94.10000610351562,94.10000610351562,0,0,0,1,0,0,0,0,0,0,0,0,1,0,0,0,0,0,0,0,0
251.97504063208183,50.0,141.0,0.0035791372506758,94.10000610351562,94.10000610351562,1,0,0,1,0,0,0,0,0,0,1,0,0,0,0,0,0,0,0,0,0
77.44619346457029,50.0,147.5,0.004015994159643,94.10000610351562,94.10000610351562,0,0,0,1,0,0,0,0,0,0,1,0,0,0,0,0,0,0,0,0,0
93.08074178131903,33.595391008689084,140.5,0.0036637466756422,94.10000610351562,94.10000610351562,0,0,0,1,0,0,0,0,0,0,0,0,1,0,0,0,0,0,0,0,0
26.781116413954603,33.595391008689084,144.0,0.0039730485310437,94.10000610351562,94.10000610351562,0,0,0,1,0,0,0,0,0,0,0,0,1,0,0,0,0,0,0,0,0
93.08074178131902,33.595391008689084,140.5,0.0036637466756422,94.10000610351562,94.10000610351562,0,0,0,1,0,0,0,0,0,0,0,0,1,0,0,0,0,0,0,0,0
45.06596572307899,33.595391008689084,146.0,0.0041586954193261,94.10000610351562,94.10000610351562,0,0,0,1,0,0,0,0,0,0,0,0,1,0,0,0,0,0,0,0,0
45.06596572307899,33.595391008689084,146.0,0.0041586954193261,94.10000610351562,94.10000610351562,0,0,0,1,0,0,0,0,0,0,0,0,1,0,0,0,0,0,0,0,0
116.36037251163924,33.595391008689084,161.5,0.0056805194379869,94.10000610351562,94.10000610351562,0,0,0,1,0,0,0,0,0,0,0,0,1,0,0,0,0,0,0,0,0
25.060242638747116,33.595391008689084,165.0,0.0064968073958423,94.10000610351562,94.10000610351562,0,0,0,1,0,0,0,0,0,0,0,0,1,0,0,0,0,0,0,0,0
39.3571857673423,33.595391008689084,164.0,0.0062232780951078,94.10000610351562,94.10000610351562,0,0,0,1,0,0,0,0,0,0,0,0,1,0,0,0,0,0,0,0,0
25.06024263874711,33.595391008689084,165.0,0.0064968073958423,94.10000610351562,94.10000610351562,0,0,0,1,0,0,0,0,0,0,0,0,1,0,0,0,0,0,0,0,0
150.05195065946336,33.595391008689084,169.5,0.0075476877885864,94.10000610351562,94.10000610351562,0,0,0,1,0,0,0,0,0,0,0,0,1,0,0,0,0,0,0,0,0
20.968877416559444,33.595391008689084,165.5,0.007384663868846,94.10000610351562,94.10000610351562,0,0,0,1,0,0,0,0,0,0,0,0,1,0,0,0,0,0,0,0,0
150.05195065946333,33.595391008689084,169.5,0.0075476877885864,94.10000610351562,94.10000610351562,0,0,0,1,0,0,0,0,0,0,0,0,1,0,0,0,0,0,0,0,0
16.33204245120346,33.595391008689084,165.5,0.0073082634021117,94.10000610351562,94.10000610351562,0,0,0,1,0,0,0,0,0,0,0,0,1,0,0,0,0,0,0,0,0
131.5525860892859,30.0,169.5,0.0080595242567807,94.10000610351562,94.10000610351562,0,0,0,1,0,0,0,0,0,0,0,0,0,0,0,0,1,0,0,0,0
29.63462272082624,30.0,171.5,0.0082558063631698,94.10000610351562,94.10000610351562,0,0,0,1,0,0,0,0,0,0,0,0,0,0,0,0,1,0,0,0,0
36.181901877986775,30.0,182.0,0.0061362120290012,94.10000610351562,94.10000610351562,0,0,0,1,0,0,0,0,0,0,0,0,1,0,0,0,0,0,0,0,0
36.64889037874474,33.595391008689084,188.0,0.0065150976381635,94.10000610351562,94.10000610351562,0,0,0,1,0,0,0,0,0,0,0,0,1,0,0,0,0,0,0,0,0
14.418290576731891,30.0,188.0,0.0065349250177631,94.10000610351562,94.10000610351562,0,0,0,1,0,0,0,0,0,0,0,0,1,0,0,0,0,0,0,0,0
36.64889037874474,33.595391008689084,188.0,0.0065150976381635,94.10000610351562,94.10000610351562,0,0,0,1,0,0,0,0,0,0,0,0,1,0,0,0,0,0,0,0,0
55.53884507901103,30.0,186.0,0.0061935217755153,94.10000610351562,94.10000610351562,0,0,0,1,0,0,0,0,0,0,0,0,1,0,0,0,0,0,0,0,0
115.72271714315087,33.595391008689084,178.5,0.0073746254256352,94.10000610351562,94.10000610351562,0,0,0,1,0,0,0,0,0,0,0,0,1,0,0,0,0,0,0,0,0
38.20711975345143,33.595391008689084,184.0,0.0080859254558807,78.69999694824219,78.69999694824219,0,0,0,1,0,0,0,0,0,0,0,0,1,0,0,0,0,0,0,0,0
34.99304968575033,47.53488372093023,179.5,0.007701348590424,78.69999694824219,78.69999694824219,0,0,0,1,0,0,0,0,0,0,0,0,0,0,0,0,0,0,1,0,0
115.7227171431509,33.595391008689084,178.5,0.0073746254256352,94.10000610351562,94.10000610351562,0,0,0,1,0,0,0,0,0,0,0,0,1,0,0,0,0,0,0,0,0
17.89355479283394,30.0,186.0,0.0082567686153378,78.69999694824219,78.69999694824219,0,0,0,1,0,0,0,0,0,0,0,0,1,0,0,0,0,0,0,0,0
38.20711975345143,33.595391008689084,184.0,0.0080859254558807,78.69999694824219,78.69999694824219,0,0,0,1,0,0,0,0,0,0,0,0,1,0,0,0,0,0,0,0,0
116.51469246751616,30.0,186.5,0.0083424393191748,78.69999694824219,78.69999694824219,0,0,0,1,0,0,0,0,0,0,0,0,1,0,0,0,0,0,0,0,0
34.99304968575033,47.53488372093023,179.5,0.007701348590424,78.69999694824219,78.69999694824219,0,0,0,1,0,0,0,0,0,0,0,0,0,0,0,0,0,0,1,0,0
35.88907733234019,33.595391008689084,177.5,0.0071163230602376,94.10000610351562,94.10000610351562,0,0,0,1,0,0,0,0,0,0,0,0,1,0,0,0,0,0,0,0,0
37.99396319207884,33.595391008689084,175.5,0.0067928220984168,94.10000610351562,94.10000610351562,0,0,0,1,0,0,0,0,0,0,0,0,1,0,0,0,0,0,0,0,0
40.22832789973077,33.595391008689084,174.5,0.0067655265787862,94.10000610351562,94.10000610351562,0,0,0,1,0,0,0,0,0,0,0,0,1,0,0,0,0,0,0,0,0
77.21989774546613,33.595391008689084,180.5,0.0076174613103711,78.69999694824219,78.69999694824219,0,0,0,1,0,0,0,0,0,0,0,0,1,0,0,0,0,0,0,0,0
40.22832789973077,33.595391008689084,174.5,0.0067655265787862,94.10000610351562,94.10000610351562,0,0,0,1,0,0,0,0,0,0,0,0,1,0,0,0,0,0,0,0,0
35.88907733234019,33.595391008689084,177.5,0.0071163230602376,94.10000610351562,94.10000610351562,0,0,0,1,0,0,0,0,0,0,0,0,1,0,0,0,0,0,0,0,0
18.4139650077866,30.0,175.0,0.0067282628887593,94.10000610351562,94.10000610351562,0,0,0,1,0,0,0,0,0,0,0,0,1,0,0,0,0,0,0,0,0
37.99396319207884,33.595391008689084,175.5,0.0067928220984168,94.10000610351562,94.10000610351562,0,0,0,1,0,0,0,0,0,0,0,0,1,0,0,0,0,0,0,0,0
138.8636365882502,30.0,172.0,0.0060841986494997,94.10000610351562,94.10000610351562,0,0,0,1,0,0,0,0,0,0,0,0,1,0,0,0,0,0,0,0,0
55.88178186142644,30.0,178.5,0.0061828987321789,94.10000610351562,94.10000610351562,0,0,0,1,0,0,0,0,0,0,0,0,1,0,0,0,0,0,0,0,0
55.88178186142644,30.0,178.5,0.0061828987321789,94.10000610351562,94.10000610351562,0,0,0,1,0,0,0,0,0,0,0,0,1,0,0,0,0,0,0,0,0
36.181901877986775,30.0,182.0,0.0061362120290012,94.10000610351562,94.10000610351562,0,0,0,1,0,0,0,0,0,0,0,0,1,0,0,0,0,0,0,0,0
69.74406199405983,30.0,181.0,0.0066006408954311,94.10000610351562,94.10000610351562,0,0,0,1,0,0,0,0,0,0,0,0,1,0,0,0,0,0,0,0,0
70.31859431115824,30.0,184.0,0.0080360659856563,78.69999694824219,78.69999694824219,0,0,0,1,0,0,0,0,0,0,0,0,1,0,0,0,0,0,0,0,0
77.21989774546613,33.595391008689084,180.5,0.0076174613103711,78.69999694824219,78.69999694824219,0,0,0,1,0,0,0,0,0,0,0,0,1,0,0,0,0,0,0,0,0
75.28510092500244,30.0,180.5,0.0072944205898623,94.10000610351562,94.10000610351562,0,0,0,1,0,0,0,0,0,0,0,0,1,0,0,0,0,0,0,0,0
74.96069453141469,15.5531914893617,172.5,0.0092046055339122,94.10000610351562,94.10000610351562,0,0,0,1,0,1,0,0,0,0,0,0,0,0,0,0,0,0,0,0,0
92.0162467816795,30.0,171.5,0.008713677241572,94.10000610351562,94.10000610351562,0,0,0,1,0,0,0,0,0,0,0,0,1,0,0,0,0,0,0,0,0
51.320227083990574,30.0,174.0,0.0096097193520726,94.10000610351562,94.10000610351562,0,0,0,1,0,0,0,0,0,0,0,0,1,0,0,0,0,0,0,0,0
70.4949879381074,15.5531914893617,173.5,0.0093280667711932,94.10000610351562,94.10000610351562,0,0,0,1,0,1,0,0,0,0,0,0,0,0,0,0,0,0,0,0,0
109.53176936099392,30.0,174.5,0.0096545807562136,94.10000610351562,94.10000610351562,0,0,0,1,0,0,0,0,0,0,0,0,1,0,0,0,0,0,0,0,0
70.4949879381074,15.5531914893617,173.5,0.0093280667711932,94.10000610351562,94.10000610351562,0,0,0,1,0,1,0,0,0,0,0,0,0,0,0,0,0,0,0,0,0
33.479960451125635,15.5531914893617,173.5,0.0093691167250617,94.10000610351562,94.10000610351562,0,0,0,1,0,1,0,0,0,0,0,0,0,0,0,0,0,0,0,0,0
33.479960451125635,15.5531914893617,173.5,0.0093691167250617,94.10000610351562,94.10000610351562,0,0,0,1,0,1,0,0,0,0,0,0,0,0,0,0,0,0,0,0,0
76.36698907576861,15.5531914893617,175.5,0.0104396283070483,94.10000610351562,94.10000610351562,0,0,0,1,0,1,0,0,0,0,0,0,0,0,0,0,0,0,0,0,0
186.80613003552037,30.0,135.0,0.0030746872959845,94.10000610351562,94.10000610351562,0,0,1,0,0,0,0,0,0,0,0,0,1,0,0,0,0,0,0,0,0
389.83760328908414,30.0,135.5,0.0025787210473895,94.10000610351562,94.10000610351562,0,0,1,0,0,0,0,0,0,0,0,0,1,0,0,0,0,0,0,0,0
281.31653844504376,30.0,136.0,0.0030930777902314,94.10000610351562,94.10000610351562,0,0,0,1,0,0,0,0,0,0,0,0,1,0,0,0,0,0,0,0,0
89.85030480003726,15.5531914893617,135.5,0.0054442972759966,94.10000610351562,94.10000610351562,0,0,0,1,0,1,0,0,0,0,0,0,0,0,0,0,0,0,0,0,0
199.74475626010056,20.0,136.0,0.0059155054564304,94.10000610351562,94.10000610351562,0,0,0,1,0,0,0,0,0,0,0,0,1,0,0,0,0,0,0,0,0
72.85955286477231,25.0,134.0,0.0046582962993082,94.10000610351562,94.10000610351562,0,0,0,1,0,0,0,0,0,0,0,0,1,0,0,0,0,0,0,0,0
34.93786940443232,15.5531914893617,137.0,0.0071992913237695,94.10000610351562,94.10000610351562,0,0,0,1,0,1,0,0,0,0,0,0,0,0,0,0,0,0,0,0,0
37.23388315604441,20.0,136.5,0.0070357962219914,94.10000610351562,94.10000610351562,0,0,0,1,0,0,0,0,0,0,0,0,1,0,0,0,0,0,0,0,0
199.74475626010056,20.0,136.0,0.0059155054564304,94.10000610351562,94.10000610351562,0,0,0,1,0,0,0,0,0,0,0,0,1,0,0,0,0,0,0,0,0
37.23388315604441,20.0,136.5,0.0070357962219914,94.10000610351562,94.10000610351562,0,0,0,1,0,0,0,0,0,0,0,0,1,0,0,0,0,0,0,0,0
89.85030480003726,15.5531914893617,135.5,0.0054442972759966,94.10000610351562,94.10000610351562,0,0,0,1,0,1,0,0,0,0,0,0,0,0,0,0,0,0,0,0,0
34.93786940443232,15.5531914893617,137.0,0.0071992913237695,94.10000610351562,94.10000610351562,0,0,0,1,0,1,0,0,0,0,0,0,0,0,0,0,0,0,0,0,0
97.16546299106508,30.0,133.5,0.0023702993995908,94.10000610351562,94.10000610351562,0,0,1,0,0,0,0,0,0,0,0,0,1,0,0,0,0,0,0,0,0
97.16546299106508,30.0,133.5,0.0023702993995908,94.10000610351562,94.10000610351562,0,0,1,0,0,0,0,0,0,0,0,0,1,0,0,0,0,0,0,0,0
105.58083833867173,30.0,136.0,0.002819695957579,94.10000610351562,94.10000610351562,0,0,1,0,0,0,0,0,0,0,0,0,1,0,0,0,0,0,0,0,0
208.7814063768841,40.0,137.0,0.003567744717514,94.10000610351562,94.10000610351562,0,0,0,1,0,0,0,0,0,0,0,0,1,0,0,0,0,0,0,0,0
92.45689601917208,33.595391008689084,149.0,0.0039675612607763,94.10000610351562,94.10000610351562,0,0,0,1,0,0,0,0,0,0,0,0,1,0,0,0,0,0,0,0,0
42.74189962713918,30.0,168.5,0.0058334413060587,94.10000610351562,94.10000610351562,0,0,0,1,0,0,0,0,0,0,0,0,1,0,0,0,0,0,0,0,0
80.0113971386555,30.0,172.0,0.0064249486095567,94.10000610351562,94.10000610351562,0,0,0,1,0,0,0,0,0,0,0,0,1,0,0,0,0,0,0,0,0
61.1955592846852,30.0,169.5,0.0059417235469578,94.10000610351562,94.10000610351562,0,0,0,1,0,0,0,0,0,0,0,0,1,0,0,0,0,0,0,0,0
42.74189962713918,30.0,168.5,0.0058334413060587,94.10000610351562,94.10000610351562,0,0,0,1,0,0,0,0,0,0,0,0,1,0,0,0,0,0,0,0,0
105.93787145623855,30.0,163.5,0.005121410001564,94.10000610351562,94.10000610351562,0,0,0,1,0,0,0,0,0,0,0,0,1,0,0,0,0,0,0,0,0
226.55584374154225,30.0,173.0,0.006447107251739,94.10000610351562,94.10000610351562,0,0,0,1,0,0,0,0,0,0,0,0,1,0,0,0,0,0,0,0,0
105.93787145623855,30.0,163.5,0.005121410001564,94.10000610351562,94.10000610351562,0,0,0,1,0,0,0,0,0,0,0,0,1,0,0,0,0,0,0,0,0
151.36056169365796,30.0,155.0,0.0042825902668985,94.10000610351562,94.10000610351562,0,0,0,1,0,0,0,0,0,0,0,0,1,0,0,0,0,0,0,0,0
67.87624960867404,33.595391008689084,156.5,0.0043202631427161,94.10000610351562,94.10000610351562,0,0,0,1,0,0,0,0,0,0,0,0,1,0,0,0,0,0,0,0,0
151.36056169365796,30.0,155.0,0.0042825902668985,94.10000610351562,94.10000610351562,0,0,0,1,0,0,0,0,0,0,0,0,1,0,0,0,0,0,0,0,0
61.19555928468522,30.0,169.5,0.0059417235469578,94.10000610351562,94.10000610351562,0,0,0,1,0,0,0,0,0,0,0,0,1,0,0,0,0,0,0,0,0
226.5558437415422,30.0,173.0,0.006447107251739,94.10000610351562,94.10000610351562,0,0,0,1,0,0,0,0,0,0,0,0,1,0,0,0,0,0,0,0,0
67.87624960867404,33.595391008689084,156.5,0.0043202631427161,94.10000610351562,94.10000610351562,0,0,0,1,0,0,0,0,0,0,0,0,1,0,0,0,0,0,0,0,0
67.08536797208316,30.0,209.0,0.0090871661223547,78.69999694824219,78.69999694824219,0,0,0,1,0,0,0,0,0,0,0,0,1,0,0,0,0,0,0,0,0
107.7898780948382,33.595391008689084,219.0,0.0098271238787544,78.69999694824219,78.69999694824219,0,0,0,1,0,0,0,0,0,0,0,0,1,0,0,0,0,0,0,0,0
623.4944335731393,33.595391008689084,220.5,0.0115562549143717,78.69999694824219,78.69999694824219,1,0,0,1,0,0,0,0,0,0,0,0,1,0,0,0,0,0,0,0,0
67.64330562765038,30.0,226.0,0.0142237804207766,78.40000915527344,78.40000915527344,0,0,0,1,0,0,0,0,0,0,0,0,1,0,0,0,0,0,0,0,0
623.4944335731392,33.595391008689084,220.5,0.0115562549143717,78.69999694824219,78.69999694824219,1,0,0,1,0,0,0,0,0,0,0,0,1,0,0,0,0,0,0,0,0
95.97588592964026,33.595391008689084,232.0,0.0139463591344432,78.40000915527344,78.40000915527344,0,0,0,1,0,0,0,0,0,0,0,0,1,0,0,0,0,0,0,0,0
107.7898780948382,33.595391008689084,219.0,0.0098271238787544,78.69999694824219,78.69999694824219,0,0,0,1,0,0,0,0,0,0,0,0,1,0,0,0,0,0,0,0,0
74.3432462210553,50.0,225.0,0.0104208172142177,78.69999694824219,78.69999694824219,0,0,0,1,0,0,0,0,0,0,1,0,0,0,0,0,0,0,0,0,0
87.73395521265745,50.0,226.0,0.0107825422806332,78.69999694824219,78.69999694824219,0,0,0,1,0,0,0,0,0,0,1,0,0,0,0,0,0,0,0,0,0
99.75263863757723,33.595391008689084,198.0,0.0098805555827831,78.69999694824219,78.69999694824219,0,0,0,1,0,0,0,0,0,0,0,0,1,0,0,0,0,0,0,0,0
35.81345789275391,50.0,193.0,0.009634267780667,94.10000610351562,94.10000610351562,0,0,0,1,0,0,0,0,0,0,0,0,1,0,0,0,0,0,0,0,0
130.64478902268775,30.0,201.0,0.010299900303971,94.10000610351562,94.10000610351562,0,0,0,1,0,0,0,0,0,0,0,0,1,0,0,0,0,0,0,0,0
99.75263863757723,33.595391008689084,198.0,0.0098805555827831,78.69999694824219,78.69999694824219,0,0,0,1,0,0,0,0,0,0,0,0,1,0,0,0,0,0,0,0,0
94.38150235570605,33.595391008689084,223.0,0.0110317090079107,78.69999694824219,78.69999694824219,0,0,0,1,0,0,0,0,0,0,0,0,1,0,0,0,0,0,0,0,0
68.43512715547561,33.595391008689084,226.0,0.01057425531069,78.69999694824219,78.69999694824219,0,0,0,1,0,0,0,0,0,0,0,0,1,0,0,0,0,0,0,0,0
40.32962914670033,50.0,220.0,0.0104349204989845,78.69999694824219,78.69999694824219,0,0,0,1,0,0,0,0,0,0,1,0,0,0,0,0,0,0,0,0,0
68.43512715547561,33.595391008689084,226.0,0.01057425531069,78.69999694824219,78.69999694824219,0,0,0,1,0,0,0,0,0,0,0,0,1,0,0,0,0,0,0,0,0
74.3432462210553,50.0,225.0,0.0104208172142177,78.69999694824219,78.69999694824219,0,0,0,1,0,0,0,0,0,0,1,0,0,0,0,0,0,0,0,0,0
102.49627543033183,33.595391008689084,227.0,0.0112205383555293,78.69999694824219,78.69999694824219,0,0,0,1,0,0,0,0,0,0,0,0,1,0,0,0,0,0,0,0,0
742.8434950639959,70.0,265.0,0.0164394604633399,78.40000915527344,78.40000915527344,0,0,0,1,0,0,0,0,0,0,1,0,0,0,0,0,0,0,0,0,0
67.64330562765038,30.0,226.0,0.0142237804207766,78.40000915527344,78.40000915527344,0,0,0,1,0,0,0,0,0,0,0,0,1,0,0,0,0,0,0,0,0
105.851846305892,30.0,261.5,0.0531577567832104,78.69999694824219,78.69999694824219,0,0,0,1,0,0,0,0,0,0,0,0,1,0,0,0,0,0,0,0,0
186.86345108565789,30.0,260.0,0.0506432766131759,78.69999694824219,78.69999694824219,0,0,0,1,0,0,0,0,0,0,0,0,1,0,0,0,0,0,0,0,0
63.644622012064936,30.0,253.5,0.0498184695412135,78.69999694824219,78.69999694824219,0,0,0,1,0,0,0,0,0,0,0,0,1,0,0,0,0,0,0,0,0
37.64493985819567,30.0,257.0,0.049877168783369,78.69999694824219,78.69999694824219,0,0,0,1,0,0,0,0,0,0,0,0,1,0,0,0,0,0,0,0,0
187.9723866145326,30.0,263.5,0.0517516941442004,78.69999694824219,78.69999694824219,0,0,0,1,0,0,0,0,0,0,0,0,1,0,0,0,0,0,0,0,0
257.18073801303166,30.0,259.5,0.0521215490684132,78.69999694824219,78.69999694824219,0,0,0,1,0,0,0,0,0,0,0,0,1,0,0,0,0,0,0,0,0
108.35153061234163,30.0,264.0,0.0523542706039396,78.69999694824219,78.69999694824219,0,0,0,1,0,0,0,0,0,0,0,0,1,0,0,0,0,0,0,0,0
108.35153061234163,30.0,264.0,0.0523542706039396,78.69999694824219,78.69999694824219,0,0,0,1,0,0,0,0,0,0,0,0,1,0,0,0,0,0,0,0,0
376.6862350749917,30.0,263.5,0.0514497200690205,78.69999694824219,78.69999694824219,0,0,0,1,0,0,0,0,0,0,0,0,1,0,0,0,0,0,0,0,0
73.95531987777926,30.0,261.5,0.0528653170165091,78.69999694824219,78.69999694824219,0,0,0,1,0,0,0,0,0,0,0,0,1,0,0,0,0,0,0,0,0
22.141240835665972,30.0,259.0,0.0532715593146429,78.69999694824219,78.69999694824219,0,0,0,1,0,0,0,0,0,0,0,0,1,0,0,0,0,0,0,0,0
105.85184630589202,30.0,261.5,0.0531577567832104,78.69999694824219,78.69999694824219,0,0,0,1,0,0,0,0,0,0,0,0,1,0,0,0,0,0,0,0,0
73.95531987777926,30.0,261.5,0.0528653170165091,78.69999694824219,78.69999694824219,0,0,0,1,0,0,0,0,0,0,0,0,1,0,0,0,0,0,0,0,0
270.8914164342179,30.0,251.0,0.0533094555044248,78.69999694824219,78.69999694824219,0,0,0,1,0,0,0,0,0,0,0,0,1,0,0,0,0,0,0,0,0
143.6416579548166,30.0,260.0,0.0500810357794745,78.69999694824219,78.69999694824219,0,0,0,1,0,0,0,0,0,0,0,0,1,0,0,0,0,0,0,0,0
376.68623507499177,30.0,263.5,0.0514497200690205,78.69999694824219,78.69999694824219,0,0,0,1,0,0,0,0,0,0,0,0,1,0,0,0,0,0,0,0,0
118.18300780287782,30.0,263.0,0.0508471436092814,78.69999694824219,78.69999694824219,0,0,0,1,0,0,0,0,0,0,0,0,1,0,0,0,0,0,0,0,0
37.64493985819566,30.0,257.0,0.049877168783369,78.69999694824219,78.69999694824219,0,0,0,1,0,0,0,0,0,0,0,0,1,0,0,0,0,0,0,0,0
143.64165795481662,30.0,260.0,0.0500810357794745,78.69999694824219,78.69999694824219,0,0,0,1,0,0,0,0,0,0,0,0,1,0,0,0,0,0,0,0,0
47.752494494729184,30.0,256.0,0.0496156920296041,78.69999694824219,78.69999694824219,0,0,0,1,0,0,0,0,0,0,0,0,1,0,0,0,0,0,0,0,0
276.8035957208372,30.0,239.0,0.0540402947305153,78.69999694824219,78.69999694824219,0,0,0,1,0,0,0,0,0,0,0,0,1,0,0,0,0,0,0,0,0
93.83876262028971,30.0,245.0,0.0514545891993747,78.69999694824219,78.69999694824219,0,0,0,1,0,0,0,0,0,0,0,0,1,0,0,0,0,0,0,0,0
20.21980769981788,30.0,250.0,0.0497820107055813,78.69999694824219,78.69999694824219,0,0,0,1,0,0,0,0,0,0,0,0,0,0,0,0,1,0,0,0,0
316.0730763407346,40.0,248.0,0.0484275720496154,78.69999694824219,78.69999694824219,0,0,0,1,0,0,0,0,0,0,0,0,0,0,0,0,1,0,0,0,0
63.64462201206493,30.0,253.5,0.0498184695412135,78.69999694824219,78.69999694824219,0,0,0,1,0,0,0,0,0,0,0,0,1,0,0,0,0,0,0,0,0
148.85662167367525,50.0,247.5,0.0449561584250993,78.69999694824219,78.69999694824219,0,0,0,1,0,0,0,0,0,0,0,0,1,0,0,0,0,0,0,0,0
95.21839417743604,50.0,240.0,0.0459331389537901,78.69999694824219,78.69999694824219,0,0,0,1,0,0,0,0,0,0,0,0,1,0,0,0,0,0,0,0,0
240.66928465860545,33.595391008689084,245.0,0.0471468296498357,78.69999694824219,78.69999694824219,0,0,0,1,0,0,0,0,0,0,0,0,1,0,0,0,0,0,0,0,0
14.20286289948732,50.0,251.0,0.0434239015109318,78.69999694824219,78.69999694824219,0,0,0,1,0,0,0,0,0,0,0,0,1,0,0,0,0,0,0,0,0
67.43975794906494,15.5531914893617,249.5,0.0433548889813967,78.69999694824219,78.69999694824219,0,0,0,1,0,1,0,0,0,0,0,0,0,0,0,0,0,0,0,0,0
64.24840185509859,50.0,251.5,0.0429004919086023,78.69999694824219,78.69999694824219,0,0,0,1,0,0,0,0,0,0,0,0,1,0,0,0,0,0,0,0,0
67.43975794906495,15.5531914893617,249.5,0.0433548889813967,78.69999694824219,78.69999694824219,0,0,0,1,0,1,0,0,0,0,0,0,0,0,0,0,0,0,0,0,0
43.18908111729511,15.5531914893617,252.5,0.0403318731563077,78.69999694824219,78.69999694824219,0,0,0,1,0,1,0,0,0,0,0,0,0,0,0,0,0,0,0,0,0
24.89703790235318,50.0,252.0,0.0405188856463305,78.69999694824219,78.69999694824219,0,0,0,1,0,0,0,0,0,0,0,0,1,0,0,0,0,0,0,0,0
93.98670182683166,50.0,253.0,0.0397356486645135,78.69999694824219,78.69999694824219,0,0,0,1,0,0,0,0,0,0,0,0,1,0,0,0,0,0,0,0,0
8.050671710972631,15.5531914893617,251.0,0.0414488959809123,78.69999694824219,78.69999694824219,0,0,0,1,0,1,0,0,0,0,0,0,0,0,0,0,0,0,0,0,0
26.168670624428103,15.5531914893617,251.0,0.041354697881259,78.69999694824219,78.69999694824219,0,0,0,1,0,1,0,0,0,0,0,0,0,0,0,0,0,0,0,0,0
80.12748239922487,15.5531914893617,249.0,0.0419393766255307,78.69999694824219,78.69999694824219,0,0,0,1,0,1,0,0,0,0,0,0,0,0,0,0,0,0,0,0,0
35.37674837079477,15.5531914893617,247.0,0.0421614723671144,78.69999694824219,78.69999694824219,0,0,0,1,0,1,0,0,0,0,0,0,0,0,0,0,0,0,0,0,0
79.14922617093117,15.5531914893617,243.0,0.042768974963848,78.69999694824219,78.69999694824219,0,0,0,1,0,1,0,0,0,0,0,0,0,0,0,0,0,0,0,0,0
80.12748239922487,15.5531914893617,249.0,0.0419393766255307,78.69999694824219,78.69999694824219,0,0,0,1,0,1,0,0,0,0,0,0,0,0,0,0,0,0,0,0,0
25.519314935891085,15.5531914893617,239.0,0.0432056668601245,78.69999694824219,78.69999694824219,0,0,0,1,0,1,0,0,0,0,0,0,0,0,0,0,0,0,0,0,0
37.66358686949258,15.5531914893617,241.5,0.0432946097092007,78.69999694824219,78.69999694824219,0,0,0,1,0,1,0,0,0,0,0,0,0,0,0,0,0,0,0,0,0
79.14922617093116,15.5531914893617,243.0,0.042768974963848,78.69999694824219,78.69999694824219,0,0,0,1,0,1,0,0,0,0,0,0,0,0,0,0,0,0,0,0,0
35.37674837079477,15.5531914893617,247.0,0.0421614723671144,78.69999694824219,78.69999694824219,0,0,0,1,0,1,0,0,0,0,0,0,0,0,0,0,0,0,0,0,0
26.168670624428103,15.5531914893617,251.0,0.041354697881259,78.69999694824219,78.69999694824219,0,0,0,1,0,1,0,0,0,0,0,0,0,0,0,0,0,0,0,0,0
5.050435999803134,50.0,252.0,0.0424381652428009,78.69999694824219,78.69999694824219,0,0,0,1,0,0,0,0,0,0,0,0,1,0,0,0,0,0,0,0,0
47.1009207327904,15.5531914893617,251.0,0.0425113422589013,78.69999694824219,78.69999694824219,0,0,0,1,0,1,0,0,0,0,0,0,0,0,0,0,0,0,0,0,0
64.24840185509859,50.0,251.5,0.0429004919086023,78.69999694824219,78.69999694824219,0,0,0,1,0,0,0,0,0,0,0,0,1,0,0,0,0,0,0,0,0
47.100920732790414,15.5531914893617,251.0,0.0425113422589013,78.69999694824219,78.69999694824219,0,0,0,1,0,1,0,0,0,0,0,0,0,0,0,0,0,0,0,0,0
37.66358686949258,15.5531914893617,241.5,0.0432946097092007,78.69999694824219,78.69999694824219,0,0,0,1,0,1,0,0,0,0,0,0,0,0,0,0,0,0,0,0,0
8.050671710972631,15.5531914893617,251.0,0.0414488959809123,78.69999694824219,78.69999694824219,0,0,0,1,0,1,0,0,0,0,0,0,0,0,0,0,0,0,0,0,0
25.91673278634927,15.5531914893617,251.0,0.0414839817387036,78.69999694824219,78.69999694824219,0,0,0,1,0,1,0,0,0,0,0,0,0,0,0,0,0,0,0,0,0
92.34418793869534,15.5531914893617,252.0,0.0408550663974782,78.69999694824219,78.69999694824219,0,0,0,1,0,1,0,0,0,0,0,0,0,0,0,0,0,0,0,0,0
25.91673278634927,15.5531914893617,251.0,0.0414839817387036,78.69999694824219,78.69999694824219,0,0,0,1,0,1,0,0,0,0,0,0,0,0,0,0,0,0,0,0,0
158.47564644552597,33.595391008689084,264.0,0.0369978919536965,78.69999694824219,78.69999694824219,0,0,0,1,0,0,0,0,0,0,0,0,1,0,0,0,0,0,0,0,0
97.681951394691,33.595391008689084,272.0,0.035670899342708,78.69999694824219,78.69999694824219,0,0,0,1,0,0,0,0,0,0,0,0,1,0,0,0,0,0,0,0,0
92.51396726047932,40.0,259.5,0.0425329700021877,78.69999694824219,78.69999694824219,0,0,0,1,0,0,0,0,0,0,0,0,0,0,0,0,1,0,0,0,0
49.06376990799777,15.5531914893617,257.0,0.0433275871164959,78.69999694824219,78.69999694824219,0,0,0,1,0,1,0,0,0,0,0,0,0,0,0,0,0,0,0,0,0
113.60224719493851,30.0,263.0,0.043547735582605,78.69999694824219,78.69999694824219,0,0,0,1,0,0,0,0,0,0,0,0,0,0,0,0,1,0,0,0,0
14.669943501846388,40.0,260.5,0.0419340387574754,78.69999694824219,78.69999694824219,0,0,0,1,0,0,0,0,0,0,0,0,0,0,0,0,1,0,0,0,0
92.51396726047932,40.0,259.5,0.0425329700021877,78.69999694824219,78.69999694824219,0,0,0,1,0,0,0,0,0,0,0,0,0,0,0,0,1,0,0,0,0
68.8549860379611,30.0,254.0,0.0421816535161687,78.69999694824219,78.69999694824219,0,0,0,1,0,0,0,0,0,0,0,0,1,0,0,0,0,0,0,0,0
120.47840915475076,40.0,262.5,0.0411892100808543,78.69999694824219,78.69999694824219,0,0,0,1,0,0,0,0,0,0,0,0,0,0,0,0,1,0,0,0,0
169.331140550519,30.0,266.5,0.0397128482626955,78.69999694824219,78.69999694824219,0,0,0,1,0,0,0,0,0,0,0,0,1,0,0,0,0,0,0,0,0
157.68626788124675,40.0,254.5,0.040235806986431,78.69999694824219,78.69999694824219,0,0,0,1,0,0,0,0,0,0,0,0,0,0,0,0,1,0,0,0,0
249.9670529488693,30.0,242.5,0.0413930156174671,78.69999694824219,78.69999694824219,0,0,0,1,0,0,0,0,0,0,0,0,1,0,0,0,0,0,0,0,0
215.14822735062788,50.0,251.0,0.0395313249424433,78.69999694824219,78.69999694824219,0,0,0,1,0,0,0,0,0,0,0,0,0,0,0,0,1,0,0,0,0
157.68626788124675,40.0,254.5,0.040235806986431,78.69999694824219,78.69999694824219,0,0,0,1,0,0,0,0,0,0,0,0,0,0,0,0,1,0,0,0,0
40.923546080214535,30.0,274.0,0.0387525108824188,78.69999694824219,78.69999694824219,0,0,0,1,0,0,0,0,0,0,0,0,1,0,0,0,0,0,0,0,0
229.6314550861647,30.0,274.0,0.0401200197363578,78.69999694824219,78.69999694824219,0,0,0,1,0,0,0,0,0,0,0,0,1,0,0,0,0,0,0,0,0
169.33114055051902,30.0,266.5,0.0397128482626955,78.69999694824219,78.69999694824219,0,0,0,1,0,0,0,0,0,0,0,0,1,0,0,0,0,0,0,0,0
112.65562435971763,33.595391008689084,277.0,0.042038648531118,78.69999694824219,78.69999694824219,0,0,0,1,0,0,0,0,0,0,0,0,1,0,0,0,0,0,0,0,0
183.8493588909685,30.0,274.0,0.0438938208747936,78.69999694824219,78.69999694824219,0,0,0,1,0,0,0,0,0,0,0,0,1,0,0,0,0,0,0,0,0
130.87459833832972,30.0,275.5,0.0420511230225499,78.69999694824219,78.69999694824219,0,0,0,1,0,0,0,0,0,0,0,0,1,0,0,0,0,0,0,0,0
112.65562435971763,33.595391008689084,277.0,0.042038648531118,78.69999694824219,78.69999694824219,0,0,0,1,0,0,0,0,0,0,0,0,1,0,0,0,0,0,0,0,0
183.8493588909685,30.0,274.0,0.0438938208747936,78.69999694824219,78.69999694824219,0,0,0,1,0,0,0,0,0,0,0,0,1,0,0,0,0,0,0,0,0
199.8156220293808,30.0,279.5,0.0461910923524377,78.69999694824219,78.69999694824219,0,0,0,1,0,0,0,0,0,0,0,0,0,0,0,0,1,0,0,0,0
94.73834959977064,30.0,268.5,0.0445367878085838,78.69999694824219,78.69999694824219,0,0,0,1,0,0,0,0,0,0,0,0,0,0,0,0,1,0,0,0,0
32.485255524601655,33.595391008689084,272.5,0.0414443499150318,78.69999694824219,78.69999694824219,0,0,0,1,0,0,0,0,0,0,0,0,1,0,0,0,0,0,0,0,0
130.87459833832972,30.0,275.5,0.0420511230225499,78.69999694824219,78.69999694824219,0,0,0,1,0,0,0,0,0,0,0,0,1,0,0,0,0,0,0,0,0
229.6314550861647,30.0,274.0,0.0401200197363578,78.69999694824219,78.69999694824219,0,0,0,1,0,0,0,0,0,0,0,0,1,0,0,0,0,0,0,0,0
14.669943501846388,40.0,260.5,0.0419340387574754,78.69999694824219,78.69999694824219,0,0,0,1,0,0,0,0,0,0,0,0,0,0,0,0,1,0,0,0,0
46.276596156718384,33.595391008689084,266.5,0.0416990642965845,78.69999694824219,78.69999694824219,0,0,0,1,0,0,0,0,0,0,0,0,1,0,0,0,0,0,0,0,0
120.47840915475076,40.0,262.5,0.0411892100808543,78.69999694824219,78.69999694824219,0,0,0,1,0,0,0,0,0,0,0,0,0,0,0,0,1,0,0,0,0
94.73684198680732,30.0,241.0,0.043392779165748,78.69999694824219,78.69999694824219,0,0,0,1,0,0,1,0,0,0,0,0,0,0,0,0,0,0,0,0,0
68.28737698714791,15.5531914893617,242.0,0.0443274220415792,78.69999694824219,78.69999694824219,0,0,0,1,0,1,0,0,0,0,0,0,0,0,0,0,0,0,0,0,0
101.64877182839588,15.5531914893617,248.5,0.0437750163256412,78.69999694824219,78.69999694824219,0,0,0,1,0,1,0,0,0,0,0,0,0,0,0,0,0,0,0,0,0
111.84008895700336,15.5531914893617,253.0,0.0443055359302971,78.69999694824219,78.69999694824219,0,0,0,1,0,1,0,0,0,0,0,0,0,0,0,0,0,0,0,0,0
49.06376990799777,15.5531914893617,257.0,0.0433275871164959,78.69999694824219,78.69999694824219,0,0,0,1,0,1,0,0,0,0,0,0,0,0,0,0,0,0,0,0,0
101.64877182839588,15.5531914893617,248.5,0.0437750163256412,78.69999694824219,78.69999694824219,0,0,0,1,0,1,0,0,0,0,0,0,0,0,0,0,0,0,0,0,0
37.91455123867273,30.0,251.0,0.0425561550859023,78.69999694824219,78.69999694824219,0,0,0,1,0,0,0,0,0,0,0,0,1,0,0,0,0,0,0,0,0
68.8549860379611,30.0,254.0,0.0421816535161687,78.69999694824219,78.69999694824219,0,0,0,1,0,0,0,0,0,0,0,0,1,0,0,0,0,0,0,0,0
63.799541679205056,30.0,244.0,0.0425940334705837,78.69999694824219,78.69999694824219,0,0,0,1,0,0,0,0,0,0,0,0,1,0,0,0,0,0,0,0,0
37.91455123867273,30.0,251.0,0.0425561550859023,78.69999694824219,78.69999694824219,0,0,0,1,0,0,0,0,0,0,0,0,1,0,0,0,0,0,0,0,0
63.79954167920505,30.0,244.0,0.0425940334705837,78.69999694824219,78.69999694824219,0,0,0,1,0,0,0,0,0,0,0,0,1,0,0,0,0,0,0,0,0
249.9670529488693,30.0,242.5,0.0413930156174671,78.69999694824219,78.69999694824219,0,0,0,1,0,0,0,0,0,0,0,0,1,0,0,0,0,0,0,0,0
94.73684198680736,30.0,241.0,0.043392779165748,78.69999694824219,78.69999694824219,0,0,0,1,0,0,0,0,0,0,0,0,0,1,0,0,0,0,0,0,0
172.2984985699622,30.0,247.5,0.0457389568174395,78.69999694824219,78.69999694824219,0,0,0,1,0,0,0,0,0,0,0,0,1,0,0,0,0,0,0,0,0
97.0158980728529,30.0,237.0,0.0449295605414285,78.69999694824219,78.69999694824219,0,0,0,1,0,0,0,0,0,0,0,0,1,0,0,0,0,0,0,0,0
68.2873769871479,15.5531914893617,242.0,0.0443274220415792,78.69999694824219,78.69999694824219,0,0,0,1,0,1,0,0,0,0,0,0,0,0,0,0,0,0,0,0,0
234.38578106235843,15.5531914893617,242.0,0.0470120496218578,78.69999694824219,78.69999694824219,0,0,0,1,0,0,1,0,0,0,0,0,0,0,0,0,0,0,0,0,0
64.31323343604436,30.0,241.5,0.046555843513532,78.69999694824219,78.69999694824219,0,0,0,1,0,0,0,0,0,0,0,0,1,0,0,0,0,0,0,0,0
79.37641410997628,30.0,236.5,0.0456578834565337,78.69999694824219,78.69999694824219,0,0,0,1,0,0,0,0,0,0,0,0,1,0,0,0,0,0,0,0,0
27.07965869320503,30.0,289.0,0.0482395206814082,78.69999694824219,78.69999694824219,0,0,0,1,0,0,0,0,0,0,0,0,1,0,0,0,0,0,0,0,0
31.8134697271962,30.0,289.0,0.0483136594361731,78.69999694824219,78.69999694824219,0,0,0,1,0,0,0,0,0,0,0,0,0,0,0,0,1,0,0,0,0
67.26912613717413,30.0,287.5,0.0477401795383022,78.69999694824219,78.69999694824219,0,0,0,1,0,0,0,0,0,0,0,0,0,0,0,0,1,0,0,0,0
277.082694353601,30.0,260.0,0.0454066995676106,78.69999694824219,78.69999694824219,0,0,0,1,0,0,0,0,0,0,0,0,1,0,0,0,0,0,0,0,0
94.7383495997706,30.0,268.5,0.0445367878085838,78.69999694824219,78.69999694824219,0,0,0,1,0,0,0,0,0,0,0,0,0,0,0,0,1,0,0,0,0
113.60224719493851,30.0,263.0,0.043547735582605,78.69999694824219,78.69999694824219,0,0,0,1,0,0,0,0,0,0,0,0,0,0,0,0,1,0,0,0,0
277.0826943536011,30.0,260.0,0.0454066995676106,78.69999694824219,78.69999694824219,0,0,0,1,0,0,0,0,0,0,0,0,1,0,0,0,0,0,0,0,0
172.29849856996216,30.0,247.5,0.0457389568174395,78.69999694824219,78.69999694824219,0,0,0,1,0,0,0,0,0,0,0,0,1,0,0,0,0,0,0,0,0
163.15389681130063,30.0,255.0,0.0478200689941364,78.69999694824219,78.69999694824219,0,0,0,1,0,0,0,0,0,0,0,0,1,0,0,0,0,0,0,0,0
39.255455420921066,30.0,252.5,0.0491268830186666,78.69999694824219,78.69999694824219,0,0,0,1,0,0,0,0,0,0,0,0,1,0,0,0,0,0,0,0,0
39.255455420921066,30.0,252.5,0.0491268830186666,78.69999694824219,78.69999694824219,0,0,0,1,0,0,0,0,0,0,0,0,1,0,0,0,0,0,0,0,0
163.15389681130063,30.0,255.0,0.0478200689941364,78.69999694824219,78.69999694824219,0,0,0,1,0,0,0,0,0,0,0,0,1,0,0,0,0,0,0,0,0
144.10174786217846,30.0,252.0,0.048536868756,78.69999694824219,78.69999694824219,0,0,0,1,0,0,0,0,0,0,0,0,1,0,0,0,0,0,0,0,0
160.04640724342508,30.0,260.0,0.0485933494405891,78.69999694824219,78.69999694824219,0,0,0,1,0,0,0,0,0,0,0,0,1,0,0,0,0,0,0,0,0
34.97271160414472,33.595391008689084,246.5,0.046844461177486,78.69999694824219,78.69999694824219,0,0,0,1,0,0,0,0,0,0,0,0,1,0,0,0,0,0,0,0,0
64.31323343604436,30.0,241.5,0.046555843513532,78.69999694824219,78.69999694824219,0,0,0,1,0,0,0,0,0,0,0,0,1,0,0,0,0,0,0,0,0
57.75908187312039,30.0,245.5,0.0473208260753439,78.69999694824219,78.69999694824219,0,0,0,1,0,0,0,0,0,0,0,0,1,0,0,0,0,0,0,0,0
75.10623229007149,33.595391008689084,249.5,0.0474928112033213,78.69999694824219,78.69999694824219,0,0,0,1,0,0,0,0,0,0,0,0,1,0,0,0,0,0,0,0,0
64.2978034993705,15.5531914893617,268.0,0.0487955808453526,78.69999694824219,78.69999694824219,0,0,0,1,0,1,0,0,0,0,0,0,0,0,0,0,0,0,0,0,0
25.27413575680237,15.5531914893617,272.5,0.0486874125414876,78.69999694824219,78.69999694824219,0,0,0,1,0,1,0,0,0,0,0,0,0,0,0,0,0,0,0,0,0
285.4122081391804,15.5531914893617,280.0,0.0486491049152523,78.69999694824219,78.69999694824219,0,0,0,1,0,1,0,0,0,0,0,0,0,0,0,0,0,0,0,0,0
44.68179249952091,30.0,280.0,0.0486491049152523,78.69999694824219,78.69999694824219,0,0,0,1,0,0,0,0,0,0,0,0,1,0,0,0,0,0,0,0,0
27.792900905295745,30.0,284.5,0.0484733460642244,78.69999694824219,78.69999694824219,0,0,0,1,0,0,0,0,0,0,0,0,1,0,0,0,0,0,0,0,0
39.77468318950575,30.0,277.0,0.0486200334947685,78.69999694824219,78.69999694824219,0,0,0,1,0,0,0,0,0,0,0,0,1,0,0,0,0,0,0,0,0
44.68179249952091,30.0,280.0,0.0486491049152523,78.69999694824219,78.69999694824219,0,0,0,1,0,0,0,0,0,0,0,0,1,0,0,0,0,0,0,0,0
285.4122081391804,15.5531914893617,280.0,0.0486491049152523,78.69999694824219,78.69999694824219,0,0,0,1,0,1,0,0,0,0,0,0,0,0,0,0,0,0,0,0,0
160.04640724342508,30.0,260.0,0.0485933494405891,78.69999694824219,78.69999694824219,0,0,0,1,0,0,0,0,0,0,0,0,1,0,0,0,0,0,0,0,0
48.1498046988359,30.0,267.5,0.0483504053398989,78.69999694824219,78.69999694824219,0,0,0,1,0,0,0,0,0,0,0,0,1,0,0,0,0,0,0,0,0
83.46340928264354,15.5531914893617,264.0,0.0477823171999773,78.69999694824219,78.69999694824219,0,0,0,1,0,1,0,0,0,0,0,0,0,0,0,0,0,0,0,0,0
14.082649065867804,30.0,271.5,0.0485093209645284,78.69999694824219,78.69999694824219,0,0,0,1,0,0,0,0,0,0,0,0,1,0,0,0,0,0,0,0,0
39.77468318950575,30.0,277.0,0.0486200334947685,78.69999694824219,78.69999694824219,0,0,0,1,0,0,0,0,0,0,0,0,1,0,0,0,0,0,0,0,0
25.27413575680237,15.5531914893617,272.5,0.0486874125414876,78.69999694824219,78.69999694824219,0,0,0,1,0,1,0,0,0,0,0,0,0,0,0,0,0,0,0,0,0
93.84592839454248,15.5531914893617,261.0,0.047619747544661,78.69999694824219,78.69999694824219,0,0,0,1,0,1,0,0,0,0,0,0,0,0,0,0,0,0,0,0,0
83.46340928264354,15.5531914893617,264.0,0.0477823171999773,78.69999694824219,78.69999694824219,0,0,0,1,0,1,0,0,0,0,0,0,0,0,0,0,0,0,0,0,0
289.33158638809084,15.5531914893617,265.5,0.0478675419333779,78.69999694824219,78.69999694824219,0,0,0,1,0,1,0,0,0,0,0,0,0,0,0,0,0,0,0,0,0
93.84592839454248,15.5531914893617,261.0,0.047619747544661,78.69999694824219,78.69999694824219,0,0,0,1,0,1,0,0,0,0,0,0,0,0,0,0,0,0,0,0,0
48.1498046988359,30.0,267.5,0.0483504053398989,78.69999694824219,78.69999694824219,0,0,0,1,0,0,0,0,0,0,0,0,1,0,0,0,0,0,0,0,0
27.58894906096818,30.0,269.0,0.0484356300732994,78.69999694824219,78.69999694824219,0,0,0,1,0,0,0,0,0,0,0,0,1,0,0,0,0,0,0,0,0
64.2978034993705,15.5531914893617,268.0,0.0487955808453526,78.69999694824219,78.69999694824219,0,0,0,1,0,1,0,0,0,0,0,0,0,0,0,0,0,0,0,0,0
14.082649065867804,30.0,271.5,0.0485093209645284,78.69999694824219,78.69999694824219,0,0,0,1,0,0,0,0,0,0,0,0,1,0,0,0,0,0,0,0,0
27.58894906096818,30.0,269.0,0.0484356300732994,78.69999694824219,78.69999694824219,0,0,0,1,0,0,0,0,0,0,0,0,1,0,0,0,0,0,0,0,0
289.3315863880908,15.5531914893617,265.5,0.0478675419333779,78.69999694824219,78.69999694824219,0,0,0,1,0,1,0,0,0,0,0,0,0,0,0,0,0,0,0,0,0
113.78382621019438,30.0,199.0,0.0481762983852594,78.69999694824219,78.69999694824219,0,0,0,1,0,1,0,0,0,0,0,0,0,0,0,0,0,0,0,0,0
113.78382621019436,30.0,199.0,0.0481762983852594,78.69999694824219,78.69999694824219,0,0,0,1,0,1,0,0,0,0,0,0,0,0,0,0,0,0,0,0,0
526.5005552691467,50.0,218.0,0.0468864132793472,78.69999694824219,78.69999694824219,0,0,0,1,0,0,0,0,0,0,0,0,1,0,0,0,0,0,0,0,0
186.903273088792,50.0,197.5,0.0474110330434405,78.69999694824219,78.69999694824219,0,0,0,1,0,0,0,0,0,0,0,0,1,0,0,0,0,0,0,0,0
374.43465966206657,50.0,181.0,0.0231478285821787,78.69999694824219,78.69999694824219,0,0,0,1,0,0,0,0,0,0,0,0,0,0,0,0,1,0,0,0,0
92.42190675633614,50.0,192.5,0.0245469559375008,78.69999694824219,78.69999694824219,0,0,0,1,0,0,0,0,0,0,0,0,0,0,0,0,1,0,0,0,0
100.96016845160386,30.0,191.0,0.0248689119791471,78.69999694824219,78.69999694824219,0,0,0,1,0,0,0,0,0,0,0,0,1,0,0,0,0,0,0,0,0
132.4795458368976,30.0,190.5,0.026028011739089,78.69999694824219,78.69999694824219,0,0,0,1,0,0,0,0,0,0,0,0,1,0,0,0,0,0,0,0,0
100.96016845160386,30.0,191.0,0.0248689119791471,78.69999694824219,78.69999694824219,0,0,0,1,0,0,0,0,0,0,0,0,1,0,0,0,0,0,0,0,0
89.52212434491005,30.0,195.5,0.0255565213155585,78.69999694824219,78.69999694824219,0,0,0,1,0,0,0,0,0,0,0,0,1,0,0,0,0,0,0,0,0
132.4795458368976,30.0,190.5,0.026028011739089,78.69999694824219,78.69999694824219,0,0,0,1,0,0,0,0,0,0,0,0,1,0,0,0,0,0,0,0,0
103.13279160361232,30.0,203.5,0.0257642509218205,78.69999694824219,78.69999694824219,0,0,0,1,0,0,0,0,0,0,0,0,1,0,0,0,0,0,0,0,0
89.52212434491005,30.0,195.5,0.0255565213155585,78.69999694824219,78.69999694824219,0,0,0,1,0,0,0,0,0,0,0,0,1,0,0,0,0,0,0,0,0
110.51741255310304,30.0,199.5,0.0257183702605988,78.69999694824219,78.69999694824219,0,0,0,1,0,0,0,0,0,0,0,0,1,0,0,0,0,0,0,0,0
65.62932461089564,30.0,198.5,0.0261832696362492,78.69999694824219,78.69999694824219,0,0,0,1,0,0,0,0,0,0,0,0,1,0,0,0,0,0,0,0,0
65.62932461089564,30.0,198.5,0.0261832696362492,78.69999694824219,78.69999694824219,0,0,0,1,0,0,0,0,0,0,0,0,1,0,0,0,0,0,0,0,0
61.65803027090161,30.0,202.0,0.0260343991289749,78.69999694824219,78.69999694824219,0,0,0,1,0,0,0,0,0,0,0,0,1,0,0,0,0,0,0,0,0
110.51741255310304,30.0,199.5,0.0257183702605988,78.69999694824219,78.69999694824219,0,0,0,1,0,0,0,0,0,0,0,0,1,0,0,0,0,0,0,0,0
103.13279160361232,30.0,203.5,0.0257642509218205,78.69999694824219,78.69999694824219,0,0,0,1,0,0,0,0,0,0,0,0,1,0,0,0,0,0,0,0,0
61.65803027090161,30.0,202.0,0.0260343991289749,78.69999694824219,78.69999694824219,0,0,0,1,0,0,0,0,0,0,0,0,1,0,0,0,0,0,0,0,0
124.1980886460189,30.0,261.0,0.0323593083247139,78.69999694824219,78.69999694824219,0,0,0,1,0,0,0,0,0,0,0,0,1,0,0,0,0,0,0,0,0
44.13633262807146,30.0,262.0,0.0313469984610074,78.69999694824219,78.69999694824219,0,0,0,1,0,0,0,0,0,0,0,0,1,0,0,0,0,0,0,0,0
124.1980886460189,30.0,261.0,0.0323593083247139,78.69999694824219,78.69999694824219,0,0,0,1,0,0,0,0,0,0,0,0,1,0,0,0,0,0,0,0,0
51.13222551472644,30.0,262.0,0.0316890327819441,78.69999694824219,78.69999694824219,0,0,0,1,0,0,0,0,0,0,0,0,1,0,0,0,0,0,0,0,0
44.13633262807147,30.0,262.0,0.0313469984610074,78.69999694824219,78.69999694824219,0,0,0,1,0,0,0,0,0,0,0,0,1,0,0,0,0,0,0,0,0
141.3102832769114,50.0,260.5,0.0302921663638048,78.69999694824219,78.69999694824219,0,0,0,1,0,0,0,0,0,0,0,0,0,0,0,0,1,0,0,0,0
93.1436037978454,50.0,261.0,0.0314524292607687,78.69999694824219,78.69999694824219,0,0,0,1,0,0,0,0,0,0,0,0,0,0,0,0,1,0,0,0,0
51.13222551472644,30.0,262.0,0.0316890327819441,78.69999694824219,78.69999694824219,0,0,0,1,0,0,0,0,0,0,0,0,1,0,0,0,0,0,0,0,0
135.2520857551889,30.0,257.0,0.0335002392736612,78.69999694824219,78.69999694824219,0,0,0,1,0,0,0,0,0,0,0,0,1,0,0,0,0,0,0,0,0
172.40243490061715,30.0,251.0,0.0344511985095318,78.69999694824219,78.69999694824219,0,0,0,1,0,0,0,0,0,0,0,0,1,0,0,0,0,0,0,0,0
10.202713873249564,30.0,253.0,0.033818528346256,78.69999694824219,78.69999694824219,0,0,0,1,0,0,0,0,0,0,0,0,0,0,0,0,1,0,0,0,0
172.40243490061718,30.0,251.0,0.0344511985095318,78.69999694824219,78.69999694824219,0,0,0,1,0,0,0,0,0,0,0,0,1,0,0,0,0,0,0,0,0
142.87145540145312,40.0,255.0,0.0335898864205098,78.69999694824219,78.69999694824219,0,0,0,1,0,0,0,0,0,0,0,0,0,0,0,0,1,0,0,0,0
32.43702150543927,30.0,246.0,0.0329511988837138,78.69999694824219,78.69999694824219,0,0,0,1,0,0,0,0,0,0,0,0,1,0,0,0,0,0,0,0,0
79.8268899298503,30.0,247.5,0.0329384277813665,78.69999694824219,78.69999694824219,0,0,0,1,0,0,0,0,0,0,0,0,1,0,0,0,0,0,0,0,0
109.70743041115988,30.0,244.0,0.0322042245758245,78.69999694824219,78.69999694824219,0,0,0,1,0,0,0,0,0,0,0,0,1,0,0,0,0,0,0,0,0
43.08049370517194,30.0,259.0,0.0298997282241853,78.69999694824219,78.69999694824219,0,0,0,1,0,0,0,0,0,0,0,0,1,0,0,0,0,0,0,0,0
107.92934386247582,30.0,253.5,0.0303764864697958,78.69999694824219,78.69999694824219,0,0,0,1,0,0,0,0,0,0,0,0,1,0,0,0,0,0,0,0,0
107.92934386247582,30.0,253.5,0.0303764864697958,78.69999694824219,78.69999694824219,0,0,0,1,0,0,0,0,0,0,0,0,1,0,0,0,0,0,0,0,0
166.07745879160626,30.0,253.5,0.0307960079999612,78.69999694824219,78.69999694824219,0,0,0,1,0,0,0,0,0,0,0,0,1,0,0,0,0,0,0,0,0
76.0246071965039,30.0,257.5,0.0312756366176673,78.69999694824219,78.69999694824219,0,0,0,1,0,0,0,0,0,0,0,0,1,0,0,0,0,0,0,0,0
62.56245512718348,50.0,129.5,0.0021283527500145,74.4000015258789,74.4000015258789,0,0,1,0,0,0,0,0,0,0,1,0,0,0,0,0,0,0,0,0,0
186.69082061548625,50.0,129.0,0.0023907261519732,74.4000015258789,74.4000015258789,0,0,1,0,0,0,0,0,0,0,1,0,0,0,0,0,0,0,0,0,0
143.32954145705492,50.0,129.5,0.0026290028177321,74.4000015258789,74.4000015258789,0,0,1,0,0,0,0,0,0,0,1,0,0,0,0,0,0,0,0,0,0
135.17410329829886,30.0,131.0,0.0047299327670615,74.4000015258789,74.4000015258789,0,0,0,1,0,0,0,0,0,0,0,0,1,0,0,0,0,0,0,0,0
122.4531831846046,50.0,131.5,0.0047012150669634,74.4000015258789,74.4000015258789,0,0,0,1,0,0,0,0,0,0,0,0,1,0,0,0,0,0,0,0,0
65.35275389403975,50.0,131.0,0.0055193833978046,74.4000015258789,74.4000015258789,0,0,0,1,0,0,0,0,0,0,0,0,1,0,0,0,0,0,0,0,0
121.77003502218858,33.595391008689084,131.0,0.0031197981960779,74.4000015258789,74.4000015258789,0,0,1,0,0,0,0,0,0,0,0,0,1,0,0,0,0,0,0,0,0
41.53783114121687,33.595391008689084,131.5,0.0026910887724052,74.4000015258789,74.4000015258789,0,0,1,0,0,0,0,0,0,0,0,0,1,0,0,0,0,0,0,0,0
139.40848597193173,33.595391008689084,131.5,0.0034113755302956,74.4000015258789,74.4000015258789,0,0,1,0,0,0,0,0,0,0,0,0,1,0,0,0,0,0,0,0,0
135.9867363827547,33.595391008689084,132.0,0.002021071567804,74.4000015258789,74.4000015258789,0,1,1,0,0,0,0,0,0,0,0,0,1,0,0,0,0,0,0,0,0
41.26393233157313,30.0,132.0,0.0019225573337338,74.4000015258789,74.4000015258789,0,1,1,0,0,0,0,0,0,0,0,0,1,0,0,0,0,0,0,0,0
51.97384281611572,33.595391008689084,132.0,0.0023115842428972,74.4000015258789,74.4000015258789,0,0,1,0,0,0,0,0,0,0,0,0,1,0,0,0,0,0,0,0,0
17.18663110514594,33.595391008689084,133.0,0.0018955950180692,74.4000015258789,74.4000015258789,0,1,1,0,0,0,0,0,0,0,0,0,1,0,0,0,0,0,0,0,0
324.5530247703749,33.595391008689084,132.5,0.0018884563009552,74.4000015258789,74.4000015258789,0,0,1,0,0,0,0,0,0,0,0,0,1,0,0,0,0,0,0,0,0
203.0537790726234,33.595391008689084,131.5,0.0025654246336579,74.4000015258789,74.4000015258789,0,0,1,0,0,0,0,0,0,0,0,0,1,0,0,0,0,0,0,0,0
363.4229820652093,33.595391008689084,129.0,0.0026872144712588,74.4000015258789,74.4000015258789,0,1,1,0,0,0,0,0,0,0,0,0,1,0,0,0,0,0,0,0,0
255.03615175935028,33.595391008689084,132.5,0.0074744171518041,74.4000015258789,74.4000015258789,0,0,0,1,0,0,0,0,0,0,0,0,1,0,0,0,0,0,0,0,0
69.3581536563838,33.595391008689084,132.0,0.0070465927018119,74.4000015258789,74.4000015258789,0,0,0,1,0,0,0,0,0,0,0,0,1,0,0,0,0,0,0,0,0
228.50926126058584,33.595391008689084,132.5,0.0066646432084711,74.4000015258789,74.4000015258789,0,0,1,0,0,0,0,0,0,0,0,0,1,0,0,0,0,0,0,0,0
363.4229820652095,33.595391008689084,129.0,0.0026872144712588,74.4000015258789,74.4000015258789,0,1,1,0,0,0,0,0,0,0,0,0,1,0,0,0,0,0,0,0,0
194.01792248450928,33.595391008689084,130.5,0.0046003888416892,74.4000015258789,74.4000015258789,0,0,0,1,0,0,0,0,0,0,0,0,1,0,0,0,0,0,0,0,0
85.19977410298512,33.595391008689084,130.0,0.0046383459616332,74.4000015258789,74.4000015258789,0,0,0,1,0,0,0,0,0,0,0,0,1,0,0,0,0,0,0,0,0
113.24379145771223,33.595391008689084,130.0,0.0042429368454777,74.4000015258789,74.4000015258789,0,0,0,1,0,0,0,0,0,0,0,0,1,0,0,0,0,0,0,0,0
351.5570910983201,40.0,128.0,0.0014108343757316,74.4000015258789,74.4000015258789,0,0,1,0,0,0,0,0,0,0,0,0,0,0,0,0,0,0,0,0,1
277.6173909121735,30.0,137.5,0.0114165306030278,74.4000015258789,74.4000015258789,0,0,0,1,0,0,0,0,0,0,0,0,1,0,0,0,0,0,0,0,0
196.36118572981124,30.0,137.0,0.0107084305985335,74.4000015258789,74.4000015258789,0,0,0,1,0,0,0,0,0,0,0,0,1,0,0,0,0,0,0,0,0
52.73820419085601,30.0,135.5,0.0115293031395997,74.4000015258789,74.4000015258789,0,0,0,1,0,0,0,0,0,0,0,0,1,0,0,0,0,0,0,0,0
988.7518131510756,60.0,134.5,0.0021962318330254,94.10000610351562,94.10000610351562,1,0,0,1,0,0,0,0,0,0,1,0,0,0,0,0,0,0,0,0,0
247.86676114671243,30.0,205.0,0.0335172046906746,78.69999694824219,78.69999694824219,0,0,0,1,0,0,0,0,0,0,0,0,1,0,0,0,0,0,0,0,0
66.98848503335361,30.0,205.0,0.0330061041346565,78.69999694824219,78.69999694824219,0,0,0,1,0,0,0,0,0,0,0,0,1,0,0,0,0,0,0,0,0
137.69113519710174,33.595391008689084,205.0,0.0330061041346565,78.69999694824219,78.69999694824219,0,0,0,1,0,0,0,0,0,0,0,0,1,0,0,0,0,0,0,0,0
142.5628563043283,30.0,149.0,0.0121573120076466,94.10000610351562,94.10000610351562,0,0,0,1,0,0,0,0,0,0,0,0,0,0,0,0,1,0,0,0,0
245.9437955545341,30.0,145.0,0.0109326310345712,94.10000610351562,94.10000610351562,0,0,0,1,0,0,0,0,0,0,0,0,1,0,0,0,0,0,0,0,0
62.592948609907495,30.0,145.5,0.0116294948941863,94.10000610351562,94.10000610351562,0,0,0,1,0,0,0,0,0,0,0,0,0,0,0,0,1,0,0,0,0
24.26389022502317,30.0,153.0,0.012894437619887,94.10000610351562,94.10000610351562,0,0,0,1,0,0,0,0,0,0,0,0,0,0,0,0,1,0,0,0,0
80.28846674453608,30.0,155.5,0.0132225707586343,94.10000610351562,94.10000610351562,0,0,0,1,0,0,0,0,0,0,0,0,1,0,0,0,0,0,0,0,0
142.1743333389115,30.0,157.5,0.0134656756625987,94.10000610351562,94.10000610351562,0,0,0,1,0,0,0,0,0,0,0,0,0,0,0,0,1,0,0,0,0
55.30092670606208,30.0,155.0,0.0128790845758569,94.10000610351562,94.10000610351562,0,0,0,1,0,0,0,0,0,0,0,0,1,0,0,0,0,0,0,0,0
41.371958340327495,15.5531914893617,154.0,0.0129629462731923,94.10000610351562,94.10000610351562,0,0,0,1,0,1,0,0,0,0,0,0,0,0,0,0,0,0,0,0,0
80.46016090659386,30.0,156.5,0.0133621690702336,94.10000610351562,94.10000610351562,0,0,0,1,0,0,0,0,0,0,0,0,1,0,0,0,0,0,0,0,0
21.94934679899499,30.0,154.0,0.0129356661139316,94.10000610351562,94.10000610351562,0,0,0,1,0,0,0,0,0,0,0,0,1,0,0,0,0,0,0,0,0
129.89242506936117,30.0,166.5,0.0138229426481698,94.10000610351562,94.10000610351562,0,0,0,1,0,0,0,0,0,0,0,0,1,0,0,0,0,0,0,0,0
45.600077943146175,30.0,158.5,0.0135626074405569,94.10000610351562,94.10000610351562,0,0,0,1,0,0,0,0,0,0,0,0,1,0,0,0,0,0,0,0,0
570.1075089532703,30.0,172.0,0.0157222806533677,94.10000610351562,94.10000610351562,0,0,0,1,0,0,0,0,0,0,0,0,1,0,0,0,0,0,0,0,0
80.46016090659386,30.0,156.5,0.0133621690702336,94.10000610351562,94.10000610351562,0,0,0,1,0,0,0,0,0,0,0,0,1,0,0,0,0,0,0,0,0
570.1075089532703,30.0,172.0,0.0157222806533677,94.10000610351562,94.10000610351562,0,0,0,1,0,0,0,0,0,0,0,0,1,0,0,0,0,0,0,0,0
50.43945736415602,33.595391008689084,141.5,0.0127304321083866,78.69999694824219,78.69999694824219,0,0,0,1,0,0,0,0,0,0,0,0,1,0,0,0,0,0,0,0,0
58.2456677747357,33.595391008689084,143.0,0.0130562015244025,78.69999694824219,78.69999694824219,0,0,0,1,0,0,0,0,0,0,0,0,1,0,0,0,0,0,0,0,0
7.732660713653286,33.595391008689084,141.0,0.0127438712739464,78.69999694824219,78.69999694824219,0,0,0,1,0,0,0,0,0,0,0,0,1,0,0,0,0,0,0,0,0
46.575720251836046,50.0,141.5,0.0129131811060741,78.69999694824219,78.69999694824219,0,0,0,1,0,0,0,0,0,0,0,0,1,0,0,0,0,0,0,0,0
125.36845641268914,15.5531914893617,144.0,0.0133480923192748,78.69999694824219,78.69999694824219,0,0,0,1,0,1,0,0,0,0,0,0,0,0,0,0,0,0,0,0,0
94.6515446899548,15.5531914893617,129.5,0.0040633041953811,74.4000015258789,74.4000015258789,0,0,1,0,0,1,0,0,0,0,0,0,0,0,0,0,0,0,0,0,0
206.9163272307936,50.0,131.5,0.0048332490077974,74.4000015258789,74.4000015258789,0,0,1,0,0,0,0,0,0,0,0,0,0,0,1,0,0,0,0,0,0
148.4818991493572,50.0,130.5,0.0042058148383335,74.4000015258789,74.4000015258789,0,0,1,0,0,0,0,0,0,0,0,0,0,0,1,0,0,0,0,0,0
20.09577899637316,15.5531914893617,219.0,0.0143296078907961,78.69999694824219,78.69999694824219,0,0,0,1,0,1,0,0,0,0,0,0,0,0,0,0,0,0,0,0,0
59.935589651209526,15.5531914893617,219.0,0.0143296078907961,78.69999694824219,78.69999694824219,0,0,0,1,0,1,0,0,0,0,0,0,0,0,0,0,0,0,0,0,0
464.93470358089854,15.5531914893617,218.5,0.0127404075876658,94.10000610351562,94.10000610351562,0,0,0,1,0,1,0,0,0,0,0,0,0,0,0,0,0,0,0,0,0
40.68731056718704,50.0,140.5,0.0014339068054612,74.4000015258789,74.4000015258789,0,0,0,1,0,0,0,0,0,0,0,0,1,0,0,0,0,0,0,0,0
165.86050004167515,30.0,139.5,0.0011036518859408,74.4000015258789,74.4000015258789,0,0,0,1,0,0,0,0,0,0,1,0,0,0,0,0,0,0,0,0,0
300.376784964401,40.0,139.0,0.0012272271515787,74.4000015258789,74.4000015258789,0,0,1,0,0,0,0,0,0,0,1,0,0,0,0,0,0,0,0,0,0
146.09797546436758,50.0,150.0,0.0090127492990832,74.4000015258789,74.4000015258789,0,0,0,1,0,0,0,0,0,0,0,0,0,0,1,0,0,0,0,0,0
47.65085737080315,50.0,148.5,0.0081734404805521,74.4000015258789,74.4000015258789,0,0,0,1,0,0,0,0,0,0,0,0,0,0,1,0,0,0,0,0,0
7.4938700563658625,33.595391008689084,129.0,0.0008788941929656,74.4000015258789,74.4000015258789,0,1,1,0,0,0,0,0,0,0,0,0,1,0,0,0,0,0,0,0,0
47.13242331851063,15.5531914893617,128.0,0.0008022973665814,74.4000015258789,74.4000015258789,0,1,1,0,0,1,0,0,0,0,0,0,0,0,0,0,0,0,0,0,0
40.59049726843087,15.5531914893617,127.5,0.0008192901940996,74.4000015258789,74.4000015258789,0,1,1,0,0,1,0,0,0,0,0,0,0,0,0,0,0,0,0,0,0
115.10183409691923,30.0,141.0,0.0121505273800773,94.10000610351562,94.10000610351562,0,0,0,1,0,0,0,0,0,0,0,0,1,0,0,0,0,0,0,0,0
317.9362851604307,30.0,141.0,0.0126747131520067,94.10000610351562,94.10000610351562,0,0,0,1,0,0,0,0,0,0,0,0,1,0,0,0,0,0,0,0,0
94.51041428456972,30.0,143.0,0.0126153354962787,94.10000610351562,94.10000610351562,0,0,0,1,0,0,0,0,0,0,0,0,1,0,0,0,0,0,0,0,0
115.13610146710236,30.0,146.0,0.0116655011416561,94.10000610351562,94.10000610351562,0,0,0,1,0,0,0,0,0,0,0,0,1,0,0,0,0,0,0,0,0
28.88131148265348,30.0,144.5,0.0116355391345413,94.10000610351562,94.10000610351562,0,0,0,1,0,0,0,0,0,0,0,0,0,0,0,0,1,0,0,0,0
94.49293702756084,30.0,142.0,0.0111082316040239,94.10000610351562,94.10000610351562,0,0,0,1,0,0,0,0,0,0,0,0,0,0,0,0,1,0,0,0,0
107.34845491281256,15.5531914893617,223.5,0.0150905549189635,78.69999694824219,78.69999694824219,0,0,0,1,0,1,0,0,0,0,0,0,0,0,0,0,0,0,0,0,0
41.34086699216466,50.8,206.5,0.0075627434384152,86.80000305175781,86.80000305175781,0,0,0,1,0,0,0,0,0,0,0,1,0,0,0,0,0,0,0,0,0
91.15431267545236,50.8,208.0,0.0077468228845705,86.80000305175781,86.80000305175781,0,0,0,1,0,0,0,0,0,0,0,1,0,0,0,0,0,0,0,0,0
11.364013725459175,30.0,276.0,0.0372685631721895,78.69999694824219,78.69999694824219,0,0,0,1,0,0,0,0,0,0,0,0,1,0,0,0,0,0,0,0,0
46.420316145138926,30.0,276.5,0.0373743054206335,78.69999694824219,78.69999694824219,0,0,0,1,0,0,0,0,0,0,0,0,1,0,0,0,0,0,0,0,0
62.07030834982665,30.0,278.0,0.0374650728626214,78.69999694824219,78.69999694824219,0,0,0,1,0,0,0,0,0,0,0,0,1,0,0,0,0,0,0,0,0
48.78810951967488,30.0,277.0,0.0372930268022783,78.69999694824219,78.69999694824219,0,0,0,1,0,0,0,0,0,0,0,0,1,0,0,0,0,0,0,0,0
46.420316145138926,30.0,276.5,0.0373743054206335,78.69999694824219,78.69999694824219,0,0,0,1,0,0,0,0,0,0,0,0,1,0,0,0,0,0,0,0,0
24.45134130174258,30.0,291.0,0.0340411575438881,78.69999694824219,78.69999694824219,0,0,0,1,0,0,0,0,0,0,0,0,1,0,0,0,0,0,0,0,0
118.00758367452978,30.0,293.0,0.0337203064084088,78.69999694824219,78.69999694824219,0,0,0,1,0,0,0,0,0,0,0,0,1,0,0,0,0,0,0,0,0
265.2701887309718,30.0,284.0,0.0355752579976245,78.69999694824219,78.69999694824219,0,0,0,1,0,0,0,0,0,0,0,0,1,0,0,0,0,0,0,0,0
90.2670202117114,30.0,295.0,0.0332475463734381,78.69999694824219,78.69999694824219,0,0,0,1,0,0,0,0,0,0,0,0,1,0,0,0,0,0,0,0,0
118.0075836745298,30.0,293.0,0.0337203064084088,78.69999694824219,78.69999694824219,0,0,0,1,0,0,0,0,0,0,0,0,1,0,0,0,0,0,0,0,0
29.051173552978923,30.0,295.0,0.0332446711032631,78.69999694824219,78.69999694824219,0,0,0,1,0,0,0,0,0,0,0,0,1,0,0,0,0,0,0,0,0
22.00496932776908,30.0,295.5,0.0329825235977088,78.69999694824219,78.69999694824219,0,0,0,1,0,0,0,0,0,0,0,0,1,0,0,0,0,0,0,0,0
62.87340166354154,30.0,297.0,0.0327010621907268,78.69999694824219,78.69999694824219,0,0,0,1,0,0,0,0,0,0,0,0,1,0,0,0,0,0,0,0,0
88.9381561035279,30.0,298.0,0.0328830930402101,78.69999694824219,78.69999694824219,0,0,0,1,0,0,0,0,0,0,0,0,1,0,0,0,0,0,0,0,0
201.6894113909144,30.0,300.5,0.0324534033946602,78.69999694824219,78.69999694824219,0,0,0,1,0,0,0,0,0,0,0,0,1,0,0,0,0,0,0,0,0
54.88058644149882,30.0,302.5,0.0323166905081482,78.69999694824219,78.69999694824219,0,0,0,1,0,0,0,0,0,0,0,0,1,0,0,0,0,0,0,0,0
6.72905019855144,30.0,317.5,0.0306816594724456,78.69999694824219,78.69999694824219,0,0,0,1,0,0,0,0,0,0,0,0,1,0,0,0,0,0,0,0,0
99.87444319915616,30.0,317.0,0.0308516512782476,78.69999694824219,78.69999694824219,0,0,0,1,0,0,0,0,0,0,0,0,1,0,0,0,0,0,0,0,0
95.52865373759975,30.0,313.0,0.0314501467476463,78.69999694824219,78.69999694824219,0,0,0,1,0,0,0,0,0,0,0,0,1,0,0,0,0,0,0,0,0
276.35416692425457,30.0,314.5,0.0314428018387016,78.69999694824219,78.69999694824219,0,0,0,1,0,0,0,0,0,0,0,0,1,0,0,0,0,0,0,0,0
276.3541669242546,30.0,314.5,0.0314428018387016,78.69999694824219,78.69999694824219,0,0,0,1,0,0,0,0,0,0,0,0,1,0,0,0,0,0,0,0,0
32.83021417261921,30.0,312.0,0.0320818862137022,78.69999694824219,78.69999694824219,0,0,0,1,0,0,0,0,0,0,0,0,1,0,0,0,0,0,0,0,0
195.53072361338775,30.0,310.5,0.0318960332546602,78.69999694824219,78.69999694824219,0,0,0,1,0,0,0,0,0,0,0,0,1,0,0,0,0,0,0,0,0
95.52865373759975,30.0,313.0,0.0314501467476463,78.69999694824219,78.69999694824219,0,0,0,1,0,0,0,0,0,0,0,0,1,0,0,0,0,0,0,0,0
195.5307236133878,30.0,310.5,0.0318960332546602,78.69999694824219,78.69999694824219,0,0,0,1,0,0,0,0,0,0,0,0,1,0,0,0,0,0,0,0,0
161.86217652362217,30.0,311.0,0.0315696413203318,78.69999694824219,78.69999694824219,0,0,0,1,0,0,0,0,0,0,0,0,1,0,0,0,0,0,0,0,0
32.83021417261921,30.0,312.0,0.0320818862137022,78.69999694824219,78.69999694824219,0,0,0,1,0,0,0,0,0,0,0,0,1,0,0,0,0,0,0,0,0
165.55780664655484,30.0,301.5,0.0331667512406277,78.69999694824219,78.69999694824219,0,0,0,1,0,0,0,0,0,0,0,0,1,0,0,0,0,0,0,0,0
85.80603333991162,30.0,307.5,0.0323958334185542,78.69999694824219,78.69999694824219,0,0,0,1,0,0,0,0,0,0,0,0,1,0,0,0,0,0,0,0,0
212.39842551376495,18.5,306.0,0.03257729979248,78.69999694824219,78.69999694824219,0,0,0,1,0,0,0,0,0,0,0,0,1,0,0,0,0,0,0,0,0
24.45134130174258,30.0,291.0,0.0340411575438881,78.69999694824219,78.69999694824219,0,0,0,1,0,0,0,0,0,0,0,0,1,0,0,0,0,0,0,0,0
165.55780664655484,30.0,301.5,0.0331667512406277,78.69999694824219,78.69999694824219,0,0,0,1,0,0,0,0,0,0,0,0,1,0,0,0,0,0,0,0,0
85.76063632495256,30.0,293.0,0.0341727042224574,78.69999694824219,78.69999694824219,0,0,0,1,0,0,0,0,0,0,0,0,1,0,0,0,0,0,0,0,0
241.7618305213472,30.0,288.5,0.0357496969414564,78.69999694824219,78.69999694824219,0,0,0,1,0,0,0,0,0,0,0,0,1,0,0,0,0,0,0,0,0
40.66098026766701,30.0,294.5,0.0343051387815603,78.69999694824219,78.69999694824219,0,0,0,1,0,0,0,0,0,0,0,0,1,0,0,0,0,0,0,0,0
85.76063632495257,30.0,293.0,0.0341727042224574,78.69999694824219,78.69999694824219,0,0,0,1,0,0,0,0,0,0,0,0,1,0,0,0,0,0,0,0,0
241.7618305213472,30.0,288.5,0.0357496969414564,78.69999694824219,78.69999694824219,0,0,0,1,0,0,0,0,0,0,0,0,1,0,0,0,0,0,0,0,0
120.8736121318629,30.0,280.5,0.037341557632645,78.69999694824219,78.69999694824219,0,0,0,1,0,0,0,0,0,0,0,0,1,0,0,0,0,0,0,0,0
99.29542048120516,30.0,283.0,0.0370716696770053,78.69999694824219,78.69999694824219,0,0,0,1,0,0,0,0,0,0,0,0,1,0,0,0,0,0,0,0,0
37.50531348708341,30.0,278.0,0.0372986653673824,78.69999694824219,78.69999694824219,0,0,0,1,0,0,0,0,0,0,0,0,1,0,0,0,0,0,0,0,0
120.8736121318629,30.0,280.5,0.037341557632645,78.69999694824219,78.69999694824219,0,0,0,1,0,0,0,0,0,0,0,0,1,0,0,0,0,0,0,0,0
65.19333236037947,50.0,140.0,0.0111520180708237,74.4000015258789,74.4000015258789,0,0,0,1,0,0,0,0,0,0,0,0,0,0,1,0,0,0,0,0,0
90.44277842252733,30.0,136.0,0.009561268381726,74.4000015258789,74.4000015258789,0,0,0,1,0,0,0,0,0,0,0,0,1,0,0,0,0,0,0,0,0
57.07428160298208,30.0,135.5,0.0089310011654424,74.4000015258789,74.4000015258789,0,0,0,1,0,0,0,0,0,0,0,0,1,0,0,0,0,0,0,0,0
38.2337479605362,30.0,136.0,0.0098644544784021,74.4000015258789,74.4000015258789,0,0,0,1,0,0,0,0,0,0,0,0,1,0,0,0,0,0,0,0,0
95.22813065522378,30.0,135.5,0.0103166750031261,74.4000015258789,74.4000015258789,0,0,0,1,0,0,0,0,0,0,0,0,1,0,0,0,0,0,0,0,0
100.48121518738816,33.595391008689084,136.0,0.0103858811708096,74.4000015258789,74.4000015258789,0,0,0,1,0,0,0,0,0,0,0,0,1,0,0,0,0,0,0,0,0
69.81881893332861,30.0,135.5,0.0108679793827599,74.4000015258789,74.4000015258789,0,0,0,1,0,0,0,0,0,0,0,0,1,0,0,0,0,0,0,0,0
95.22813065522377,30.0,135.5,0.0103166750031261,74.4000015258789,74.4000015258789,0,0,0,1,0,0,0,0,0,0,0,0,1,0,0,0,0,0,0,0,0
45.40261861819347,30.0,134.0,0.0101681556846111,74.4000015258789,74.4000015258789,0,0,0,1,0,0,0,0,0,0,0,0,1,0,0,0,0,0,0,0,0
190.07112627294924,15.5531914893617,133.0,0.0101745935084586,74.4000015258789,74.4000015258789,0,0,0,1,0,1,0,0,0,0,0,0,0,0,0,0,0,0,0,0,0
145.86637356198457,33.595391008689084,136.5,0.0096304745494095,74.4000015258789,74.4000015258789,0,0,0,1,0,0,0,0,0,0,0,0,1,0,0,0,0,0,0,0,0
172.13817230929033,33.595391008689084,136.5,0.0107132838622986,74.4000015258789,74.4000015258789,0,0,0,1,0,0,0,0,0,0,0,0,1,0,0,0,0,0,0,0,0
184.7459683279189,30.0,134.5,0.0115824972337876,74.4000015258789,74.4000015258789,0,0,0,1,0,0,0,0,0,0,0,0,1,0,0,0,0,0,0,0,0
115.64809224362246,30.0,135.5,0.0113892167153938,74.4000015258789,74.4000015258789,0,0,0,1,0,0,0,0,0,0,0,0,1,0,0,0,0,0,0,0,0
69.81881893332861,30.0,135.5,0.0108679793827599,74.4000015258789,74.4000015258789,0,0,0,1,0,0,0,0,0,0,0,0,1,0,0,0,0,0,0,0,0
11.892449380941398,33.595391008689084,128.0,0.0012649227892886,86.80000305175781,86.80000305175781,0,0,1,0,0,0,0,0,0,0,0,0,1,0,0,0,0,0,0,0,0
346.5082446257913,33.595391008689084,132.5,0.0062198255952161,94.10000610351562,94.10000610351562,0,0,1,0,0,0,0,0,0,0,0,0,1,0,0,0,0,0,0,0,0
240.73310294283735,15.5531914893617,135.5,0.0165848504246584,94.10000610351562,94.10000610351562,0,0,0,1,0,1,0,0,0,0,0,0,0,0,0,0,0,0,0,0,0
47.38665458254494,40.0,139.0,0.0166038945257165,94.10000610351562,94.10000610351562,0,0,0,1,0,0,0,0,0,0,0,0,0,0,0,0,1,0,0,0,0
57.74020477453438,30.0,138.0,0.0159661596045024,94.10000610351562,94.10000610351562,0,0,0,1,0,0,0,0,0,0,0,0,0,0,0,0,1,0,0,0,0
240.73310294283735,15.5531914893617,135.5,0.0165848504246584,94.10000610351562,94.10000610351562,0,0,0,1,0,1,0,0,0,0,0,0,0,0,0,0,0,0,0,0,0
78.55665530117547,30.0,132.0,0.0163698376023575,94.10000610351562,94.10000610351562,0,0,0,1,0,0,0,0,0,0,0,0,1,0,0,0,0,0,0,0,0
46.8334047182728,30.0,132.5,0.0171216222034223,94.10000610351562,94.10000610351562,0,0,0,1,0,0,0,0,0,0,0,0,1,0,0,0,0,0,0,0,0
110.28356192680351,30.0,155.0,0.0207989223246082,94.10000610351562,94.10000610351562,0,0,0,1,0,0,0,0,0,0,0,0,0,0,0,0,1,0,0,0,0
140.8936214637271,30.0,155.0,0.0217525267545203,94.10000610351562,94.10000610351562,0,0,0,1,0,0,0,0,0,0,0,0,1,0,0,0,0,0,0,0,0
60.92864764341005,30.0,148.0,0.0198860675296101,94.10000610351562,94.10000610351562,0,0,0,1,0,0,0,0,0,0,0,0,1,0,0,0,0,0,0,0,0
36.443195591613446,42.33796296296296,150.0,0.0199715707677906,94.10000610351562,94.10000610351562,0,0,0,1,0,0,0,0,0,0,0,0,0,0,0,0,1,0,0,0,0
94.52403101463013,30.0,146.0,0.0192582365867635,94.10000610351562,94.10000610351562,0,0,0,1,0,0,0,0,0,0,0,0,0,0,0,0,1,0,0,0,0
205.4302676684366,47.53488372093023,305.5,0.018765641483231,94.10000610351562,94.10000610351562,0,0,0,1,0,0,0,0,0,0,0,0,0,0,0,0,0,0,1,0,0
144.4863204018535,50.0,128.5,0.0031221875879414,74.4000015258789,74.4000015258789,0,0,1,0,0,0,0,0,0,0,0,0,0,0,0,0,0,0,1,0,0
73.3670410726804,50.0,128.0,0.0023653905368549,74.4000015258789,74.4000015258789,0,0,1,0,0,0,0,0,0,0,0,0,0,0,0,0,0,0,1,0,0
27.556733867830808,50.0,128.0,0.0023653905368549,74.4000015258789,74.4000015258789,0,0,1,0,0,0,0,0,0,0,0,0,0,0,0,0,0,0,1,0,0
266.69907922237434,30.0,174.0,0.0237239040787663,94.10000610351562,94.10000610351562,0,0,0,1,0,0,0,0,0,0,0,0,1,0,0,0,0,0,0,0,0
83.9945671597732,50.0,131.0,0.0023336129403809,74.4000015258789,74.4000015258789,0,0,1,0,0,0,0,0,0,0,0,0,0,0,0,0,0,0,1,0,0
8.14181485488596,47.53488372093023,131.0,0.0027178194158914,74.4000015258789,74.4000015258789,0,0,1,0,0,0,0,0,0,0,0,0,0,0,0,0,0,0,1,0,0
12.595788573684432,50.0,130.0,0.001686568193232,74.4000015258789,74.4000015258789,0,0,1,0,0,0,0,0,0,0,0,0,0,0,0,0,0,0,1,0,0
34.94914321860642,50.0,130.5,0.0017431254396068,74.4000015258789,74.4000015258789,0,0,1,0,0,0,0,0,0,0,1,0,0,0,0,0,0,0,0,0,0
8.071325291567234,50.0,130.0,0.0016301494765577,74.4000015258789,74.4000015258789,0,0,1,0,0,0,0,0,0,0,1,0,0,0,0,0,0,0,0,0,0
83.41131935886013,30.0,133.0,0.0055505221414244,74.4000015258789,74.4000015258789,0,0,0,1,0,0,0,0,0,0,0,0,1,0,0,0,0,0,0,0,0
95.71819498149942,50.0,132.0,0.0053889950077195,74.4000015258789,74.4000015258789,0,0,1,0,0,0,0,0,0,0,0,0,0,0,1,0,0,0,0,0,0
206.9163272307936,50.0,131.5,0.0048332490077974,74.4000015258789,74.4000015258789,0,0,1,0,0,0,0,0,0,0,0,0,0,0,1,0,0,0,0,0,0
36.77043300783506,30.0,294.0,0.0343669945461421,78.69999694824219,78.69999694824219,0,0,0,1,0,0,0,0,0,0,0,0,1,0,0,0,0,0,0,0,0
40.66098026766701,30.0,294.5,0.0343051387815603,78.69999694824219,78.69999694824219,0,0,0,1,0,0,0,0,0,0,0,0,1,0,0,0,0,0,0,0,0
154.84090388748697,30.0,298.5,0.0334199351365959,78.69999694824219,78.69999694824219,0,0,0,1,0,0,0,0,0,0,0,0,1,0,0,0,0,0,0,0,0
154.84090388748697,30.0,298.5,0.0334199351365959,78.69999694824219,78.69999694824219,0,0,0,1,0,0,0,0,0,0,0,0,1,0,0,0,0,0,0,0,0
66.11392283074996,30.0,301.5,0.0325665330695673,78.69999694824219,78.69999694824219,0,0,0,1,0,0,0,0,0,0,0,0,1,0,0,0,0,0,0,0,0
85.80603333991161,30.0,307.5,0.0323958334185542,78.69999694824219,78.69999694824219,0,0,0,1,0,0,0,0,0,0,0,0,1,0,0,0,0,0,0,0,0
36.77043300783506,30.0,294.0,0.0343669945461421,78.69999694824219,78.69999694824219,0,0,0,1,0,0,0,0,0,0,0,0,1,0,0,0,0,0,0,0,0
208.87028617014505,30.0,289.0,0.0356708185454789,78.69999694824219,78.69999694824219,0,0,0,1,0,0,0,0,0,0,0,0,1,0,0,0,0,0,0,0,0
66.70738324178868,30.0,294.0,0.0343253368287968,78.69999694824219,78.69999694824219,0,0,0,1,0,0,0,0,0,0,0,0,1,0,0,0,0,0,0,0,0
803.2379157402672,20.0,288.5,0.0333809422830285,78.69999694824219,78.69999694824219,0,0,0,1,0,0,0,0,0,0,0,0,0,0,0,0,0,0,0,0,1
159.77232584161192,70.0,265.5,0.0372149338121646,78.69999694824219,78.69999694824219,0,0,0,1,0,0,0,0,0,0,0,0,0,0,1,0,0,0,0,0,0
306.5554702307676,70.0,273.0,0.0359514102573108,78.69999694824219,78.69999694824219,0,0,0,1,0,0,0,0,0,0,0,0,0,0,1,0,0,0,0,0,0
138.0886446253656,33.595391008689084,317.0,0.0293738915351258,78.69999694824219,78.69999694824219,0,0,0,1,0,0,0,0,0,0,0,0,1,0,0,0,0,0,0,0,0
44.96889141882245,33.595391008689084,322.0,0.0291604533649843,78.69999694824219,78.69999694824219,0,0,0,1,0,0,0,0,0,0,0,0,1,0,0,0,0,0,0,0,0
91.54664409165194,30.0,316.5,0.0297936977922606,78.69999694824219,78.69999694824219,0,0,0,1,0,0,0,0,0,0,0,0,1,0,0,0,0,0,0,0,0
90.64115279728786,30.0,326.0,0.0285820156642006,78.69999694824219,78.69999694824219,0,0,0,1,0,0,0,0,0,0,0,0,1,0,0,0,0,0,0,0,0
138.0886446253656,33.595391008689084,317.0,0.0293738915351258,78.69999694824219,78.69999694824219,0,0,0,1,0,0,0,0,0,0,0,0,1,0,0,0,0,0,0,0,0
181.4522674331532,30.0,323.0,0.0283584188674529,78.69999694824219,78.69999694824219,0,0,0,1,0,0,0,0,0,0,0,0,1,0,0,0,0,0,0,0,0
140.61893955082823,30.0,308.5,0.0303280851929324,78.69999694824219,78.69999694824219,0,0,0,1,0,0,0,0,0,0,0,0,1,0,0,0,0,0,0,0,0
181.45226743315325,30.0,323.0,0.0283584188674529,78.69999694824219,78.69999694824219,0,0,0,1,0,0,0,0,0,0,0,0,1,0,0,0,0,0,0,0,0
104.5618132981562,30.0,305.5,0.0318756791406816,78.69999694824219,78.69999694824219,0,0,0,1,0,0,0,0,0,0,0,0,1,0,0,0,0,0,0,0,0
43.26174332445108,30.0,315.0,0.0309711458509331,78.69999694824219,78.69999694824219,0,0,0,1,0,0,0,0,0,0,0,0,1,0,0,0,0,0,0,0,0
161.86217652362217,30.0,311.0,0.0315696413203318,78.69999694824219,78.69999694824219,0,0,0,1,0,0,0,0,0,0,0,0,1,0,0,0,0,0,0,0,0
187.37549639992608,30.0,290.5,0.0353636173316667,78.69999694824219,78.69999694824219,0,0,0,1,0,0,0,0,0,0,0,0,1,0,0,0,0,0,0,0,0
66.70738324178868,30.0,294.0,0.0343253368287968,78.69999694824219,78.69999694824219,0,0,0,1,0,0,0,0,0,0,0,0,1,0,0,0,0,0,0,0,0
70.81906276484979,30.0,293.0,0.0339656604395891,78.69999694824219,78.69999694824219,0,0,0,1,0,0,0,0,0,0,0,0,1,0,0,0,0,0,0,0,0
136.61354825314143,30.0,297.0,0.0334282277333984,78.69999694824219,78.69999694824219,0,0,0,1,0,0,0,0,0,0,0,0,1,0,0,0,0,0,0,0,0
90.86400181800124,30.0,285.5,0.0367090990483488,78.69999694824219,78.69999694824219,0,0,0,1,0,0,0,0,0,0,0,0,1,0,0,0,0,0,0,0,0
99.29542048120516,30.0,283.0,0.0370716696770053,78.69999694824219,78.69999694824219,0,0,0,1,0,0,0,0,0,0,0,0,1,0,0,0,0,0,0,0,0
208.87028617014505,30.0,289.0,0.0356708185454789,78.69999694824219,78.69999694824219,0,0,0,1,0,0,0,0,0,0,0,0,1,0,0,0,0,0,0,0,0
90.86400181800124,30.0,285.5,0.0367090990483488,78.69999694824219,78.69999694824219,0,0,0,1,0,0,0,0,0,0,0,0,1,0,0,0,0,0,0,0,0
187.37549639992608,30.0,290.5,0.0353636173316667,78.69999694824219,78.69999694824219,0,0,0,1,0,0,0,0,0,0,0,0,1,0,0,0,0,0,0,0,0
58.33884996921072,30.0,284.5,0.0368366284628512,78.69999694824219,78.69999694824219,0,0,0,1,0,0,0,0,0,0,0,0,1,0,0,0,0,0,0,0,0
75.51085861590742,30.0,269.5,0.0418522570832933,78.69999694824219,78.69999694824219,0,0,0,1,0,0,0,0,0,0,0,0,1,0,0,0,0,0,0,0,0
103.83372578867534,30.0,271.5,0.0409021531688074,78.69999694824219,78.69999694824219,0,0,0,1,0,0,0,0,0,0,0,0,1,0,0,0,0,0,0,0,0
49.6645730588206,15.5531914893617,270.5,0.0415859234398691,78.69999694824219,78.69999694824219,0,0,0,1,0,1,0,0,0,0,0,0,0,0,0,0,0,0,0,0,0
46.90220863199408,15.5531914893617,269.0,0.04130604386391,78.69999694824219,78.69999694824219,0,0,0,1,0,1,0,0,0,0,0,0,0,0,0,0,0,0,0,0,0
27.07965869320503,30.0,289.0,0.0482395206814082,78.69999694824219,78.69999694824219,0,0,0,1,0,0,0,0,0,0,0,0,1,0,0,0,0,0,0,0,0
35.62690772759926,15.5531914893617,289.0,0.0484279428684008,78.69999694824219,78.69999694824219,0,0,0,1,0,1,0,0,0,0,0,0,0,0,0,0,0,0,0,0,0
27.792900905295745,30.0,284.5,0.0484733460642244,78.69999694824219,78.69999694824219,0,0,0,1,0,0,0,0,0,0,0,0,1,0,0,0,0,0,0,0,0
35.62690772759926,15.5531914893617,289.0,0.0484279428684008,78.69999694824219,78.69999694824219,0,0,0,1,0,1,0,0,0,0,0,0,0,0,0,0,0,0,0,0,0
31.8134697271962,30.0,289.0,0.0483136594361731,78.69999694824219,78.69999694824219,0,0,0,1,0,0,0,0,0,0,0,0,0,0,0,0,1,0,0,0,0
112.2346165824838,30.0,271.5,0.04123757068944,78.69999694824219,78.69999694824219,0,0,0,1,0,0,0,0,0,0,0,0,1,0,0,0,0,0,0,0,0
113.63925560767314,30.0,272.0,0.0413662935162685,78.69999694824219,78.69999694824219,0,0,0,1,0,0,0,0,0,0,0,0,1,0,0,0,0,0,0,0,0
139.54788473153644,30.0,271.5,0.0417222967555077,78.69999694824219,78.69999694824219,0,0,0,1,0,0,0,0,0,0,0,0,1,0,0,0,0,0,0,0,0
69.70916076192401,30.0,270.5,0.0419102700657966,78.69999694824219,78.69999694824219,0,0,0,1,0,0,0,0,0,0,0,0,1,0,0,0,0,0,0,0,0
135.1366801719099,30.0,273.0,0.0437645496594249,78.69999694824219,78.69999694824219,0,0,0,1,0,0,0,0,0,0,0,0,1,0,0,0,0,0,0,0,0
48.76833131040069,30.0,271.0,0.0433939211567438,78.69999694824219,78.69999694824219,0,0,0,1,0,0,0,0,0,0,0,0,1,0,0,0,0,0,0,0,0
44.39455764759892,30.0,270.5,0.0431176837647851,78.69999694824219,78.69999694824219,0,0,0,1,0,0,0,0,0,0,0,0,1,0,0,0,0,0,0,0,0
139.54788473153644,30.0,271.5,0.0417222967555077,78.69999694824219,78.69999694824219,0,0,0,1,0,0,0,0,0,0,0,0,1,0,0,0,0,0,0,0,0
99.15468386248608,30.0,271.5,0.0415731526944007,78.69999694824219,78.69999694824219,0,0,0,1,0,0,0,0,0,0,0,0,1,0,0,0,0,0,0,0,0
123.75589071540588,30.0,271.0,0.0423677159517142,78.69999694824219,78.69999694824219,0,0,0,1,0,0,0,0,0,0,0,0,1,0,0,0,0,0,0,0,0
135.1366801719099,30.0,273.0,0.0437645496594249,78.69999694824219,78.69999694824219,0,0,0,1,0,0,0,0,0,0,0,0,1,0,0,0,0,0,0,0,0
64.47879173866288,30.0,271.5,0.0437463961883424,78.69999694824219,78.69999694824219,0,0,0,1,0,1,0,0,0,0,0,0,0,0,0,0,0,0,0,0,0
48.76833131040069,30.0,271.0,0.0433939211567438,78.69999694824219,78.69999694824219,0,0,0,1,0,0,0,0,0,0,0,0,1,0,0,0,0,0,0,0,0
209.4695445708664,30.0,270.5,0.0428319266539618,78.69999694824219,78.69999694824219,0,0,0,1,0,0,0,0,0,0,0,0,1,0,0,0,0,0,0,0,0
64.47879173866288,30.0,271.5,0.0437463961883424,78.69999694824219,78.69999694824219,0,0,0,1,0,1,0,0,0,0,0,0,0,0,0,0,0,0,0,0,0
42.40926761699978,15.5531914893617,270.0,0.0429583383127908,78.69999694824219,78.69999694824219,0,0,0,1,0,1,0,0,0,0,0,0,0,0,0,0,0,0,0,0,0
123.75589071540584,30.0,271.0,0.0423677159517142,78.69999694824219,78.69999694824219,0,0,0,1,0,0,0,0,0,0,0,0,1,0,0,0,0,0,0,0,0
44.39455764759892,30.0,270.5,0.0431176837647851,78.69999694824219,78.69999694824219,0,0,0,1,0,0,0,0,0,0,0,0,1,0,0,0,0,0,0,0,0
42.40926761699978,15.5531914893617,270.0,0.0429583383127908,78.69999694824219,78.69999694824219,0,0,0,1,0,1,0,0,0,0,0,0,0,0,0,0,0,0,0,0,0
11.476889408582997,30.0,266.0,0.0402547657801469,78.69999694824219,78.69999694824219,0,0,0,1,0,0,0,0,0,0,0,0,1,0,0,0,0,0,0,0,0
54.887535512565,30.0,266.5,0.0403426142515463,78.69999694824219,78.69999694824219,0,0,0,1,0,0,0,0,0,0,0,0,1,0,0,0,0,0,0,0,0
170.418927010432,30.0,265.0,0.0413522272580738,78.69999694824219,78.69999694824219,0,0,0,1,0,0,0,0,0,0,0,0,1,0,0,0,0,0,0,0,0
49.696848839647565,30.0,263.5,0.0407266825681964,78.69999694824219,78.69999694824219,0,0,0,1,0,0,0,0,0,0,0,0,1,0,0,0,0,0,0,0,0
104.1852919202003,30.0,269.5,0.0415922278316906,78.69999694824219,78.69999694824219,0,0,0,1,0,0,0,0,0,0,0,0,1,0,0,0,0,0,0,0,0
99.15468386248604,30.0,271.5,0.0415731526944007,78.69999694824219,78.69999694824219,0,0,0,1,0,0,0,0,0,0,0,0,1,0,0,0,0,0,0,0,0
110.30993278075418,30.0,269.0,0.040858771701444,78.69999694824219,78.69999694824219,0,0,0,1,0,0,0,0,0,0,0,0,1,0,0,0,0,0,0,0,0
49.6976358955601,30.0,260.0,0.0396870066058735,78.69999694824219,78.69999694824219,0,0,0,1,0,0,0,0,0,0,0,0,1,0,0,0,0,0,0,0,0
49.6976358955601,30.0,260.0,0.0396870066058735,78.69999694824219,78.69999694824219,0,0,0,1,0,0,0,0,0,0,0,0,1,0,0,0,0,0,0,0,0
93.91165179758008,30.0,263.0,0.0399492142395368,78.69999694824219,78.69999694824219,0,0,0,1,0,0,0,0,0,0,0,0,1,0,0,0,0,0,0,0,0
8.212250518666195,30.0,265.0,0.0405715212519868,78.69999694824219,78.69999694824219,0,0,0,1,0,0,0,0,0,0,0,0,1,0,0,0,0,0,0,0,0
71.09248373515265,30.0,265.5,0.0404505256919155,78.69999694824219,78.69999694824219,0,0,0,1,0,0,0,0,0,0,0,0,1,0,0,0,0,0,0,0,0
60.68889229254554,30.0,261.0,0.0402343305229889,78.69999694824219,78.69999694824219,0,0,0,1,0,0,0,0,0,0,0,0,1,0,0,0,0,0,0,0,0
60.68889229254554,30.0,261.0,0.0402343305229889,78.69999694824219,78.69999694824219,0,0,0,1,0,0,0,0,0,0,0,0,1,0,0,0,0,0,0,0,0
62.179110007830246,30.0,263.0,0.0403872156651126,78.69999694824219,78.69999694824219,0,0,0,1,0,0,0,0,0,0,0,0,1,0,0,0,0,0,0,0,0
139.14331208478922,30.0,269.5,0.0423577967792844,78.69999694824219,78.69999694824219,0,0,0,1,0,0,0,0,0,0,0,0,1,0,0,0,0,0,0,0,0
104.18529192020031,30.0,269.5,0.0415922278316906,78.69999694824219,78.69999694824219,0,0,0,1,0,0,0,0,0,0,0,0,1,0,0,0,0,0,0,0,0
170.41892701043196,30.0,265.0,0.0413522272580738,78.69999694824219,78.69999694824219,0,0,0,1,0,0,0,0,0,0,0,0,1,0,0,0,0,0,0,0,0
139.14331208478922,30.0,269.5,0.0423577967792844,78.69999694824219,78.69999694824219,0,0,0,1,0,0,0,0,0,0,0,0,1,0,0,0,0,0,0,0,0
67.48451174344095,30.0,264.0,0.0393884481777748,78.69999694824219,78.69999694824219,0,0,0,1,0,0,0,0,0,0,0,0,1,0,0,0,0,0,0,0,0
83.60887187125793,30.0,264.0,0.0388528528077014,78.69999694824219,78.69999694824219,0,0,0,1,0,0,0,0,0,0,0,0,1,0,0,0,0,0,0,0,0
104.01561524725408,30.0,267.0,0.0394708756797715,78.69999694824219,78.69999694824219,0,0,0,1,0,0,0,0,0,0,0,0,1,0,0,0,0,0,0,0,0
112.2346165824838,30.0,271.5,0.04123757068944,78.69999694824219,78.69999694824219,0,0,0,1,0,0,0,0,0,0,0,0,1,0,0,0,0,0,0,0,0
336.9506613152597,30.0,264.0,0.0390880467918034,78.69999694824219,78.69999694824219,0,0,0,1,0,0,0,0,0,0,0,0,1,0,0,0,0,0,0,0,0
92.00890628056604,30.0,265.5,0.0400053804889378,78.69999694824219,78.69999694824219,0,0,0,1,0,0,0,0,0,0,0,0,1,0,0,0,0,0,0,0,0
67.48451174344095,30.0,264.0,0.0393884481777748,78.69999694824219,78.69999694824219,0,0,0,1,0,0,0,0,0,0,0,0,1,0,0,0,0,0,0,0,0
336.9506613152597,30.0,264.0,0.0390880467918034,78.69999694824219,78.69999694824219,0,0,0,1,0,0,0,0,0,0,0,0,1,0,0,0,0,0,0,0,0
83.60887187125793,30.0,264.0,0.0388528528077014,78.69999694824219,78.69999694824219,0,0,0,1,0,0,0,0,0,0,0,0,1,0,0,0,0,0,0,0,0
82.00290257933503,30.0,264.5,0.0382647109732363,78.69999694824219,78.69999694824219,0,0,0,1,0,0,0,0,0,0,0,0,1,0,0,0,0,0,0,0,0
88.80564518046882,30.0,267.0,0.0380990433678218,78.69999694824219,78.69999694824219,0,0,0,1,0,0,0,0,0,0,0,0,1,0,0,0,0,0,0,0,0
222.10067820412849,30.0,260.5,0.0371390592061821,78.69999694824219,78.69999694824219,0,0,0,1,0,0,0,0,0,0,0,0,1,0,0,0,0,0,0,0,0
82.00290257933503,30.0,264.5,0.0382647109732363,78.69999694824219,78.69999694824219,0,0,0,1,0,0,0,0,0,0,0,0,1,0,0,0,0,0,0,0,0
210.10742913078488,30.0,265.0,0.0371204069564984,78.69999694824219,78.69999694824219,0,0,0,1,0,0,0,0,0,0,0,0,1,0,0,0,0,0,0,0,0
66.39779312911409,30.0,257.0,0.0360319903313614,78.69999694824219,78.69999694824219,0,0,0,1,0,0,0,0,0,0,0,0,1,0,0,0,0,0,0,0,0
59.65336005220152,30.0,260.5,0.036282495637938,78.69999694824219,78.69999694824219,0,0,0,1,0,0,0,0,0,0,0,0,1,0,0,0,0,0,0,0,0
222.1006782041284,30.0,260.5,0.0371390592061821,78.69999694824219,78.69999694824219,0,0,0,1,0,0,0,0,0,0,0,0,1,0,0,0,0,0,0,0,0
66.39779312911409,30.0,257.0,0.0360319903313614,78.69999694824219,78.69999694824219,0,0,0,1,0,0,0,0,0,0,0,0,1,0,0,0,0,0,0,0,0
95.7860886956489,15.5531914893617,276.0,0.0396078233209517,78.69999694824219,78.69999694824219,0,0,0,1,0,1,0,0,0,0,0,0,0,0,0,0,0,0,0,0,0
260.4945507253741,30.0,277.0,0.0384215098855282,78.69999694824219,78.69999694824219,0,0,0,1,0,0,0,0,0,0,0,0,1,0,0,0,0,0,0,0,0
112.65749316322729,30.0,276.0,0.0396724015048893,78.69999694824219,78.69999694824219,0,0,0,1,0,0,0,0,0,0,0,0,1,0,0,0,0,0,0,0,0
21.772721324007115,30.0,275.5,0.0401417683879977,78.69999694824219,78.69999694824219,0,0,0,1,0,0,0,0,0,0,0,0,1,0,0,0,0,0,0,0,0
66.16938623107781,15.5531914893617,275.0,0.0403213260746838,78.69999694824219,78.69999694824219,0,0,0,1,0,1,0,0,0,0,0,0,0,0,0,0,0,0,0,0,0
35.64904946770777,30.0,276.0,0.0403497350387474,78.69999694824219,78.69999694824219,0,0,0,1,0,0,0,0,0,0,0,0,1,0,0,0,0,0,0,0,0
66.89181426972078,15.5531914893617,274.5,0.0402447568664023,78.69999694824219,78.69999694824219,0,0,0,1,0,1,0,0,0,0,0,0,0,0,0,0,0,0,0,0,0
21.319828591641738,15.5531914893617,273.5,0.0405138968813514,78.69999694824219,78.69999694824219,0,0,0,1,0,1,0,0,0,0,0,0,0,0,0,0,0,0,0,0,0
66.16938623107781,15.5531914893617,275.0,0.0403213260746838,78.69999694824219,78.69999694824219,0,0,0,1,0,1,0,0,0,0,0,0,0,0,0,0,0,0,0,0,0
46.16219394588676,15.5531914893617,273.5,0.0405796754819161,78.69999694824219,78.69999694824219,0,0,0,1,0,1,0,0,0,0,0,0,0,0,0,0,0,0,0,0,0
32.78980114674072,15.5531914893617,273.0,0.0406502355560646,78.69999694824219,78.69999694824219,0,0,0,1,0,1,0,0,0,0,0,0,0,0,0,0,0,0,0,0,0
20.991258386352683,15.5531914893617,273.0,0.0406502355560646,78.69999694824219,78.69999694824219,0,0,0,1,0,1,0,0,0,0,0,0,0,0,0,0,0,0,0,0,0
46.16219394588676,15.5531914893617,273.5,0.0405796754819161,78.69999694824219,78.69999694824219,0,0,0,1,0,1,0,0,0,0,0,0,0,0,0,0,0,0,0,0,0
39.90236342853079,15.5531914893617,272.0,0.0412055151165772,78.69999694824219,78.69999694824219,0,0,0,1,0,1,0,0,0,0,0,0,0,0,0,0,0,0,0,0,0
39.90236342853079,15.5531914893617,272.0,0.0412055151165772,78.69999694824219,78.69999694824219,0,0,0,1,0,1,0,0,0,0,0,0,0,0,0,0,0,0,0,0,0
76.87989247777716,15.5531914893617,273.0,0.0408945297148169,78.69999694824219,78.69999694824219,0,0,0,1,0,1,0,0,0,0,0,0,0,0,0,0,0,0,0,0,0
8.822738613021423,30.0,273.0,0.0410365201714118,78.69999694824219,78.69999694824219,0,0,0,1,0,0,0,0,0,0,0,0,1,0,0,0,0,0,0,0,0
11.712959799247546,30.0,273.0,0.0410804009876999,78.69999694824219,78.69999694824219,0,0,0,1,0,0,0,0,0,0,0,0,1,0,0,0,0,0,0,0,0
81.29243033466835,15.5531914893617,272.5,0.0413644784045173,78.69999694824219,78.69999694824219,0,0,0,1,0,1,0,0,0,0,0,0,0,0,0,0,0,0,0,0,0
1058.829208629088,70.0,231.0,0.0433264761565115,78.69999694824219,78.69999694824219,0,0,0,1,0,0,0,0,0,0,0,0,0,0,1,0,0,0,0,0,0
153.6843047483348,70.0,203.0,0.046872284107971,78.69999694824219,78.69999694824219,0,0,0,1,0,0,0,0,0,0,0,0,0,0,1,0,0,0,0,0,0
33.870226042511646,33.595391008689084,211.5,0.0468446388235487,78.69999694824219,78.69999694824219,0,0,0,1,0,0,0,0,0,0,0,0,1,0,0,0,0,0,0,0,0
233.42061976376112,33.595391008689084,221.0,0.04640066357011,78.69999694824219,78.69999694824219,0,0,0,1,0,0,0,0,0,0,0,0,1,0,0,0,0,0,0,0,0
110.36969042639728,33.595391008689084,214.0,0.0466371827353832,78.69999694824219,78.69999694824219,0,0,0,1,0,0,0,0,0,0,0,0,1,0,0,0,0,0,0,0,0
233.42061976376107,33.595391008689084,221.0,0.04640066357011,78.69999694824219,78.69999694824219,0,0,0,1,0,0,0,0,0,0,0,0,1,0,0,0,0,0,0,0,0
33.870226042511646,33.595391008689084,211.5,0.0468446388235487,78.69999694824219,78.69999694824219,0,0,0,1,0,0,0,0,0,0,0,0,1,0,0,0,0,0,0,0,0
110.36969042639728,33.595391008689084,214.0,0.0466371827353832,78.69999694824219,78.69999694824219,0,0,0,1,0,0,0,0,0,0,0,0,1,0,0,0,0,0,0,0,0
112.2011371007744,30.0,270.5,0.0380373338600585,78.69999694824219,78.69999694824219,0,0,0,1,0,0,0,0,0,0,0,0,1,0,0,0,0,0,0,0,0
69.59222361000373,30.0,271.5,0.0375445787856942,78.69999694824219,78.69999694824219,0,0,0,1,0,0,0,0,0,0,0,0,1,0,0,0,0,0,0,0,0
66.34154299221737,30.0,273.0,0.037902924817367,78.69999694824219,78.69999694824219,0,0,0,1,0,0,0,0,0,0,0,0,1,0,0,0,0,0,0,0,0
49.639915365769966,30.0,268.0,0.0366252845594251,78.69999694824219,78.69999694824219,0,0,0,1,0,0,0,0,0,0,0,0,1,0,0,0,0,0,0,0,0
76.1721979277039,30.0,269.0,0.0369149304605744,78.69999694824219,78.69999694824219,0,0,0,1,0,0,0,0,0,0,0,0,1,0,0,0,0,0,0,0,0
37.49229813066235,30.0,267.0,0.0364652599780567,78.69999694824219,78.69999694824219,0,0,0,1,0,0,0,0,0,0,0,0,1,0,0,0,0,0,0,0,0
88.8056451804688,30.0,267.0,0.0380990433678218,78.69999694824219,78.69999694824219,0,0,0,1,0,0,0,0,0,0,0,0,1,0,0,0,0,0,0,0,0
112.2011371007744,30.0,270.5,0.0380373338600585,78.69999694824219,78.69999694824219,0,0,0,1,0,0,0,0,0,0,0,0,1,0,0,0,0,0,0,0,0
74.1663863440116,30.0,269.5,0.0379140646468348,78.69999694824219,78.69999694824219,0,0,0,1,0,0,0,0,0,0,0,0,1,0,0,0,0,0,0,0,0
74.1663863440116,30.0,269.5,0.0379140646468348,78.69999694824219,78.69999694824219,0,0,0,1,0,0,0,0,0,0,0,0,1,0,0,0,0,0,0,0,0
66.34154299221737,30.0,273.0,0.037902924817367,78.69999694824219,78.69999694824219,0,0,0,1,0,0,0,0,0,0,0,0,1,0,0,0,0,0,0,0,0
52.82104718880335,30.0,271.5,0.037271976467947,78.69999694824219,78.69999694824219,0,0,0,1,0,0,0,0,0,0,0,0,1,0,0,0,0,0,0,0,0
69.59222361000373,30.0,271.5,0.0375445787856942,78.69999694824219,78.69999694824219,0,0,0,1,0,0,0,0,0,0,0,0,1,0,0,0,0,0,0,0,0
76.1721979277039,30.0,269.0,0.0369149304605744,78.69999694824219,78.69999694824219,0,0,0,1,0,0,0,0,0,0,0,0,1,0,0,0,0,0,0,0,0
52.82104718880335,30.0,271.5,0.037271976467947,78.69999694824219,78.69999694824219,0,0,0,1,0,0,0,0,0,0,0,0,1,0,0,0,0,0,0,0,0
49.639915365769966,30.0,268.0,0.0366252845594251,78.69999694824219,78.69999694824219,0,0,0,1,0,0,0,0,0,0,0,0,1,0,0,0,0,0,0,0,0
37.49229813066235,30.0,267.0,0.0364652599780567,78.69999694824219,78.69999694824219,0,0,0,1,0,0,0,0,0,0,0,0,1,0,0,0,0,0,0,0,0
71.83229245589857,30.0,266.0,0.0363000542426957,78.69999694824219,78.69999694824219,0,0,0,1,0,0,0,0,0,0,0,0,1,0,0,0,0,0,0,0,0
45.047944212103104,30.0,267.0,0.0361448448129875,78.69999694824219,78.69999694824219,0,0,0,1,0,0,0,0,0,0,0,0,1,0,0,0,0,0,0,0,0
45.047944212103104,30.0,267.0,0.0361448448129875,78.69999694824219,78.69999694824219,0,0,0,1,0,0,0,0,0,0,0,0,1,0,0,0,0,0,0,0,0
93.83674336520016,30.0,290.0,0.0332958618441005,78.69999694824219,78.69999694824219,0,0,0,1,0,0,0,0,0,0,0,0,1,0,0,0,0,0,0,0,0
92.89941097956984,30.0,292.0,0.0336243594774524,78.69999694824219,78.69999694824219,0,0,0,1,0,0,0,0,0,0,0,0,1,0,0,0,0,0,0,0,0
59.162917178315936,30.0,295.0,0.0329617522391878,78.69999694824219,78.69999694824219,0,0,0,1,0,0,0,0,0,0,0,0,1,0,0,0,0,0,0,0,0
207.0181846508331,33.595391008689084,286.5,0.0340214987711379,78.69999694824219,78.69999694824219,0,0,0,1,0,0,0,0,0,0,0,0,1,0,0,0,0,0,0,0,0
78.78333884229039,30.0,292.0,0.0335183770198097,78.69999694824219,78.69999694824219,0,0,0,1,0,0,0,0,0,0,0,0,1,0,0,0,0,0,0,0,0
92.89941097956984,30.0,292.0,0.0336243594774524,78.69999694824219,78.69999694824219,0,0,0,1,0,0,0,0,0,0,0,0,1,0,0,0,0,0,0,0,0
73.61623866831822,30.0,286.5,0.0343418915929215,78.69999694824219,78.69999694824219,0,0,0,1,0,0,0,0,0,0,0,0,1,0,0,0,0,0,0,0,0
34.49379974412046,33.595391008689084,288.0,0.0471530066560725,78.69999694824219,78.69999694824219,0,0,0,1,0,0,0,0,0,0,0,0,1,0,0,0,0,0,0,0,0
40.923546080214535,30.0,274.0,0.0387525108824188,78.69999694824219,78.69999694824219,0,0,0,1,0,0,0,0,0,0,0,0,1,0,0,0,0,0,0,0,0
32.485255524601655,33.595391008689084,272.5,0.0414443499150318,78.69999694824219,78.69999694824219,0,0,0,1,0,0,0,0,0,0,0,0,1,0,0,0,0,0,0,0,0
46.276596156718384,33.595391008689084,266.5,0.0416990642965845,78.69999694824219,78.69999694824219,0,0,0,1,0,0,0,0,0,0,0,0,1,0,0,0,0,0,0,0,0
100.4249024161251,33.595391008689084,268.5,0.0421047855971615,78.69999694824219,78.69999694824219,0,0,0,1,0,0,0,0,0,0,0,0,1,0,0,0,0,0,0,0,0
100.4249024161251,33.595391008689084,268.5,0.0421047855971615,78.69999694824219,78.69999694824219,0,0,0,1,0,0,0,0,0,0,0,0,1,0,0,0,0,0,0,0,0
93.83674336520016,30.0,290.0,0.0332958618441005,78.69999694824219,78.69999694824219,0,0,0,1,0,0,0,0,0,0,0,0,1,0,0,0,0,0,0,0,0
132.90946116669673,33.595391008689084,282.5,0.0339536435673732,78.69999694824219,78.69999694824219,0,0,0,1,0,0,0,0,0,0,0,0,1,0,0,0,0,0,0,0,0
75.76734653777012,30.0,290.5,0.032851894725535,78.69999694824219,78.69999694824219,0,0,0,1,0,0,0,0,0,0,0,0,1,0,0,0,0,0,0,0,0
75.76734653777012,30.0,290.5,0.032851894725535,78.69999694824219,78.69999694824219,0,0,0,1,0,0,0,0,0,0,0,0,1,0,0,0,0,0,0,0,0
58.7422193169691,30.0,296.0,0.0323108075478262,78.69999694824219,78.69999694824219,0,0,0,1,0,0,0,0,0,0,0,0,1,0,0,0,0,0,0,0,0
69.06853791386973,30.0,295.5,0.0325041940098316,78.69999694824219,78.69999694824219,0,0,0,1,0,0,0,0,0,0,0,0,1,0,0,0,0,0,0,0,0
386.81667365364297,30.0,293.5,0.0324864750015247,78.69999694824219,78.69999694824219,0,0,0,1,0,0,0,0,0,0,0,0,1,0,0,0,0,0,0,0,0
58.74221931696909,30.0,296.0,0.0323108075478262,78.69999694824219,78.69999694824219,0,0,0,1,0,0,0,0,0,0,0,0,1,0,0,0,0,0,0,0,0
153.7659545798867,30.0,304.5,0.0313801071761692,78.69999694824219,78.69999694824219,0,0,0,1,0,0,0,0,0,0,0,0,1,0,0,0,0,0,0,0,0
98.6022901163578,30.0,295.0,0.0327218005509232,78.69999694824219,78.69999694824219,0,0,0,1,0,0,0,0,0,0,0,0,1,0,0,0,0,0,0,0,0
83.23352636450232,30.0,290.5,0.0332302002452806,78.69999694824219,78.69999694824219,0,0,0,1,0,0,0,0,0,0,0,0,1,0,0,0,0,0,0,0,0
386.81667365364297,30.0,293.5,0.0324864750015247,78.69999694824219,78.69999694824219,0,0,0,1,0,0,0,0,0,0,0,0,1,0,0,0,0,0,0,0,0
31.03877073311557,30.0,298.0,0.0323519184522011,78.69999694824219,78.69999694824219,0,0,0,1,0,0,0,0,0,0,0,0,1,0,0,0,0,0,0,0,0
19.320241495507197,30.0,296.0,0.0325461963197197,78.69999694824219,78.69999694824219,0,0,0,1,0,0,0,0,0,0,0,0,1,0,0,0,0,0,0,0,0
59.162917178315936,30.0,295.0,0.0329617522391878,78.69999694824219,78.69999694824219,0,0,0,1,0,0,0,0,0,0,0,0,1,0,0,0,0,0,0,0,0
153.7659545798867,30.0,304.5,0.0313801071761692,78.69999694824219,78.69999694824219,0,0,0,1,0,0,0,0,0,0,0,0,1,0,0,0,0,0,0,0,0
121.6527714602415,30.0,315.5,0.0298319515832857,78.69999694824219,78.69999694824219,0,0,0,1,0,0,0,0,0,0,0,0,1,0,0,0,0,0,0,0,0
25.42388509955945,30.0,308.0,0.0307278876278983,78.69999694824219,78.69999694824219,0,0,0,1,0,0,0,0,0,0,0,0,1,0,0,0,0,0,0,0,0
6.944006252785667,30.0,303.0,0.0311405201800957,78.69999694824219,78.69999694824219,0,0,0,1,0,0,0,0,0,0,0,0,1,0,0,0,0,0,0,0,0
140.6189395508282,30.0,308.5,0.0303280851929324,78.69999694824219,78.69999694824219,0,0,0,1,0,0,0,0,0,0,0,0,1,0,0,0,0,0,0,0,0
75.54661752312586,30.0,303.5,0.0309672527656522,78.69999694824219,78.69999694824219,0,0,0,1,0,0,0,0,0,0,0,0,1,0,0,0,0,0,0,0,0
25.42388509955945,30.0,308.0,0.0307278876278983,78.69999694824219,78.69999694824219,0,0,0,1,0,0,0,0,0,0,0,0,1,0,0,0,0,0,0,0,0
75.54661752312586,30.0,303.5,0.0309672527656522,78.69999694824219,78.69999694824219,0,0,0,1,0,0,0,0,0,0,0,0,1,0,0,0,0,0,0,0,0
94.36885710896784,30.0,302.0,0.0314014304504603,78.69999694824219,78.69999694824219,0,0,0,1,0,0,0,0,0,0,0,0,1,0,0,0,0,0,0,0,0
121.6527714602415,30.0,315.5,0.0298319515832857,78.69999694824219,78.69999694824219,0,0,0,1,0,0,0,0,0,0,0,0,1,0,0,0,0,0,0,0,0
56.42838724411657,30.0,309.0,0.0309019259029467,78.69999694824219,78.69999694824219,0,0,0,1,0,0,0,0,0,0,0,0,1,0,0,0,0,0,0,0,0
65.96664949951912,30.0,305.0,0.0314948182139625,78.69999694824219,78.69999694824219,0,0,0,1,0,0,0,0,0,0,0,0,1,0,0,0,0,0,0,0,0
80.2180335285345,30.0,306.5,0.0311178215223105,78.69999694824219,78.69999694824219,0,0,0,1,0,0,0,0,0,0,0,0,1,0,0,0,0,0,0,0,0
36.2487964217617,30.0,306.0,0.0306938779438587,78.69999694824219,78.69999694824219,0,0,0,1,0,0,0,0,0,0,0,0,1,0,0,0,0,0,0,0,0
56.42838724411657,30.0,309.0,0.0309019259029467,78.69999694824219,78.69999694824219,0,0,0,1,0,0,0,0,0,0,0,0,1,0,0,0,0,0,0,0,0
26.474886777906093,30.0,310.5,0.030579403667871,78.69999694824219,78.69999694824219,0,0,0,1,0,0,0,0,0,0,0,0,1,0,0,0,0,0,0,0,0
195.5809925780445,30.0,301.0,0.0319539444555577,78.69999694824219,78.69999694824219,0,0,0,1,0,0,0,0,0,0,0,0,1,0,0,0,0,0,0,0,0
36.2487964217617,30.0,306.0,0.0306938779438587,78.69999694824219,78.69999694824219,0,0,0,1,0,0,0,0,0,0,0,0,1,0,0,0,0,0,0,0,0
89.42442294618122,30.0,311.5,0.0305592180468266,78.69999694824219,78.69999694824219,0,0,0,1,0,0,0,0,0,0,0,0,1,0,0,0,0,0,0,0,0
91.54664409165194,30.0,316.5,0.0297936977922606,78.69999694824219,78.69999694824219,0,0,0,1,0,0,0,0,0,0,0,0,1,0,0,0,0,0,0,0,0
26.474886777906093,30.0,310.5,0.030579403667871,78.69999694824219,78.69999694824219,0,0,0,1,0,0,0,0,0,0,0,0,1,0,0,0,0,0,0,0,0
89.42442294618122,30.0,311.5,0.0305592180468266,78.69999694824219,78.69999694824219,0,0,0,1,0,0,0,0,0,0,0,0,1,0,0,0,0,0,0,0,0
89.46241764237048,30.0,297.0,0.0325468367665734,78.69999694824219,78.69999694824219,0,0,0,1,0,0,0,0,0,0,0,0,1,0,0,0,0,0,0,0,0
78.7833388422904,30.0,292.0,0.0335183770198097,78.69999694824219,78.69999694824219,0,0,0,1,0,0,0,0,0,0,0,0,1,0,0,0,0,0,0,0,0
195.5809925780445,30.0,301.0,0.0319539444555577,78.69999694824219,78.69999694824219,0,0,0,1,0,0,0,0,0,0,0,0,1,0,0,0,0,0,0,0,0
89.46241764237048,30.0,297.0,0.0325468367665734,78.69999694824219,78.69999694824219,0,0,0,1,0,0,0,0,0,0,0,0,1,0,0,0,0,0,0,0,0
65.96664949951912,30.0,305.0,0.0314948182139625,78.69999694824219,78.69999694824219,0,0,0,1,0,0,0,0,0,0,0,0,1,0,0,0,0,0,0,0,0
74.23895170917771,30.0,300.0,0.0320370510188705,78.69999694824219,78.69999694824219,0,0,0,1,0,0,0,0,0,0,0,0,1,0,0,0,0,0,0,0,0
74.23895170917771,30.0,300.0,0.0320370510188705,78.69999694824219,78.69999694824219,0,0,0,1,0,0,0,0,0,0,0,0,1,0,0,0,0,0,0,0,0
31.03877073311557,30.0,298.0,0.0323519184522011,78.69999694824219,78.69999694824219,0,0,0,1,0,0,0,0,0,0,0,0,1,0,0,0,0,0,0,0,0
33.9226220380997,30.0,300.0,0.032052758593218,78.69999694824219,78.69999694824219,0,0,0,1,0,0,0,0,0,0,0,0,1,0,0,0,0,0,0,0,0
71.62486861666525,30.0,301.5,0.0316659887455775,78.69999694824219,78.69999694824219,0,0,0,1,0,0,0,0,0,0,0,0,1,0,0,0,0,0,0,0,0
94.36885710896784,30.0,302.0,0.0314014304504603,78.69999694824219,78.69999694824219,0,0,0,1,0,0,0,0,0,0,0,0,1,0,0,0,0,0,0,0,0
33.9226220380997,30.0,300.0,0.032052758593218,78.69999694824219,78.69999694824219,0,0,0,1,0,0,0,0,0,0,0,0,1,0,0,0,0,0,0,0,0
43.34096427309584,30.0,298.0,0.0322470364607367,78.69999694824219,78.69999694824219,0,0,0,1,0,0,0,0,0,0,0,0,1,0,0,0,0,0,0,0,0
69.06853791386973,30.0,295.5,0.0325041940098316,78.69999694824219,78.69999694824219,0,0,0,1,0,0,0,0,0,0,0,0,1,0,0,0,0,0,0,0,0
19.320241495507197,30.0,296.0,0.0325461963197197,78.69999694824219,78.69999694824219,0,0,0,1,0,0,0,0,0,0,0,0,1,0,0,0,0,0,0,0,0
43.34096427309585,30.0,298.0,0.0322470364607367,78.69999694824219,78.69999694824219,0,0,0,1,0,0,0,0,0,0,0,0,1,0,0,0,0,0,0,0,0
6.036032286819759,30.0,291.5,0.0336623157842632,78.69999694824219,78.69999694824219,0,0,0,1,0,0,0,0,0,0,0,0,1,0,0,0,0,0,0,0,0
83.23352636450232,30.0,290.5,0.0332302002452806,78.69999694824219,78.69999694824219,0,0,0,1,0,0,0,0,0,0,0,0,1,0,0,0,0,0,0,0,0
1.6769793163242608,15.5531914893617,289.0,0.0339149502388692,78.69999694824219,78.69999694824219,0,0,0,1,0,1,0,0,0,0,0,0,0,0,0,0,0,0,0,0,0
36.45226376512914,30.0,290.0,0.0337692716636964,78.69999694824219,78.69999694824219,0,0,0,1,0,0,0,0,0,0,0,0,1,0,0,0,0,0,0,0,0
219.95145392621697,15.5531914893617,287.5,0.0350428632624786,78.69999694824219,78.69999694824219,0,0,0,1,0,1,0,0,0,0,0,0,0,0,0,0,0,0,0,0,0
143.44583096635992,15.5531914893617,287.5,0.0350428632624786,78.69999694824219,78.69999694824219,0,0,0,1,0,1,0,0,0,0,0,0,0,0,0,0,0,0,0,0,0
44.54864010087674,15.5531914893617,286.0,0.0359707127640904,78.69999694824219,78.69999694824219,0,0,0,1,0,1,0,0,0,0,0,0,0,0,0,0,0,0,0,0,0
219.95145392621697,15.5531914893617,287.5,0.0350428632624786,78.69999694824219,78.69999694824219,0,0,0,1,0,1,0,0,0,0,0,0,0,0,0,0,0,0,0,0,0
143.4458309663599,15.5531914893617,287.5,0.0350428632624786,78.69999694824219,78.69999694824219,0,0,0,1,0,1,0,0,0,0,0,0,0,0,0,0,0,0,0,0,0
28.42779014752745,15.5531914893617,289.0,0.0340913668715349,78.69999694824219,78.69999694824219,0,0,0,1,0,1,0,0,0,0,0,0,0,0,0,0,0,0,0,0,0
44.54864010087674,15.5531914893617,286.0,0.0359707127640904,78.69999694824219,78.69999694824219,0,0,0,1,0,1,0,0,0,0,0,0,0,0,0,0,0,0,0,0,0
98.6022901163578,30.0,295.0,0.0327218005509232,78.69999694824219,78.69999694824219,0,0,0,1,0,0,0,0,0,0,0,0,1,0,0,0,0,0,0,0,0
66.11392283074996,30.0,301.5,0.0325665330695673,78.69999694824219,78.69999694824219,0,0,0,1,0,0,0,0,0,0,0,0,1,0,0,0,0,0,0,0,0
136.61354825314143,30.0,297.0,0.0334282277333984,78.69999694824219,78.69999694824219,0,0,0,1,0,0,0,0,0,0,0,0,1,0,0,0,0,0,0,0,0
132.90946116669673,33.595391008689084,282.5,0.0339536435673732,78.69999694824219,78.69999694824219,0,0,0,1,0,0,0,0,0,0,0,0,1,0,0,0,0,0,0,0,0
207.01818465083304,33.595391008689084,286.5,0.0340214987711379,78.69999694824219,78.69999694824219,0,0,0,1,0,0,0,0,0,0,0,0,1,0,0,0,0,0,0,0,0
82.43126802146402,33.595391008689084,276.5,0.034490556902008,78.69999694824219,78.69999694824219,0,0,0,1,0,0,0,0,0,0,0,0,1,0,0,0,0,0,0,0,0
44.96889141882245,33.595391008689084,322.0,0.0291604533649843,78.69999694824219,78.69999694824219,0,0,0,1,0,0,0,0,0,0,0,0,1,0,0,0,0,0,0,0,0
159.17752919043215,33.595391008689084,278.5,0.0335832356090012,78.69999694824219,78.69999694824219,0,0,0,1,0,0,0,0,0,0,0,0,1,0,0,0,0,0,0,0,0
34.97271160414472,33.595391008689084,246.5,0.046844461177486,78.69999694824219,78.69999694824219,0,0,0,1,0,0,0,0,0,0,0,0,1,0,0,0,0,0,0,0,0
37.3245039701989,33.595391008689084,250.0,0.0480825089977751,78.69999694824219,78.69999694824219,0,0,0,1,0,0,0,0,0,0,0,0,1,0,0,0,0,0,0,0,0
28.424563172345195,30.0,248.0,0.0480284560466818,78.69999694824219,78.69999694824219,0,0,0,1,0,0,0,0,0,0,0,0,1,0,0,0,0,0,0,0,0
144.10174786217846,30.0,252.0,0.048536868756,78.69999694824219,78.69999694824219,0,0,0,1,0,0,0,0,0,0,0,0,1,0,0,0,0,0,0,0,0
37.3245039701989,33.595391008689084,250.0,0.0480825089977751,78.69999694824219,78.69999694824219,0,0,0,1,0,0,0,0,0,0,0,0,1,0,0,0,0,0,0,0,0
172.69278297589742,33.595391008689084,133.0,0.0024963173062867,74.4000015258789,74.4000015258789,0,1,1,0,0,0,0,0,0,0,0,0,1,0,0,0,0,0,0,0,0
26.88456468753388,33.595391008689084,133.0,0.002109551053776,74.4000015258789,74.4000015258789,0,0,1,0,0,0,0,0,0,0,0,0,1,0,0,0,0,0,0,0,0
173.75809674716723,33.595391008689084,131.5,0.0016327677509445,74.4000015258789,74.4000015258789,0,1,1,0,0,0,0,0,0,0,0,0,1,0,0,0,0,0,0,0,0
88.00271843888011,33.595391008689084,133.0,0.0024525306418462,74.4000015258789,74.4000015258789,0,0,1,0,0,0,0,0,0,0,0,0,1,0,0,0,0,0,0,0,0
172.69278297589742,33.595391008689084,133.0,0.0024963173062867,74.4000015258789,74.4000015258789,0,1,1,0,0,0,0,0,0,0,0,0,1,0,0,0,0,0,0,0,0
109.0736199195735,33.595391008689084,133.0,0.0023990904028136,74.4000015258789,74.4000015258789,0,0,1,0,0,0,0,0,0,0,0,0,1,0,0,0,0,0,0,0,0
72.94183459382768,33.595391008689084,132.0,0.0031108038231566,74.4000015258789,74.4000015258789,0,0,1,0,0,0,0,0,0,0,0,0,1,0,0,0,0,0,0,0,0
121.77003502218858,33.595391008689084,131.0,0.0031197981960779,74.4000015258789,74.4000015258789,0,0,1,0,0,0,0,0,0,0,0,0,1,0,0,0,0,0,0,0,0
72.94183459382769,33.595391008689084,132.0,0.0031108038231566,74.4000015258789,74.4000015258789,0,0,1,0,0,0,0,0,0,0,0,0,1,0,0,0,0,0,0,0,0
125.94141174678312,33.595391008689084,130.5,0.0038173321480745,74.4000015258789,74.4000015258789,0,0,1,0,0,0,0,0,0,0,0,0,1,0,0,0,0,0,0,0,0
100.25716689110465,33.595391008689084,131.0,0.0038081500879876,74.4000015258789,74.4000015258789,0,0,1,0,0,0,0,0,0,0,0,0,1,0,0,0,0,0,0,0,0
113.24379145771223,33.595391008689084,130.0,0.0042429368454777,74.4000015258789,74.4000015258789,0,0,0,1,0,0,0,0,0,0,0,0,1,0,0,0,0,0,0,0,0
125.94141174678312,33.595391008689084,130.5,0.0038173321480745,74.4000015258789,74.4000015258789,0,0,1,0,0,0,0,0,0,0,0,0,1,0,0,0,0,0,0,0,0
68.16323635688316,33.595391008689084,130.5,0.0042261543383289,74.4000015258789,74.4000015258789,0,0,0,1,0,0,0,0,0,0,0,0,1,0,0,0,0,0,0,0,0
110.33617356080886,33.595391008689084,300.5,0.0241197419625469,86.80000305175781,86.80000305175781,0,0,0,1,0,0,0,0,0,0,0,0,1,0,0,0,0,0,0,0,0
1495.8182003634815,75.0,273.5,0.0318547738186788,86.80000305175781,86.80000305175781,0,0,0,1,0,0,0,0,0,0,0,0,0,0,1,0,0,0,0,0,0
336.49590045845105,50.0,303.0,0.0219206773632892,86.80000305175781,86.80000305175781,1,0,0,1,0,0,0,0,0,0,0,0,0,0,1,0,0,0,0,0,0
69.21212260737065,33.595391008689084,168.0,0.002398924980267,86.80000305175781,86.80000305175781,1,0,0,1,0,0,0,0,0,0,0,0,1,0,0,0,0,0,0,0,0
347.83831501801774,50.0,171.5,0.0039299751724748,86.80000305175781,86.80000305175781,1,0,0,1,0,0,0,0,0,0,1,0,0,0,0,0,0,0,0,0,0
154.1120417968929,50.0,155.5,0.0020176461692286,86.80000305175781,86.80000305175781,0,0,0,1,0,0,0,0,0,0,1,0,0,0,0,0,0,0,0,0,0
117.2117716990564,30.0,135.5,0.0074533892598604,78.69999694824219,78.69999694824219,0,0,0,1,0,0,0,0,0,0,0,0,1,0,0,0,0,0,0,0,0
149.2318680539276,30.0,135.0,0.0082716182262252,78.69999694824219,78.69999694824219,0,0,0,1,0,0,0,0,0,0,0,0,1,0,0,0,0,0,0,0,0
55.150045470016245,50.0,135.0,0.0070549673429224,94.10000610351562,94.10000610351562,0,0,0,1,0,0,0,0,0,0,0,0,1,0,0,0,0,0,0,0,0
94.18836826341963,30.0,135.5,0.0119880098012831,74.4000015258789,74.4000015258789,0,0,0,1,0,0,0,0,0,0,0,0,1,0,0,0,0,0,0,0,0
52.73820419085601,30.0,135.5,0.0115293031395997,74.4000015258789,74.4000015258789,0,0,0,1,0,0,0,0,0,0,0,0,1,0,0,0,0,0,0,0,0
115.64809224362246,30.0,135.5,0.0113892167153938,74.4000015258789,74.4000015258789,0,0,0,1,0,0,0,0,0,0,0,0,1,0,0,0,0,0,0,0,0
113.03819881371354,30.0,136.5,0.012146389951332,74.4000015258789,74.4000015258789,0,0,0,1,0,0,0,0,0,0,0,0,1,0,0,0,0,0,0,0,0
25.219737103077875,30.0,132.0,0.005697486496953,74.4000015258789,74.4000015258789,0,0,1,0,0,0,0,0,0,0,0,0,1,0,0,0,0,0,0,0,0
107.96935048163068,30.0,132.0,0.0058544036055987,74.4000015258789,74.4000015258789,0,0,1,0,0,0,0,0,0,0,0,0,1,0,0,0,0,0,0,0,0
100.2820211974376,33.595391008689084,131.5,0.0052647678592389,74.4000015258789,74.4000015258789,0,0,1,0,0,0,0,0,0,0,0,0,1,0,0,0,0,0,0,0,0
151.30614212535986,50.0,148.5,0.0046673923392906,74.4000015258789,74.4000015258789,0,0,0,1,0,0,0,0,0,0,0,0,0,0,0,0,1,0,0,0,0
242.04654461333087,42.33796296296296,149.5,0.0061294270835163,74.4000015258789,74.4000015258789,0,0,1,0,0,0,0,0,0,0,0,0,0,0,0,0,1,0,0,0,0
54.75765523701156,30.0,153.0,0.0051597497161204,74.4000015258789,74.4000015258789,0,0,0,1,0,0,0,0,0,0,0,0,1,0,0,0,0,0,0,0,0
51.856665450968336,33.595391008689084,152.0,0.0053061747131939,74.4000015258789,74.4000015258789,0,0,0,1,0,0,0,0,0,0,0,0,1,0,0,0,0,0,0,0,0
37.740772178800256,15.5531914893617,252.5,0.0404502811484061,78.69999694824219,78.69999694824219,0,0,0,1,0,1,0,0,0,0,0,0,0,0,0,0,0,0,0,0,0
42.094268767043,15.5531914893617,252.0,0.0409830577034234,78.69999694824219,78.69999694824219,0,0,0,1,0,1,0,0,0,0,0,0,0,0,0,0,0,0,0,0,0
37.740772178800256,15.5531914893617,252.5,0.0404502811484061,78.69999694824219,78.69999694824219,0,0,0,1,0,1,0,0,0,0,0,0,0,0,0,0,0,0,0,0,0
10.237536551043418,15.5531914893617,252.0,0.0406936094444621,78.69999694824219,78.69999694824219,0,0,0,1,0,1,0,0,0,0,0,0,0,0,0,0,0,0,0,0,0
37.63359758087675,15.5531914893617,252.0,0.0415155305724316,78.69999694824219,78.69999694824219,0,0,0,1,0,1,0,0,0,0,0,0,0,0,0,0,0,0,0,0,0
42.094268767043,15.5531914893617,252.0,0.0409830577034234,78.69999694824219,78.69999694824219,0,0,0,1,0,1,0,0,0,0,0,0,0,0,0,0,0,0,0,0,0
8.145998345956505,15.5531914893617,252.0,0.0412561674038736,78.69999694824219,78.69999694824219,0,0,0,1,0,1,0,0,0,0,0,0,0,0,0,0,0,0,0,0,0
48.71451660782325,15.5531914893617,252.0,0.042092746428739,78.69999694824219,78.69999694824219,0,0,0,1,0,1,0,0,0,0,0,0,0,0,0,0,0,0,0,0,0
37.63359758087675,15.5531914893617,252.0,0.0415155305724316,78.69999694824219,78.69999694824219,0,0,0,1,0,1,0,0,0,0,0,0,0,0,0,0,0,0,0,0,0
7.675849072275156,15.5531914893617,252.0,0.0417620558160436,78.69999694824219,78.69999694824219,0,0,0,1,0,1,0,0,0,0,0,0,0,0,0,0,0,0,0,0,0
57.03083507193574,15.5531914893617,252.0,0.0421056211614737,78.69999694824219,78.69999694824219,0,0,0,1,0,1,0,0,0,0,0,0,0,0,0,0,0,0,0,0,0
6.819355335442873,15.5531914893617,252.0,0.0424895735576245,78.69999694824219,78.69999694824219,0,0,0,1,0,1,0,0,0,0,0,0,0,0,0,0,0,0,0,0,0
10.237536551043418,15.5531914893617,252.0,0.0406936094444621,78.69999694824219,78.69999694824219,0,0,0,1,0,1,0,0,0,0,0,0,0,0,0,0,0,0,0,0,0
24.89703790235318,50.0,252.0,0.0405188856463305,78.69999694824219,78.69999694824219,0,0,0,1,0,0,0,0,0,0,0,0,1,0,0,0,0,0,0,0,0
42.11015704139989,50.0,252.0,0.0409667191449124,78.69999694824219,78.69999694824219,0,0,0,1,0,0,0,0,0,0,0,0,1,0,0,0,0,0,0,0,0
8.145998345956505,15.5531914893617,252.0,0.0412561674038736,78.69999694824219,78.69999694824219,0,0,0,1,0,1,0,0,0,0,0,0,0,0,0,0,0,0,0,0,0
42.11015704139989,50.0,252.0,0.0409667191449124,78.69999694824219,78.69999694824219,0,0,0,1,0,0,0,0,0,0,0,0,1,0,0,0,0,0,0,0,0
37.95265196331991,50.0,252.0,0.0415026926474857,78.69999694824219,78.69999694824219,0,0,0,1,0,0,0,0,0,0,0,0,1,0,0,0,0,0,0,0,0
7.675849072275156,15.5531914893617,252.0,0.0417620558160436,78.69999694824219,78.69999694824219,0,0,0,1,0,1,0,0,0,0,0,0,0,0,0,0,0,0,0,0,0
37.95265196331991,50.0,252.0,0.0415026926474857,78.69999694824219,78.69999694824219,0,0,0,1,0,0,0,0,0,0,0,0,1,0,0,0,0,0,0,0,0
49.649513906313445,50.0,252.0,0.0420805861994875,78.69999694824219,78.69999694824219,0,0,0,1,0,0,0,0,0,0,0,0,1,0,0,0,0,0,0,0,0
6.819355335442873,15.5531914893617,252.0,0.0424895735576245,78.69999694824219,78.69999694824219,0,0,0,1,0,1,0,0,0,0,0,0,0,0,0,0,0,0,0,0,0
8.785708379693654,15.5531914893617,252.0,0.0424310370645701,78.69999694824219,78.69999694824219,0,0,0,1,0,1,0,0,0,0,0,0,0,0,0,0,0,0,0,0,0
57.03083507193575,15.5531914893617,252.0,0.0421056211614737,78.69999694824219,78.69999694824219,0,0,0,1,0,1,0,0,0,0,0,0,0,0,0,0,0,0,0,0,0
48.71451660782325,15.5531914893617,252.0,0.042092746428739,78.69999694824219,78.69999694824219,0,0,0,1,0,1,0,0,0,0,0,0,0,0,0,0,0,0,0,0,0
13.253750969370149,15.5531914893617,252.0,0.0424112768121828,78.69999694824219,78.69999694824219,0,0,0,1,0,1,0,0,0,0,0,0,0,0,0,0,0,0,0,0,0
8.785708379693654,15.5531914893617,252.0,0.0424310370645701,78.69999694824219,78.69999694824219,0,0,0,1,0,1,0,0,0,0,0,0,0,0,0,0,0,0,0,0,0
81.8063928773798,15.5531914893617,251.5,0.0429637570183639,78.69999694824219,78.69999694824219,0,0,0,1,0,1,0,0,0,0,0,0,0,0,0,0,0,0,0,0,0
13.253750969370149,15.5531914893617,252.0,0.0424112768121828,78.69999694824219,78.69999694824219,0,0,0,1,0,1,0,0,0,0,0,0,0,0,0,0,0,0,0,0,0
5.050435999803134,50.0,252.0,0.0424381652428009,78.69999694824219,78.69999694824219,0,0,0,1,0,0,0,0,0,0,0,0,1,0,0,0,0,0,0,0,0
49.649513906313445,50.0,252.0,0.0420805861994875,78.69999694824219,78.69999694824219,0,0,0,1,0,0,0,0,0,0,0,0,1,0,0,0,0,0,0,0,0
44.60800597717004,15.5531914893617,250.0,0.0438080910084939,78.69999694824219,78.69999694824219,0,0,0,1,0,1,0,0,0,0,0,0,0,0,0,0,0,0,0,0,0
8.931991924698625,15.5531914893617,251.0,0.0435140550513114,78.69999694824219,78.69999694824219,0,0,0,1,0,1,0,0,0,0,0,0,0,0,0,0,0,0,0,0,0
81.8063928773798,15.5531914893617,251.5,0.0429637570183639,78.69999694824219,78.69999694824219,0,0,0,1,0,1,0,0,0,0,0,0,0,0,0,0,0,0,0,0,0
44.60800597717004,15.5531914893617,250.0,0.0438080910084939,78.69999694824219,78.69999694824219,0,0,0,1,0,1,0,0,0,0,0,0,0,0,0,0,0,0,0,0,0
9.340933663661566,15.5531914893617,249.0,0.0441006008529228,78.69999694824219,78.69999694824219,0,0,0,1,0,1,0,0,0,0,0,0,0,0,0,0,0,0,0,0,0
49.821835629443065,15.5531914893617,247.5,0.0441753949343706,78.69999694824219,78.69999694824219,0,0,0,1,0,1,0,0,0,0,0,0,0,0,0,0,0,0,0,0,0
8.931991924698625,15.5531914893617,251.0,0.0435140550513114,78.69999694824219,78.69999694824219,0,0,0,1,0,1,0,0,0,0,0,0,0,0,0,0,0,0,0,0,0
14.20286289948732,50.0,251.0,0.0434239015109318,78.69999694824219,78.69999694824219,0,0,0,1,0,0,0,0,0,0,0,0,1,0,0,0,0,0,0,0,0
42.994915791662734,50.0,250.0,0.0438065648957404,78.69999694824219,78.69999694824219,0,0,0,1,0,0,0,0,0,0,0,0,1,0,0,0,0,0,0,0,0
9.340933663661566,15.5531914893617,249.0,0.0441006008529228,78.69999694824219,78.69999694824219,0,0,0,1,0,1,0,0,0,0,0,0,0,0,0,0,0,0,0,0,0
42.994915791662734,50.0,250.0,0.0438065648957404,78.69999694824219,78.69999694824219,0,0,0,1,0,0,0,0,0,0,0,0,1,0,0,0,0,0,0,0,0
148.8566216736753,50.0,247.5,0.0449561584250993,78.69999694824219,78.69999694824219,0,0,0,1,0,0,0,0,0,0,0,0,1,0,0,0,0,0,0,0,0
240.6692846586054,33.595391008689084,245.0,0.0471468296498357,78.69999694824219,78.69999694824219,0,0,0,1,0,0,0,0,0,0,0,0,1,0,0,0,0,0,0,0,0
90.37341756245948,30.0,136.0,0.0094730359693529,74.4000015258789,74.4000015258789,0,0,0,1,0,0,0,0,0,0,0,0,1,0,0,0,0,0,0,0,0
79.84341592009642,30.0,135.5,0.0098814294716012,74.4000015258789,74.4000015258789,0,0,0,1,0,0,0,0,0,0,0,0,1,0,0,0,0,0,0,0,0
195.6136409495377,30.0,132.0,0.0052632214105367,74.4000015258789,74.4000015258789,0,0,1,0,0,0,0,0,0,0,0,0,1,0,0,0,0,0,0,0,0
203.1485761058137,50.0,132.5,0.0058429201125782,74.4000015258789,74.4000015258789,0,0,1,0,0,0,0,0,0,0,0,0,1,0,0,0,0,0,0,0,0
169.68399361625782,50.0,131.5,0.0041704037944489,74.4000015258789,74.4000015258789,0,0,1,0,0,0,0,0,0,0,0,0,1,0,0,0,0,0,0,0,0
25.674654061777076,30.0,142.5,0.018823978377551,78.69999694824219,78.69999694824219,0,0,0,1,0,0,0,0,0,0,0,0,1,0,0,0,0,0,0,0,0
145.64678484498825,30.0,142.0,0.0182013683243746,78.69999694824219,78.69999694824219,1,0,0,1,0,0,0,0,0,0,0,0,1,0,0,0,0,0,0,0,0
274.57866384464745,50.0,139.5,0.0180647994192128,78.69999694824219,78.69999694824219,0,0,0,1,0,0,0,0,0,0,0,0,1,0,0,0,0,0,0,0,0
153.30586711689884,30.0,142.5,0.019449222026452,78.69999694824219,78.69999694824219,0,0,0,1,0,0,0,0,0,0,0,0,1,0,0,0,0,0,0,0,0
81.93395695843134,30.0,143.0,0.0200158374067836,78.69999694824219,78.69999694824219,0,0,0,1,0,0,0,0,0,0,0,0,1,0,0,0,0,0,0,0,0
87.79809736743442,30.0,142.5,0.0192616766660001,78.69999694824219,78.69999694824219,1,0,0,1,0,0,0,0,0,0,0,0,1,0,0,0,0,0,0,0,0
56.38347069502826,30.0,143.0,0.0191859854719156,78.69999694824219,78.69999694824219,0,0,0,1,0,0,0,0,0,0,0,0,1,0,0,0,0,0,0,0,0
118.88336538996757,30.0,145.0,0.0194037115954215,78.69999694824219,78.69999694824219,0,0,0,1,0,0,0,0,0,0,0,0,1,0,0,0,0,0,0,0,0
22.59641473447209,30.0,143.0,0.0190045643459704,78.69999694824219,78.69999694824219,0,0,0,1,0,0,0,0,0,0,0,0,1,0,0,0,0,0,0,0,0
25.674654061777076,30.0,142.5,0.018823978377551,78.69999694824219,78.69999694824219,0,0,0,1,0,0,0,0,0,0,0,0,1,0,0,0,0,0,0,0,0
22.59641473447209,30.0,143.0,0.0190045643459704,78.69999694824219,78.69999694824219,0,0,0,1,0,0,0,0,0,0,0,0,1,0,0,0,0,0,0,0,0
131.66107150323575,30.0,144.5,0.0191687023142409,78.69999694824219,78.69999694824219,0,0,0,1,0,0,0,0,0,0,0,0,1,0,0,0,0,0,0,0,0
136.19750287059156,30.0,139.5,0.0180103761064515,78.69999694824219,78.69999694824219,0,0,0,1,0,0,0,0,0,0,0,0,1,0,0,0,0,0,0,0,0
176.88383805556947,30.0,142.5,0.0187695550647897,78.69999694824219,78.69999694824219,0,0,0,1,0,0,0,0,0,0,0,0,1,0,0,0,0,0,0,0,0
114.02483744631157,30.0,144.0,0.0187481885437533,78.69999694824219,78.69999694824219,0,0,0,1,0,0,0,0,0,0,0,0,1,0,0,0,0,0,0,0,0
181.0614881198512,30.0,148.0,0.0195081202792183,78.69999694824219,78.69999694824219,0,0,0,1,0,0,0,0,0,0,0,0,1,0,0,0,0,0,0,0,0
140.97998926630365,30.0,145.5,0.0183708253122017,78.69999694824219,78.69999694824219,0,0,0,1,0,0,0,0,0,0,0,0,1,0,0,0,0,0,0,0,0
88.86918310297688,30.0,149.0,0.019018153083566,78.69999694824219,78.69999694824219,0,0,0,1,0,0,0,0,0,0,0,0,1,0,0,0,0,0,0,0,0
114.02483744631157,30.0,144.0,0.0187481885437533,78.69999694824219,78.69999694824219,0,0,0,1,0,0,0,0,0,0,0,0,1,0,0,0,0,0,0,0,0
56.38347069502826,30.0,143.0,0.0191859854719156,78.69999694824219,78.69999694824219,0,0,0,1,0,0,0,0,0,0,0,0,1,0,0,0,0,0,0,0,0
153.3058671168988,30.0,142.5,0.019449222026452,78.69999694824219,78.69999694824219,0,0,0,1,0,0,0,0,0,0,0,0,1,0,0,0,0,0,0,0,0
164.47916661149137,30.0,146.0,0.020009080980467,78.69999694824219,78.69999694824219,0,0,0,1,0,0,0,0,0,0,0,0,1,0,0,0,0,0,0,0,0
131.17622121134409,30.0,152.5,0.0212049868111563,78.69999694824219,78.69999694824219,0,0,0,1,0,0,0,0,0,0,0,0,1,0,0,0,0,0,0,0,0
132.41671025225676,30.0,148.0,0.0202268071039729,78.69999694824219,78.69999694824219,0,0,0,1,0,0,0,0,0,0,0,0,1,0,0,0,0,0,0,0,0
164.47916661149137,30.0,146.0,0.020009080980467,78.69999694824219,78.69999694824219,0,0,0,1,0,0,0,0,0,0,0,0,1,0,0,0,0,0,0,0,0
99.59037318469174,30.0,233.5,0.0454140121358685,78.69999694824219,78.69999694824219,0,0,0,1,0,0,0,0,0,0,0,0,1,0,0,0,0,0,0,0,0
8.899096501386675,30.0,162.0,0.0330214184792025,78.69999694824219,78.69999694824219,0,1,1,0,0,0,0,0,0,0,0,0,1,0,0,0,0,0,0,0,0
196.7772799993417,30.0,160.0,0.0323682391861636,78.69999694824219,78.69999694824219,0,1,1,0,0,0,0,0,0,0,0,0,1,0,0,0,0,0,0,0,0
11.96319292563516,30.0,162.0,0.0330021042008952,78.69999694824219,78.69999694824219,0,0,0,1,0,0,0,0,0,0,0,0,1,0,0,0,0,0,0,0,0
62.55930841248432,30.0,162.0,0.0327697286739037,78.69999694824219,78.69999694824219,0,0,1,0,0,0,0,0,0,0,0,0,1,0,0,0,0,0,0,0,0
47.66590140683489,30.0,157.0,0.0290772813125691,78.69999694824219,78.69999694824219,0,0,1,0,0,0,0,0,0,0,0,0,0,0,0,0,0,1,0,0,0
45.013675985268414,30.0,157.0,0.0290377141267734,78.69999694824219,78.69999694824219,0,0,1,0,0,0,0,0,0,0,0,0,0,0,0,0,1,0,0,0,0
278.56675503537025,30.0,161.0,0.0299760982779908,78.69999694824219,78.69999694824219,0,0,1,0,0,0,0,0,0,0,0,0,0,0,0,0,1,0,0,0,0
40.17254431811619,42.33796296296296,159.0,0.0288397246200273,78.69999694824219,78.69999694824219,0,0,1,0,0,0,0,0,0,0,0,0,0,0,0,0,1,0,0,0,0
26.06388952276697,33.595391008689084,145.0,0.019273140325243,78.69999694824219,78.69999694824219,0,0,0,1,0,0,0,0,0,0,0,0,1,0,0,0,0,0,0,0,0
153.73780355173338,30.0,147.0,0.0191214016352782,78.69999694824219,78.69999694824219,0,0,0,1,0,0,0,0,0,0,0,0,1,0,0,0,0,0,0,0,0
53.255460328721774,30.0,146.5,0.019789096596837,78.69999694824219,78.69999694824219,0,0,0,1,0,0,0,0,0,0,0,0,1,0,0,0,0,0,0,0,0
65.72862585373574,30.0,145.0,0.0183483298554243,78.69999694824219,78.69999694824219,0,0,0,1,0,0,0,0,0,0,0,0,1,0,0,0,0,0,0,0,0
26.06388952276697,33.595391008689084,145.0,0.019273140325243,78.69999694824219,78.69999694824219,0,0,0,1,0,0,0,0,0,0,0,0,1,0,0,0,0,0,0,0,0
61.67189422135416,30.0,150.0,0.0203413795937915,78.69999694824219,78.69999694824219,0,0,0,1,0,0,0,0,0,0,0,0,1,0,0,0,0,0,0,0,0
220.7122467593589,15.5531914893617,146.0,0.0202736475900955,78.69999694824219,78.69999694824219,0,0,0,1,0,1,0,0,0,0,0,0,0,0,0,0,0,0,0,0,0
53.255460328721774,30.0,146.5,0.019789096596837,78.69999694824219,78.69999694824219,0,0,0,1,0,0,0,0,0,0,0,0,1,0,0,0,0,0,0,0,0
31.66869367257926,30.0,153.5,0.0206342741822945,78.69999694824219,78.69999694824219,0,0,0,1,0,0,0,0,0,0,0,0,1,0,0,0,0,0,0,0,0
61.67189422135416,30.0,150.0,0.0203413795937915,78.69999694824219,78.69999694824219,0,0,0,1,0,0,0,0,0,0,0,0,1,0,0,0,0,0,0,0,0
163.69260315975228,30.0,151.5,0.019876832004538,78.69999694824219,78.69999694824219,0,0,0,1,0,0,0,0,0,0,0,0,1,0,0,0,0,0,0,0,0
294.5835308806417,40.0,156.0,0.0215042824364261,78.69999694824219,78.69999694824219,0,0,0,1,0,0,0,0,0,0,0,0,0,0,1,0,0,0,0,0,0
99.00062733552886,33.595391008689084,154.0,0.0196002031365316,78.69999694824219,78.69999694824219,0,0,0,1,0,0,0,0,0,0,0,0,1,0,0,0,0,0,0,0,0
58.51156823733107,30.0,153.0,0.0195508261884159,78.69999694824219,78.69999694824219,0,0,0,1,0,0,0,0,0,0,0,0,0,0,1,0,0,0,0,0,0
31.66869367257926,30.0,153.5,0.0206342741822945,78.69999694824219,78.69999694824219,0,0,0,1,0,0,0,0,0,0,0,0,1,0,0,0,0,0,0,0,0
254.40695421237015,30.0,154.0,0.0211225423438693,78.69999694824219,78.69999694824219,0,0,0,1,0,0,0,0,0,0,0,0,1,0,0,0,0,0,0,0,0
131.99590983562896,30.0,155.0,0.0203082683661724,78.69999694824219,78.69999694824219,0,0,0,1,0,0,0,0,0,0,0,0,1,0,0,0,0,0,0,0,0
26.11182062261226,30.0,154.5,0.0216388777032563,78.69999694824219,78.69999694824219,0,0,0,1,0,0,0,0,0,0,0,0,1,0,0,0,0,0,0,0,0
115.5484811062836,30.0,148.5,0.0209689099042364,78.69999694824219,78.69999694824219,0,0,0,1,0,0,0,0,0,0,0,0,1,0,0,0,0,0,0,0,0
254.40695421237024,30.0,154.0,0.0211225423438693,78.69999694824219,78.69999694824219,0,0,0,1,0,0,0,0,0,0,0,0,1,0,0,0,0,0,0,0,0
25.520538009759225,30.0,156.0,0.0218573779547903,78.69999694824219,78.69999694824219,0,0,0,1,0,0,0,0,0,0,0,0,1,0,0,0,0,0,0,0,0
260.90440601644144,30.0,166.0,0.02307321383829,78.69999694824219,78.69999694824219,0,0,0,1,0,0,0,0,0,0,0,0,1,0,0,0,0,0,0,0,0
115.5484811062836,30.0,148.5,0.0209689099042364,78.69999694824219,78.69999694824219,0,0,0,1,0,0,0,0,0,0,0,0,1,0,0,0,0,0,0,0,0
81.93395695843134,30.0,143.0,0.0200158374067836,78.69999694824219,78.69999694824219,0,0,0,1,0,0,0,0,0,0,0,0,1,0,0,0,0,0,0,0,0
220.7122467593589,15.5531914893617,146.0,0.0202736475900955,78.69999694824219,78.69999694824219,0,0,0,1,0,1,0,0,0,0,0,0,0,0,0,0,0,0,0,0,0
58.51156823733107,30.0,153.0,0.0195508261884159,78.69999694824219,78.69999694824219,0,0,0,1,0,0,0,0,0,0,0,0,0,0,1,0,0,0,0,0,0
55.51972095186108,30.0,150.0,0.018861515473732,78.69999694824219,78.69999694824219,0,0,0,1,0,0,0,0,0,0,0,0,0,0,1,0,0,0,0,0,0
25.520538009759225,30.0,156.0,0.0218573779547903,78.69999694824219,78.69999694824219,0,0,0,1,0,0,0,0,0,0,0,0,1,0,0,0,0,0,0,0,0
26.111820622612257,30.0,154.5,0.0216388777032563,78.69999694824219,78.69999694824219,0,0,0,1,0,0,0,0,0,0,0,0,1,0,0,0,0,0,0,0,0
39.66846181239396,33.595391008689084,156.0,0.0217121679883432,78.69999694824219,78.69999694824219,0,0,0,1,0,0,0,0,0,0,0,0,1,0,0,0,0,0,0,0,0
65.54904310754831,30.0,153.5,0.020357283856454,78.69999694824219,78.69999694824219,0,0,0,1,0,0,0,0,0,0,0,0,1,0,0,0,0,0,0,0,0
272.1025955596483,33.595391008689084,156.5,0.0211219607392458,78.69999694824219,78.69999694824219,0,0,0,1,0,0,0,0,0,0,0,0,1,0,0,0,0,0,0,0,0
214.32299543245128,30.0,154.5,0.0198673166608016,78.69999694824219,78.69999694824219,0,0,0,1,0,0,0,0,0,0,0,0,1,0,0,0,0,0,0,0,0
65.54904310754831,30.0,153.5,0.020357283856454,78.69999694824219,78.69999694824219,0,0,0,1,0,0,0,0,0,0,0,0,1,0,0,0,0,0,0,0,0
69.29623564602994,30.0,148.5,0.0199286340497059,78.69999694824219,78.69999694824219,0,0,0,1,0,0,0,0,0,0,0,0,1,0,0,0,0,0,0,0,0
181.0614881198512,30.0,148.0,0.0195081202792183,78.69999694824219,78.69999694824219,0,0,0,1,0,0,0,0,0,0,0,0,1,0,0,0,0,0,0,0,0
51.46734772562248,50.0,134.5,0.0097116530322506,94.10000610351562,94.10000610351562,0,0,0,1,0,0,0,0,0,0,1,0,0,0,0,0,0,0,0,0,0
1020.7438763553462,60.0,134.0,0.0100847104663937,94.10000610351562,94.10000610351562,1,0,1,0,0,0,0,0,0,0,1,0,0,0,0,0,0,0,0,0,0
45.20179703324474,50.0,134.0,0.0099060144203312,94.10000610351562,94.10000610351562,0,0,0,1,0,0,0,0,0,0,0,0,1,0,0,0,0,0,0,0,0
256.1200216583285,50.0,134.0,0.0105147684830228,94.10000610351562,94.10000610351562,0,0,0,1,0,0,0,0,0,0,0,0,0,0,0,0,0,0,1,0,0
19.32811660645879,50.0,134.0,0.0097504110527619,94.10000610351562,94.10000610351562,0,0,0,1,0,0,0,0,0,0,1,0,0,0,0,0,0,0,0,0,0
399.7516897178201,50.0,136.0,0.0096523927850008,94.10000610351562,94.10000610351562,0,0,0,1,0,0,0,0,0,0,1,0,0,0,0,0,0,0,0,0,0
913.1470998118042,30.0,132.0,0.0041100964723377,94.10000610351562,94.10000610351562,0,1,1,0,0,0,0,0,0,0,0,0,1,0,0,0,0,0,0,0,0
131.17622121134406,30.0,152.5,0.0212049868111563,78.69999694824219,78.69999694824219,0,0,0,1,0,0,0,0,0,0,0,0,1,0,0,0,0,0,0,0,0
39.66846181239396,33.595391008689084,156.0,0.0217121679883432,78.69999694824219,78.69999694824219,0,0,0,1,0,0,0,0,0,0,0,0,1,0,0,0,0,0,0,0,0
272.1025955596484,33.595391008689084,156.5,0.0211219607392458,78.69999694824219,78.69999694824219,0,0,0,1,0,0,0,0,0,0,0,0,1,0,0,0,0,0,0,0,0
39.70750160884261,30.0,156.0,0.0218167006061282,78.69999694824219,78.69999694824219,0,0,0,1,0,0,0,0,0,0,0,0,1,0,0,0,0,0,0,0,0
132.41671025225676,30.0,148.0,0.0202268071039729,78.69999694824219,78.69999694824219,0,0,0,1,0,0,0,0,0,0,0,0,1,0,0,0,0,0,0,0,0
131.66107150323575,30.0,144.5,0.0191687023142409,78.69999694824219,78.69999694824219,0,0,0,1,0,0,0,0,0,0,0,0,1,0,0,0,0,0,0,0,0
69.29623564602993,30.0,148.5,0.0199286340497059,78.69999694824219,78.69999694824219,0,0,0,1,0,0,0,0,0,0,0,0,1,0,0,0,0,0,0,0,0
118.88336538996757,30.0,145.0,0.0194037115954215,78.69999694824219,78.69999694824219,0,0,0,1,0,0,0,0,0,0,0,0,1,0,0,0,0,0,0,0,0
99.00062733552886,33.595391008689084,154.0,0.0196002031365316,78.69999694824219,78.69999694824219,0,0,0,1,0,0,0,0,0,0,0,0,1,0,0,0,0,0,0,0,0
57.65725885689826,33.595391008689084,132.5,0.0066521145942254,74.4000015258789,74.4000015258789,0,0,0,1,0,0,0,0,0,0,0,0,1,0,0,0,0,0,0,0,0
122.42556784293556,33.595391008689084,132.5,0.0069520192677972,74.4000015258789,74.4000015258789,0,0,0,1,0,0,0,0,0,0,0,0,1,0,0,0,0,0,0,0,0
126.35177976456744,33.595391008689084,132.5,0.0068264849723799,74.4000015258789,74.4000015258789,0,0,0,1,0,0,0,0,0,0,0,0,1,0,0,0,0,0,0,0,0
127.9169570612577,33.595391008689084,130.5,0.0069826437675258,74.4000015258789,74.4000015258789,0,0,0,1,0,0,0,0,0,0,0,0,1,0,0,0,0,0,0,0,0
128.78240938775204,50.0,130.0,0.0063949131849148,74.4000015258789,74.4000015258789,0,0,0,1,0,0,0,0,0,0,0,0,1,0,0,0,0,0,0,0,0
73.00717473557751,50.0,128.5,0.0073056388929014,74.4000015258789,74.4000015258789,0,0,0,1,0,0,0,0,0,0,0,0,1,0,0,0,0,0,0,0,0
226.8506533779837,33.595391008689084,130.5,0.004371928123954,74.4000015258789,74.4000015258789,0,0,0,1,0,0,0,0,0,0,0,0,1,0,0,0,0,0,0,0,0
147.07614363873867,33.595391008689084,131.0,0.0033321050365691,74.4000015258789,74.4000015258789,0,0,0,1,0,0,0,0,0,0,0,0,1,0,0,0,0,0,0,0,0
223.3738683278676,33.595391008689084,132.0,0.0037088131665447,74.4000015258789,74.4000015258789,0,0,0,1,0,0,0,0,0,0,0,0,1,0,0,0,0,0,0,0,0
226.8506533779837,33.595391008689084,130.5,0.004371928123954,74.4000015258789,74.4000015258789,0,0,0,1,0,0,0,0,0,0,0,0,1,0,0,0,0,0,0,0,0
62.20729636331133,50.0,129.5,0.0052030291812687,74.4000015258789,74.4000015258789,0,0,0,1,0,0,0,0,0,0,0,0,1,0,0,0,0,0,0,0,0
389.17263335897616,50.0,129.5,0.0058174408566216,74.4000015258789,74.4000015258789,1,0,1,0,0,0,0,0,0,0,0,0,0,0,0,0,0,0,0,0,1
41.26393233157313,30.0,132.0,0.0019225573337338,74.4000015258789,74.4000015258789,0,1,1,0,0,0,0,0,0,0,0,0,1,0,0,0,0,0,0,0,0
58.14545107430624,33.595391008689084,132.0,0.0018105797798078,74.4000015258789,74.4000015258789,0,1,1,0,0,0,0,0,0,0,0,0,1,0,0,0,0,0,0,0,0
83.28138599042578,33.595391008689084,131.0,0.0014198349366925,74.4000015258789,74.4000015258789,0,1,1,0,0,0,0,0,0,0,0,0,1,0,0,0,0,0,0,0,0
21.141282485049253,47.53488372093023,131.0,0.0025537839261226,94.10000610351562,94.10000610351562,0,1,1,0,0,0,0,0,0,0,0,0,0,0,0,0,0,0,1,0,0
28.662574070486613,50.8,131.0,0.0024668398900193,94.10000610351562,94.10000610351562,0,1,1,0,0,0,0,0,0,0,0,1,0,0,0,0,0,0,0,0,0
143.60723910462676,50.8,131.0,0.0023709883707769,94.10000610351562,94.10000610351562,0,1,1,0,0,0,0,0,0,0,0,1,0,0,0,0,0,0,0,0,0
147.32990264042687,50.0,130.5,0.0048381726725689,94.10000610351562,94.10000610351562,0,0,1,0,0,0,0,0,0,0,1,0,0,0,0,0,0,0,0,0,0
60.520181910181485,50.0,131.0,0.0037301702873005,94.10000610351562,94.10000610351562,0,0,1,0,0,0,0,0,0,0,1,0,0,0,0,0,0,0,0,0,0
146.0016555296874,50.8,131.5,0.0030254915067992,94.10000610351562,94.10000610351562,0,1,1,0,0,0,0,0,0,0,0,1,0,0,0,0,0,0,0,0,0
13.91216462325776,47.53488372093023,131.0,0.005497201167516,94.10000610351562,94.10000610351562,0,1,1,0,0,0,0,0,0,0,0,0,0,0,0,0,0,0,1,0,0
34.14273423392328,47.53488372093023,131.0,0.005497201167516,94.10000610351562,94.10000610351562,0,1,1,0,0,0,0,0,0,0,0,0,0,0,0,0,0,0,1,0,0
70.92513949647957,30.0,144.0,0.0183857283928114,94.10000610351562,94.10000610351562,0,0,0,1,0,0,0,0,0,0,0,0,1,0,0,0,0,0,0,0,0
89.21686436485942,30.0,141.0,0.0174181394291785,94.10000610351562,94.10000610351562,0,0,0,1,0,0,0,0,0,0,0,0,1,0,0,0,0,0,0,0,0
115.48453391014792,15.5531914893617,142.5,0.0179684762931252,94.10000610351562,94.10000610351562,0,0,0,1,0,1,0,0,0,0,0,0,0,0,0,0,0,0,0,0,0
115.10183409691923,30.0,141.0,0.0121505273800773,94.10000610351562,94.10000610351562,0,0,0,1,0,0,0,0,0,0,0,0,1,0,0,0,0,0,0,0,0
61.68318627764694,30.0,143.5,0.0121190396412849,94.10000610351562,94.10000610351562,0,0,0,1,0,0,0,0,0,0,0,0,1,0,0,0,0,0,0,0,0
73.15359078808646,30.0,146.0,0.0124867654059763,94.10000610351562,94.10000610351562,0,0,0,1,0,0,0,0,0,0,0,0,1,0,0,0,0,0,0,0,0
317.9362851604307,30.0,141.0,0.0126747131520067,94.10000610351562,94.10000610351562,0,0,0,1,0,0,0,0,0,0,0,0,1,0,0,0,0,0,0,0,0
1871.7105894972608,30.0,139.0,0.015686164367688,94.10000610351562,94.10000610351562,0,0,0,1,0,0,0,0,0,0,0,0,0,0,0,0,0,0,0,0,1
348.69847313059296,30.0,144.0,0.0131363241249348,94.10000610351562,94.10000610351562,0,0,0,1,0,0,0,0,0,0,0,0,1,0,0,0,0,0,0,0,0
120.57229217320148,30.0,148.0,0.0129515735221777,94.10000610351562,94.10000610351562,0,0,0,1,0,0,0,0,0,0,0,0,1,0,0,0,0,0,0,0,0
348.698473130593,30.0,144.0,0.0131363241249348,94.10000610351562,94.10000610351562,0,0,0,1,0,0,0,0,0,0,0,0,1,0,0,0,0,0,0,0,0
94.51041428456972,30.0,143.0,0.0126153354962787,94.10000610351562,94.10000610351562,0,0,0,1,0,0,0,0,0,0,0,0,1,0,0,0,0,0,0,0,0
120.57229217320148,30.0,148.0,0.0129515735221777,94.10000610351562,94.10000610351562,0,0,0,1,0,0,0,0,0,0,0,0,1,0,0,0,0,0,0,0,0
93.54700693944125,30.0,156.5,0.0132551742747229,94.10000610351562,94.10000610351562,0,0,0,1,0,0,0,0,0,0,0,0,1,0,0,0,0,0,0,0,0
73.15359078808646,30.0,146.0,0.0124867654059763,94.10000610351562,94.10000610351562,0,0,0,1,0,0,0,0,0,0,0,0,1,0,0,0,0,0,0,0,0
382.12274314122624,30.0,161.0,0.0141100601336048,94.10000610351562,94.10000610351562,0,0,0,1,0,0,0,0,0,0,0,0,1,0,0,0,0,0,0,0,0
382.1227431412263,30.0,161.0,0.0141100601336048,94.10000610351562,94.10000610351562,0,0,0,1,0,0,0,0,0,0,0,0,1,0,0,0,0,0,0,0,0
65.10701966371153,30.0,167.5,0.0139091661316712,94.10000610351562,94.10000610351562,0,0,0,1,0,0,0,0,0,0,0,0,1,0,0,0,0,0,0,0,0
283.62047986285205,30.0,162.5,0.0133718620965776,94.10000610351562,94.10000610351562,0,0,0,1,0,0,0,0,0,0,0,0,1,0,0,0,0,0,0,0,0
93.54700693944125,30.0,156.5,0.0132551742747229,94.10000610351562,94.10000610351562,0,0,0,1,0,0,0,0,0,0,0,0,1,0,0,0,0,0,0,0,0
41.34780494320572,30.0,172.0,0.01431284564582,94.10000610351562,94.10000610351562,0,0,0,1,0,0,0,0,0,0,0,0,1,0,0,0,0,0,0,0,0
65.10701966371153,30.0,167.5,0.0139091661316712,94.10000610351562,94.10000610351562,0,0,0,1,0,0,0,0,0,0,0,0,1,0,0,0,0,0,0,0,0
194.05016566499387,30.0,169.5,0.0136822459087546,94.10000610351562,94.10000610351562,0,0,0,1,0,0,0,0,0,0,0,0,1,0,0,0,0,0,0,0,0
41.34780494320572,30.0,172.0,0.01431284564582,94.10000610351562,94.10000610351562,0,0,0,1,0,0,0,0,0,0,0,0,1,0,0,0,0,0,0,0,0
247.0545842019512,30.0,169.5,0.0138609072655294,94.10000610351562,94.10000610351562,0,0,0,1,0,0,0,0,0,0,0,0,1,0,0,0,0,0,0,0,0
129.311721906589,30.0,179.0,0.0147095323420275,94.10000610351562,94.10000610351562,0,0,0,1,0,0,0,0,0,0,0,0,1,0,0,0,0,0,0,0,0
129.311721906589,30.0,179.0,0.0147095323420275,94.10000610351562,94.10000610351562,0,0,0,1,0,0,0,0,0,0,0,0,1,0,0,0,0,0,0,0,0
28.3875571402936,30.0,164.5,0.0131562752313073,94.10000610351562,94.10000610351562,0,0,0,1,0,0,0,0,0,0,0,0,1,0,0,0,0,0,0,0,0
247.0545842019512,30.0,169.5,0.0138609072655294,94.10000610351562,94.10000610351562,0,0,0,1,0,0,0,0,0,0,0,0,1,0,0,0,0,0,0,0,0
194.05016566499384,30.0,169.5,0.0136822459087546,94.10000610351562,94.10000610351562,0,0,0,1,0,0,0,0,0,0,0,0,1,0,0,0,0,0,0,0,0
120.73191405729642,30.0,152.5,0.0122535347010874,94.10000610351562,94.10000610351562,0,0,0,1,0,0,0,0,0,0,0,0,1,0,0,0,0,0,0,0,0
194.28359128564784,30.0,147.0,0.0119373593175042,94.10000610351562,94.10000610351562,0,0,0,1,0,0,0,0,0,0,0,0,1,0,0,0,0,0,0,0,0
60.79320597881497,30.0,159.0,0.0128913380158951,94.10000610351562,94.10000610351562,0,0,0,1,0,0,0,0,0,0,0,0,1,0,0,0,0,0,0,0,0
55.30092670606207,30.0,155.0,0.0128790845758569,94.10000610351562,94.10000610351562,0,0,0,1,0,0,0,0,0,0,0,0,1,0,0,0,0,0,0,0,0
120.73191405729642,30.0,152.5,0.0122535347010874,94.10000610351562,94.10000610351562,0,0,0,1,0,0,0,0,0,0,0,0,1,0,0,0,0,0,0,0,0
28.88131148265348,30.0,144.5,0.0116355391345413,94.10000610351562,94.10000610351562,0,0,0,1,0,0,0,0,0,0,0,0,0,0,0,0,1,0,0,0,0
62.592948609907495,30.0,145.5,0.0116294948941863,94.10000610351562,94.10000610351562,0,0,0,1,0,0,0,0,0,0,0,0,0,0,0,0,1,0,0,0,0
47.87945712619943,30.0,148.5,0.0119140999573189,94.10000610351562,94.10000610351562,0,0,0,1,0,0,0,0,0,0,0,0,1,0,0,0,0,0,0,0,0
53.8363100577792,30.0,155.5,0.013223719115873,94.10000610351562,94.10000610351562,0,0,0,1,0,0,0,0,0,0,0,0,1,0,0,0,0,0,0,0,0
45.600077943146175,30.0,158.5,0.0135626074405569,94.10000610351562,94.10000610351562,0,0,0,1,0,0,0,0,0,0,0,0,1,0,0,0,0,0,0,0,0
80.28846674453608,30.0,155.5,0.0132225707586343,94.10000610351562,94.10000610351562,0,0,0,1,0,0,0,0,0,0,0,0,1,0,0,0,0,0,0,0,0
167.85384918076818,15.5531914893617,163.5,0.0145751139137663,94.10000610351562,94.10000610351562,0,0,0,1,0,1,0,0,0,0,0,0,0,0,0,0,0,0,0,0,0
48.22653787316365,30.0,165.0,0.0140204797593457,94.10000610351562,94.10000610351562,0,0,0,1,0,0,0,0,0,0,0,0,0,0,0,0,1,0,0,0,0
142.1743333389115,30.0,157.5,0.0134656756625987,94.10000610351562,94.10000610351562,0,0,0,1,0,0,0,0,0,0,0,0,0,0,0,0,1,0,0,0,0
167.85384918076818,15.5531914893617,163.5,0.0145751139137663,94.10000610351562,94.10000610351562,0,0,0,1,0,1,0,0,0,0,0,0,0,0,0,0,0,0,0,0,0
23.3602381564763,30.0,155.0,0.0125037706286314,94.10000610351562,94.10000610351562,0,0,0,1,0,0,0,0,0,0,0,0,1,0,0,0,0,0,0,0,0
101.34441515375984,30.0,159.5,0.0128709764242436,94.10000610351562,94.10000610351562,0,0,0,1,0,0,0,0,0,0,0,0,1,0,0,0,0,0,0,0,0
136.93394832172658,30.0,156.0,0.0122494792849827,94.10000610351562,94.10000610351562,0,0,0,1,0,0,0,0,0,0,0,0,1,0,0,0,0,0,0,0,0
101.3444151537598,30.0,159.5,0.0128709764242436,94.10000610351562,94.10000610351562,0,0,0,1,0,0,0,0,0,0,0,0,1,0,0,0,0,0,0,0,0
284.90029040616486,30.0,173.5,0.0124787676017163,94.10000610351562,94.10000610351562,0,0,0,1,0,0,0,0,0,0,0,0,1,0,0,0,0,0,0,0,0
108.99337414659364,30.0,166.5,0.0136975400861453,94.10000610351562,94.10000610351562,0,0,0,1,0,0,0,0,0,0,0,0,1,0,0,0,0,0,0,0,0
3340.873362450263,60.0,260.0,0.0257299912740895,94.10000610351562,94.10000610351562,0,0,0,1,0,0,0,0,0,0,0,0,0,0,0,0,1,0,0,0,0
48.22653787316365,30.0,165.0,0.0140204797593457,94.10000610351562,94.10000610351562,0,0,0,1,0,0,0,0,0,0,0,0,0,0,0,0,1,0,0,0,0
108.99337414659362,30.0,166.5,0.0136975400861453,94.10000610351562,94.10000610351562,0,0,0,1,0,0,0,0,0,0,0,0,1,0,0,0,0,0,0,0,0
284.9002904061649,30.0,173.5,0.0124787676017163,94.10000610351562,94.10000610351562,0,0,0,1,0,0,0,0,0,0,0,0,1,0,0,0,0,0,0,0,0
134.63854471909048,15.5531914893617,188.5,0.011526625675106,94.10000610351562,94.10000610351562,0,0,0,1,0,1,0,0,0,0,0,0,0,0,0,0,0,0,0,0,0
289.6618051641472,30.0,173.5,0.0106214969817485,94.10000610351562,94.10000610351562,0,0,0,1,0,0,0,0,0,0,0,0,1,0,0,0,0,0,0,0,0
83.84909623201416,30.0,151.5,0.0084569023834983,94.10000610351562,94.10000610351562,0,0,0,1,0,0,0,0,0,0,0,0,1,0,0,0,0,0,0,0,0
181.38628030296988,30.0,143.5,0.0083184401520419,94.10000610351562,94.10000610351562,0,0,0,1,0,0,0,0,0,0,0,0,1,0,0,0,0,0,0,0,0
412.1312593222947,40.0,155.5,0.0079468464335545,94.10000610351562,94.10000610351562,0,0,0,1,0,0,0,0,0,0,0,0,0,0,0,0,0,0,0,0,1
83.84909623201416,30.0,151.5,0.0084569023834983,94.10000610351562,94.10000610351562,0,0,0,1,0,0,0,0,0,0,0,0,1,0,0,0,0,0,0,0,0
83.31527877995532,30.0,156.0,0.0087535089680374,94.10000610351562,94.10000610351562,0,0,0,1,0,0,0,0,0,0,0,0,1,0,0,0,0,0,0,0,0
183.75913270512447,30.0,153.0,0.0091667474109238,94.10000610351562,94.10000610351562,0,0,0,1,0,0,0,0,0,0,0,0,1,0,0,0,0,0,0,0,0
80.98178296336367,30.0,160.5,0.0091881640213551,94.10000610351562,94.10000610351562,0,0,0,1,0,0,0,0,0,0,0,0,1,0,0,0,0,0,0,0,0
183.3139094850945,30.0,160.0,0.0098301800709972,94.10000610351562,94.10000610351562,0,0,0,1,0,0,0,0,0,0,0,0,1,0,0,0,0,0,0,0,0
289.66180516414727,30.0,173.5,0.0106214969817485,94.10000610351562,94.10000610351562,0,0,0,1,0,0,0,0,0,0,0,0,1,0,0,0,0,0,0,0,0
80.98178296336367,30.0,160.5,0.0091881640213551,94.10000610351562,94.10000610351562,0,0,0,1,0,0,0,0,0,0,0,0,1,0,0,0,0,0,0,0,0
26.547949741656,30.0,156.0,0.0101260803368445,94.10000610351562,94.10000610351562,0,0,0,1,0,0,0,0,0,0,0,0,1,0,0,0,0,0,0,0,0
28.5051720849281,30.0,152.5,0.0100063636661587,94.10000610351562,94.10000610351562,0,0,0,1,0,0,0,0,0,0,0,0,1,0,0,0,0,0,0,0,0
183.31390948509448,30.0,160.0,0.0098301800709972,94.10000610351562,94.10000610351562,0,0,0,1,0,0,0,0,0,0,0,0,1,0,0,0,0,0,0,0,0
45.3831053705385,30.0,150.0,0.0097165022857507,94.10000610351562,94.10000610351562,0,0,0,1,0,0,0,0,0,0,0,0,1,0,0,0,0,0,0,0,0
28.5051720849281,30.0,152.5,0.0100063636661587,94.10000610351562,94.10000610351562,0,0,0,1,0,0,0,0,0,0,0,0,1,0,0,0,0,0,0,0,0
25.298789073890823,30.0,153.5,0.0100338191620294,94.10000610351562,94.10000610351562,0,0,0,1,0,0,0,0,0,0,0,0,1,0,0,0,0,0,0,0,0
111.07421060377789,30.0,145.0,0.0090282851794674,94.10000610351562,94.10000610351562,0,0,0,1,0,0,0,0,0,0,0,0,1,0,0,0,0,0,0,0,0
45.3831053705385,30.0,150.0,0.0097165022857507,94.10000610351562,94.10000610351562,0,0,0,1,0,0,0,0,0,0,0,0,1,0,0,0,0,0,0,0,0
183.7591327051245,30.0,153.0,0.0091667474109238,94.10000610351562,94.10000610351562,0,0,0,1,0,0,0,0,0,0,0,0,1,0,0,0,0,0,0,0,0
160.12995440766798,30.0,147.0,0.0099054815495869,94.10000610351562,94.10000610351562,0,0,0,1,0,0,0,0,0,0,0,0,1,0,0,0,0,0,0,0,0
111.0742106037779,30.0,145.0,0.0090282851794674,94.10000610351562,94.10000610351562,0,0,0,1,0,0,0,0,0,0,0,0,1,0,0,0,0,0,0,0,0
146.1815182996858,30.0,139.5,0.0088131274704515,94.10000610351562,94.10000610351562,0,0,0,1,0,0,0,0,0,0,0,0,1,0,0,0,0,0,0,0,0
181.38628030296985,30.0,143.5,0.0083184401520419,94.10000610351562,94.10000610351562,0,0,0,1,0,0,0,0,0,0,0,0,1,0,0,0,0,0,0,0,0
26.547949741656,30.0,156.0,0.0101260803368445,94.10000610351562,94.10000610351562,0,0,0,1,0,0,0,0,0,0,0,0,1,0,0,0,0,0,0,0,0
150.64990298252405,30.0,155.5,0.0106414443639553,94.10000610351562,94.10000610351562,0,0,0,1,0,0,0,0,0,0,0,0,1,0,0,0,0,0,0,0,0
25.298789073890823,30.0,153.5,0.0100338191620294,94.10000610351562,94.10000610351562,0,0,0,1,0,0,0,0,0,0,0,0,1,0,0,0,0,0,0,0,0
26.906441812385285,30.0,150.5,0.0118349824770158,94.10000610351562,94.10000610351562,0,0,0,1,0,0,0,0,0,0,0,0,1,0,0,0,0,0,0,0,0
163.97792185415696,30.0,150.5,0.0116510246029409,94.10000610351562,94.10000610351562,0,0,0,1,0,0,0,0,0,0,0,0,1,0,0,0,0,0,0,0,0
63.056879673206055,30.0,153.5,0.0122502564284981,94.10000610351562,94.10000610351562,0,0,0,1,0,0,0,0,0,0,0,0,1,0,0,0,0,0,0,0,0
74.17866482303597,30.0,154.0,0.0116883417805258,94.10000610351562,94.10000610351562,0,0,0,1,0,0,0,0,0,0,0,0,1,0,0,0,0,0,0,0,0
136.93394832172658,30.0,156.0,0.0122494792849827,94.10000610351562,94.10000610351562,0,0,0,1,0,0,0,0,0,0,0,0,1,0,0,0,0,0,0,0,0
103.21479151183864,30.0,168.0,0.0118275076568729,94.10000610351562,94.10000610351562,0,0,0,1,0,0,0,0,0,0,0,0,1,0,0,0,0,0,0,0,0
163.977921854157,30.0,150.5,0.0116510246029409,94.10000610351562,94.10000610351562,0,0,0,1,0,0,0,0,0,0,0,0,1,0,0,0,0,0,0,0,0
65.52705033524964,30.0,152.0,0.0112363770969063,94.10000610351562,94.10000610351562,0,0,0,1,0,0,0,0,0,0,0,0,1,0,0,0,0,0,0,0,0
74.17866482303597,30.0,154.0,0.0116883417805258,94.10000610351562,94.10000610351562,0,0,0,1,0,0,0,0,0,0,0,0,1,0,0,0,0,0,0,0,0
103.21479151183864,30.0,168.0,0.0118275076568729,94.10000610351562,94.10000610351562,0,0,0,1,0,0,0,0,0,0,0,0,1,0,0,0,0,0,0,0,0
70.85988960202477,30.0,154.5,0.0126607723758325,94.10000610351562,94.10000610351562,0,0,0,1,0,0,0,0,0,0,0,0,1,0,0,0,0,0,0,0,0
23.3602381564763,30.0,155.0,0.0125037706286314,94.10000610351562,94.10000610351562,0,0,0,1,0,0,0,0,0,0,0,0,1,0,0,0,0,0,0,0,0
63.056879673206055,30.0,153.5,0.0122502564284981,94.10000610351562,94.10000610351562,0,0,0,1,0,0,0,0,0,0,0,0,1,0,0,0,0,0,0,0,0
70.85988960202477,30.0,154.5,0.0126607723758325,94.10000610351562,94.10000610351562,0,0,0,1,0,0,0,0,0,0,0,0,1,0,0,0,0,0,0,0,0
24.26389022502317,30.0,153.0,0.012894437619887,94.10000610351562,94.10000610351562,0,0,0,1,0,0,0,0,0,0,0,0,0,0,0,0,1,0,0,0,0
142.5628563043283,30.0,149.0,0.0121573120076466,94.10000610351562,94.10000610351562,0,0,0,1,0,0,0,0,0,0,0,0,0,0,0,0,1,0,0,0,0
26.906441812385285,30.0,150.5,0.0118349824770158,94.10000610351562,94.10000610351562,0,0,0,1,0,0,0,0,0,0,0,0,1,0,0,0,0,0,0,0,0
12.655272763487734,30.0,144.5,0.0103111894373993,94.10000610351562,94.10000610351562,0,0,0,1,0,0,0,0,0,0,0,0,1,0,0,0,0,0,0,0,0
118.87809773749068,30.0,149.0,0.0107107069571056,94.10000610351562,94.10000610351562,0,0,0,1,0,0,0,0,0,0,0,0,1,0,0,0,0,0,0,0,0
160.12995440766798,30.0,147.0,0.0099054815495869,94.10000610351562,94.10000610351562,0,0,0,1,0,0,0,0,0,0,0,0,1,0,0,0,0,0,0,0,0
52.37548647772663,70.0,161.5,0.0074247244651887,94.10000610351562,94.10000610351562,0,0,0,1,0,0,0,0,0,0,1,0,0,0,0,0,0,0,0,0,0
34.22402721636323,50.0,163.0,0.0076791978173147,94.10000610351562,94.10000610351562,0,0,0,1,0,0,0,0,0,0,0,0,0,0,0,0,0,0,1,0,0
628.8449754910538,70.0,165.5,0.0089195826164385,94.10000610351562,94.10000610351562,0,0,0,1,0,0,0,0,0,0,1,0,0,0,0,0,0,0,0,0,0
132.93112706951266,50.0,162.0,0.0073173378584891,94.10000610351562,94.10000610351562,1,0,0,1,0,0,0,0,0,0,0,0,1,0,0,0,0,0,0,0,0
412.1312593222948,40.0,155.5,0.0079468464335545,94.10000610351562,94.10000610351562,0,0,0,1,0,0,0,0,0,0,0,0,0,0,0,0,0,0,0,0,1
52.3630083821197,50.0,164.0,0.0078107061660203,94.10000610351562,94.10000610351562,0,0,0,1,0,0,0,0,0,0,0,0,0,0,0,0,0,0,1,0,0
132.08733480820405,30.0,142.0,0.0097094522589544,94.10000610351562,94.10000610351562,0,0,0,1,0,0,0,0,0,0,0,0,1,0,0,0,0,0,0,0,0
315.58109183468014,30.0,140.0,0.0098790085880521,94.10000610351562,94.10000610351562,0,0,0,1,0,0,0,0,0,0,0,0,1,0,0,0,0,0,0,0,0
146.1815182996858,30.0,139.5,0.0088131274704515,94.10000610351562,94.10000610351562,0,0,0,1,0,0,0,0,0,0,0,0,1,0,0,0,0,0,0,0,0
132.93112706951266,50.0,162.0,0.0073173378584891,94.10000610351562,94.10000610351562,1,0,0,1,0,0,0,0,0,0,0,0,1,0,0,0,0,0,0,0,0
1187.9424072727645,60.0,150.0,0.008337203918478,94.10000610351562,94.10000610351562,1,0,0,1,0,0,0,0,0,0,1,0,0,0,0,0,0,0,0,0,0
24.817580177530424,50.0,138.5,0.0095191719797142,94.10000610351562,94.10000610351562,0,0,0,1,0,0,0,0,0,0,1,0,0,0,0,0,0,0,0,0,0
685.185208971555,40.0,136.5,0.0062647097584941,94.10000610351562,94.10000610351562,0,0,1,0,0,0,0,0,0,0,0,0,1,0,0,0,0,0,0,0,0
174.6789110737761,40.0,133.0,0.0022072820111446,94.10000610351562,94.10000610351562,0,1,1,0,0,0,0,0,0,0,0,0,1,0,0,0,0,0,0,0,0
72.23157004785877,30.0,133.0,0.0031741851738344,94.10000610351562,94.10000610351562,0,0,1,0,0,0,0,0,0,0,0,0,1,0,0,0,0,0,0,0,0
22.104359191599816,30.0,134.0,0.0030416824372028,94.10000610351562,94.10000610351562,0,0,1,0,0,0,0,0,0,0,0,0,1,0,0,0,0,0,0,0,0
20.098064217534283,30.0,134.0,0.0030230049572162,94.10000610351562,94.10000610351562,0,0,1,0,0,0,0,0,0,0,0,0,1,0,0,0,0,0,0,0,0
685.1852089715551,40.0,136.5,0.0062647097584941,94.10000610351562,94.10000610351562,0,0,1,0,0,0,0,0,0,0,0,0,1,0,0,0,0,0,0,0,0
149.40188569875167,30.0,133.0,0.0030008942488924,94.10000610351562,94.10000610351562,0,0,1,0,0,0,0,0,0,0,0,0,1,0,0,0,0,0,0,0,0
61.68318627764694,30.0,143.5,0.0121190396412849,94.10000610351562,94.10000610351562,0,0,0,1,0,0,0,0,0,0,0,0,1,0,0,0,0,0,0,0,0
373.7994045967444,30.0,143.0,0.011380089779872,94.10000610351562,94.10000610351562,0,0,0,1,0,0,0,0,0,0,0,0,1,0,0,0,0,0,0,0,0
4.383740907423237,30.0,149.0,0.020022082880293,94.10000610351562,94.10000610351562,0,0,0,1,0,0,0,0,0,0,0,0,1,0,0,0,0,0,0,0,0
44.400199237410845,15.5531914893617,148.0,0.0197686518606252,94.10000610351562,94.10000610351562,0,0,0,1,0,1,0,0,0,0,0,0,0,0,0,0,0,0,0,0,0
60.81691563130558,30.0,148.5,0.0199536741915109,94.10000610351562,94.10000610351562,0,0,0,1,0,0,0,0,0,0,0,0,1,0,0,0,0,0,0,0,0
133.32127465776955,15.5531914893617,139.0,0.0180596124806277,94.10000610351562,94.10000610351562,0,0,0,1,0,1,0,0,0,0,0,0,0,0,0,0,0,0,0,0,0
52.29548076317575,15.5531914893617,142.0,0.0181439881681357,94.10000610351562,94.10000610351562,0,0,0,1,0,1,0,0,0,0,0,0,0,0,0,0,0,0,0,0,0
52.29548076317575,15.5531914893617,142.0,0.0181439881681357,94.10000610351562,94.10000610351562,0,0,0,1,0,1,0,0,0,0,0,0,0,0,0,0,0,0,0,0,0
46.8334047182728,30.0,132.5,0.0171216222034223,94.10000610351562,94.10000610351562,0,0,0,1,0,0,0,0,0,0,0,0,1,0,0,0,0,0,0,0,0
51.75067315990415,30.0,134.0,0.0176859039600649,94.10000610351562,94.10000610351562,0,0,0,1,0,0,0,0,0,0,0,0,1,0,0,0,0,0,0,0,0
158.64645381203027,15.5531914893617,136.0,0.017337211445074,94.10000610351562,94.10000610351562,0,0,0,1,0,1,0,0,0,0,0,0,0,0,0,0,0,0,0,0,0
209.9139583572142,33.595391008689084,133.5,0.0142142626999902,94.10000610351562,94.10000610351562,0,0,0,1,0,0,0,0,0,0,0,0,1,0,0,0,0,0,0,0,0
327.3899569541577,33.595391008689084,131.5,0.0117685784611588,94.10000610351562,94.10000610351562,0,0,1,0,0,0,0,0,0,0,0,0,1,0,0,0,0,0,0,0,0
106.36504057442,50.0,130.5,0.0097634463249021,94.10000610351562,94.10000610351562,0,0,1,0,0,0,0,0,0,0,0,0,1,0,0,0,0,0,0,0,0
147.63027499737882,50.0,131.0,0.0106203494603213,94.10000610351562,94.10000610351562,0,0,1,0,0,0,0,0,0,0,0,0,1,0,0,0,0,0,0,0,0
23.492176194015588,30.0,267.0,0.0218253140990861,78.69999694824219,78.69999694824219,0,0,0,1,0,0,0,0,0,0,0,0,1,0,0,0,0,0,0,0,0
49.56003270612814,30.0,267.0,0.0219914414725945,78.69999694824219,78.69999694824219,0,0,0,1,0,0,0,0,0,0,0,0,1,0,0,0,0,0,0,0,0
24.70655028729998,30.0,267.0,0.0221638206665719,78.69999694824219,78.69999694824219,0,0,0,1,0,0,0,0,0,0,0,0,1,0,0,0,0,0,0,0,0
50.09325372738523,30.0,267.0,0.0219914414725945,78.69999694824219,78.69999694824219,0,0,0,1,0,0,0,0,0,0,0,0,1,0,0,0,0,0,0,0,0
68.47272006612258,30.0,266.5,0.0216132034985375,78.69999694824219,78.69999694824219,0,0,0,1,0,0,0,0,0,0,0,0,1,0,0,0,0,0,0,0,0
23.492176194015588,30.0,267.0,0.0218253140990861,78.69999694824219,78.69999694824219,0,0,0,1,0,0,0,0,0,0,0,0,1,0,0,0,0,0,0,0,0
50.80294867499049,15.5531914893617,266.5,0.021572684747709,78.69999694824219,78.69999694824219,0,0,0,1,0,1,0,0,0,0,0,0,0,0,0,0,0,0,0,0,0
68.47272006612258,30.0,266.5,0.0216132034985375,78.69999694824219,78.69999694824219,0,0,0,1,0,0,0,0,0,0,0,0,1,0,0,0,0,0,0,0,0
212.4417865537877,15.5531914893617,266.5,0.0216132034985375,78.69999694824219,78.69999694824219,0,0,0,1,0,1,0,0,0,0,0,0,0,0,0,0,0,0,0,0,0
50.15186088117876,15.5531914893617,266.0,0.0212562049841841,78.69999694824219,78.69999694824219,0,0,0,1,0,1,0,0,0,0,0,0,0,0,0,0,0,0,0,0,0
69.37756349838409,30.0,266.0,0.0212889831737612,78.69999694824219,78.69999694824219,0,0,0,1,0,0,0,0,0,0,0,0,1,0,0,0,0,0,0,0,0
62.79104881869419,30.0,267.0,0.0223693179325061,78.69999694824219,78.69999694824219,0,0,0,1,0,0,0,0,0,0,0,0,1,0,0,0,0,0,0,0,0
55.9093236486971,30.0,267.5,0.0226492057500527,78.69999694824219,78.69999694824219,0,0,0,1,0,0,0,0,0,0,0,0,1,0,0,0,0,0,0,0,0
24.70655028729998,30.0,267.0,0.0221638206665719,78.69999694824219,78.69999694824219,0,0,0,1,0,0,0,0,0,0,0,0,1,0,0,0,0,0,0,0,0
49.63995523126473,15.5531914893617,267.0,0.0224166480103284,78.69999694824219,78.69999694824219,0,0,0,1,0,1,0,0,0,0,0,0,0,0,0,0,0,0,0,0,0
168.13173738490605,15.5531914893617,267.0,0.0223693179325061,78.69999694824219,78.69999694824219,0,0,0,1,0,1,0,0,0,0,0,0,0,0,0,0,0,0,0,0,0
62.79104881869419,30.0,267.0,0.0223693179325061,78.69999694824219,78.69999694824219,0,0,0,1,0,0,0,0,0,0,0,0,1,0,0,0,0,0,0,0,0
55.26203518227464,15.5531914893617,267.5,0.0229955026345432,78.69999694824219,78.69999694824219,0,0,0,1,0,1,0,0,0,0,0,0,0,0,0,0,0,0,0,0,0
55.26203518227464,15.5531914893617,267.5,0.0229955026345432,78.69999694824219,78.69999694824219,0,0,0,1,0,1,0,0,0,0,0,0,0,0,0,0,0,0,0,0,0
55.9093236486971,30.0,267.5,0.0226492057500527,78.69999694824219,78.69999694824219,0,0,0,1,0,0,0,0,0,0,0,0,1,0,0,0,0,0,0,0,0
61.15107320217396,30.0,268.5,0.0229240746669627,78.69999694824219,78.69999694824219,0,0,0,1,0,0,0,0,0,0,0,0,1,0,0,0,0,0,0,0,0
55.59595949612972,15.5531914893617,268.0,0.0232808732019481,78.69999694824219,78.69999694824219,0,0,0,1,0,1,0,0,0,0,0,0,0,0,0,0,0,0,0,0,0
58.33947598369538,30.0,269.0,0.0232041998081111,78.69999694824219,78.69999694824219,0,0,0,1,0,0,0,0,0,0,0,0,1,0,0,0,0,0,0,0,0
55.59595949612972,15.5531914893617,268.0,0.0232808732019481,78.69999694824219,78.69999694824219,0,0,0,1,0,1,0,0,0,0,0,0,0,0,0,0,0,0,0,0,0
61.15107320217396,30.0,268.5,0.0229240746669627,78.69999694824219,78.69999694824219,0,0,0,1,0,0,0,0,0,0,0,0,1,0,0,0,0,0,0,0,0
54.37705230513486,15.5531914893617,267.5,0.0235519773465401,78.69999694824219,78.69999694824219,0,0,0,1,0,1,0,0,0,0,0,0,0,0,0,0,0,0,0,0,0
58.33947598369538,30.0,269.0,0.0232041998081111,78.69999694824219,78.69999694824219,0,0,0,1,0,0,0,0,0,0,0,0,1,0,0,0,0,0,0,0,0
54.37705230513486,15.5531914893617,267.5,0.0235519773465401,78.69999694824219,78.69999694824219,0,0,0,1,0,1,0,0,0,0,0,0,0,0,0,0,0,0,0,0,0
62.089948669991855,30.0,269.0,0.023483096798413,78.69999694824219,78.69999694824219,0,0,0,1,0,0,0,0,0,0,0,0,1,0,0,0,0,0,0,0,0
55.2620922858178,15.5531914893617,268.5,0.0238384532814762,78.69999694824219,78.69999694824219,0,0,0,1,0,1,0,0,0,0,0,0,0,0,0,0,0,0,0,0,0
67.76511664260127,15.5531914893617,266.0,0.0212156862333556,78.69999694824219,78.69999694824219,0,0,0,1,0,1,0,0,0,0,0,0,0,0,0,0,0,0,0,0,0
50.88533680637133,15.5531914893617,266.0,0.0209403863427738,78.69999694824219,78.69999694824219,0,0,0,1,0,1,0,0,0,0,0,0,0,0,0,0,0,0,0,0,0
50.88533680637133,15.5531914893617,266.0,0.0209403863427738,78.69999694824219,78.69999694824219,0,0,0,1,0,1,0,0,0,0,0,0,0,0,0,0,0,0,0,0,0
67.76511664260127,15.5531914893617,266.0,0.0212156862333556,78.69999694824219,78.69999694824219,0,0,0,1,0,1,0,0,0,0,0,0,0,0,0,0,0,0,0,0,0
50.15186088117876,15.5531914893617,266.0,0.0212562049841841,78.69999694824219,78.69999694824219,0,0,0,1,0,1,0,0,0,0,0,0,0,0,0,0,0,0,0,0,0
46.918752719371504,20.0,164.5,0.0295028783655624,78.69999694824219,78.69999694824219,0,0,0,1,0,0,0,0,0,0,0,0,1,0,0,0,0,0,0,0,0
59.65851291178262,20.0,169.0,0.029082534637122,78.69999694824219,78.69999694824219,0,0,0,1,0,0,0,0,0,0,0,0,1,0,0,0,0,0,0,0,0
52.75957339132155,20.0,166.0,0.0293504447878719,78.69999694824219,78.69999694824219,0,0,0,1,0,0,0,0,0,0,0,0,1,0,0,0,0,0,0,0,0
71.10801684830447,15.5531914893617,265.0,0.0214053738350292,78.69999694824219,78.69999694824219,0,0,0,1,0,1,0,0,0,0,0,0,0,0,0,0,0,0,0,0,0
71.10801684830447,15.5531914893617,265.0,0.0214053738350292,78.69999694824219,78.69999694824219,0,0,0,1,0,1,0,0,0,0,0,0,0,0,0,0,0,0,0,0,0
33.20760590795214,30.0,266.0,0.0210492272738892,78.69999694824219,78.69999694824219,0,0,0,1,0,0,0,0,0,0,0,0,1,0,0,0,0,0,0,0,0
69.37756349838409,30.0,266.0,0.0212889831737612,78.69999694824219,78.69999694824219,0,0,0,1,0,0,0,0,0,0,0,0,1,0,0,0,0,0,0,0,0
78.89211049760624,15.5531914893617,266.5,0.0209548125853761,78.69999694824219,78.69999694824219,0,0,0,1,0,1,0,0,0,0,0,0,0,0,0,0,0,0,0,0,0
78.89211049760624,15.5531914893617,266.5,0.0209548125853761,78.69999694824219,78.69999694824219,0,0,0,1,0,1,0,0,0,0,0,0,0,0,0,0,0,0,0,0,0
17.089780023062183,15.5531914893617,267.0,0.0208335673888072,78.69999694824219,78.69999694824219,0,0,0,1,0,1,0,0,0,0,0,0,0,0,0,0,0,0,0,0,0
46.033626349493,15.5531914893617,267.0,0.0206056590519063,78.69999694824219,78.69999694824219,0,0,0,1,0,1,0,0,0,0,0,0,0,0,0,0,0,0,0,0,0
59.65851291178261,20.0,169.0,0.029082534637122,78.69999694824219,78.69999694824219,0,0,0,1,0,0,0,0,0,0,0,0,1,0,0,0,0,0,0,0,0
37.45929819092014,15.5531914893617,263.0,0.0194485739845731,78.69999694824219,78.69999694824219,0,0,0,1,0,1,0,0,0,0,0,0,0,0,0,0,0,0,0,0,0
91.71895498692594,30.0,260.5,0.0190733252490531,78.69999694824219,78.69999694824219,0,0,0,1,0,0,0,0,0,0,0,0,1,0,0,0,0,0,0,0,0
163.67371430237074,40.0,264.0,0.0198682900813568,78.69999694824219,78.69999694824219,0,0,0,1,0,0,0,0,0,0,0,0,1,0,0,0,0,0,0,0,0
19.27511639139894,15.5531914893617,265.0,0.0196398350857048,78.69999694824219,78.69999694824219,0,0,0,1,0,1,0,0,0,0,0,0,0,0,0,0,0,0,0,0,0
68.47123711402509,15.5531914893617,264.5,0.0198358755731753,78.69999694824219,78.69999694824219,0,0,0,1,0,1,0,0,0,0,0,0,0,0,0,0,0,0,0,0,0
37.459298190920144,15.5531914893617,263.0,0.0194485739845731,78.69999694824219,78.69999694824219,0,0,0,1,0,1,0,0,0,0,0,0,0,0,0,0,0,0,0,0,0
68.98741595244853,15.5531914893617,264.5,0.0199443229169663,78.69999694824219,78.69999694824219,0,0,0,1,0,1,0,0,0,0,0,0,0,0,0,0,0,0,0,0,0
19.34325034078547,15.5531914893617,264.0,0.0201403634044368,78.69999694824219,78.69999694824219,0,0,0,1,0,1,0,0,0,0,0,0,0,0,0,0,0,0,0,0,0
99.28607867421849,15.5531914893617,266.0,0.0200199052351571,78.69999694824219,78.69999694824219,0,0,0,1,0,1,0,0,0,0,0,0,0,0,0,0,0,0,0,0,0
87.48530076292755,15.5531914893617,265.5,0.0202711786962369,78.69999694824219,78.69999694824219,0,0,0,1,0,1,0,0,0,0,0,0,0,0,0,0,0,0,0,0,0
17.823055226772393,15.5531914893617,267.0,0.0203931794140794,78.69999694824219,78.69999694824219,0,0,0,1,0,1,0,0,0,0,0,0,0,0,0,0,0,0,0,0,0
267.7519487067878,15.5531914893617,261.5,0.0193600070362478,78.69999694824219,78.69999694824219,0,0,0,1,0,1,0,0,0,0,0,0,0,0,0,0,0,0,0,0,0
68.47123711402509,15.5531914893617,264.5,0.0198358755731753,78.69999694824219,78.69999694824219,0,0,0,1,0,1,0,0,0,0,0,0,0,0,0,0,0,0,0,0,0
19.34325034078547,15.5531914893617,264.0,0.0201403634044368,78.69999694824219,78.69999694824219,0,0,0,1,0,1,0,0,0,0,0,0,0,0,0,0,0,0,0,0,0
514.705517625474,30.0,259.5,0.0302422789707993,78.69999694824219,78.69999694824219,0,0,0,1,0,0,0,0,0,0,0,0,1,0,0,0,0,0,0,0,0
29.16858678935779,30.0,264.5,0.0321949864253021,78.69999694824219,78.69999694824219,0,0,0,1,0,0,0,0,0,0,0,0,1,0,0,0,0,0,0,0,0
115.7145258389217,33.595391008689084,257.0,0.0271433007013423,78.69999694824219,78.69999694824219,0,0,0,1,0,0,0,0,0,0,0,0,1,0,0,0,0,0,0,0,0
115.7145258389217,33.595391008689084,257.0,0.0271433007013423,78.69999694824219,78.69999694824219,0,0,0,1,0,0,0,0,0,0,0,0,1,0,0,0,0,0,0,0,0
71.073054927969,30.0,254.5,0.0266839474077147,78.69999694824219,78.69999694824219,0,0,0,1,0,0,0,0,0,0,0,0,1,0,0,0,0,0,0,0,0
73.39656157001761,30.0,257.5,0.0266138928997996,78.69999694824219,78.69999694824219,0,0,0,1,0,0,0,0,0,0,0,0,1,0,0,0,0,0,0,0,0
514.705517625474,30.0,259.5,0.0302422789707993,78.69999694824219,78.69999694824219,0,0,0,1,0,0,0,0,0,0,0,0,1,0,0,0,0,0,0,0,0
219.5966767142869,30.0,253.0,0.0275304954616785,78.69999694824219,78.69999694824219,0,0,0,1,0,0,0,0,0,0,0,0,1,0,0,0,0,0,0,0,0
68.02283293833484,33.595391008689084,256.5,0.028442822477277,78.69999694824219,78.69999694824219,0,0,0,1,0,0,0,0,0,0,0,0,1,0,0,0,0,0,0,0,0
93.42189039651274,33.595391008689084,260.0,0.0287425543731881,78.69999694824219,78.69999694824219,0,0,0,1,0,0,0,0,0,0,0,0,1,0,0,0,0,0,0,0,0
64.9981334930539,33.595391008689084,259.5,0.0288545362440501,78.69999694824219,78.69999694824219,0,0,0,1,0,0,0,0,0,0,0,0,1,0,0,0,0,0,0,0,0
93.42189039651274,33.595391008689084,260.0,0.0287425543731881,78.69999694824219,78.69999694824219,0,0,0,1,0,0,0,0,0,0,0,0,1,0,0,0,0,0,0,0,0
68.02283293833484,33.595391008689084,256.5,0.028442822477277,78.69999694824219,78.69999694824219,0,0,0,1,0,0,0,0,0,0,0,0,1,0,0,0,0,0,0,0,0
64.9981334930539,33.595391008689084,259.5,0.0288545362440501,78.69999694824219,78.69999694824219,0,0,0,1,0,0,0,0,0,0,0,0,1,0,0,0,0,0,0,0,0
304.28102377343845,33.595391008689084,238.0,0.0230825159938161,78.69999694824219,78.69999694824219,0,0,0,1,0,0,0,0,0,0,0,0,1,0,0,0,0,0,0,0,0
137.03150039172894,30.0,242.0,0.0236246522653127,78.69999694824219,78.69999694824219,0,0,0,1,0,0,0,0,0,0,0,0,1,0,0,0,0,0,0,0,0
116.02635446706633,30.0,247.0,0.0245215658705893,78.69999694824219,78.69999694824219,0,0,0,1,0,0,0,0,0,0,0,0,1,0,0,0,0,0,0,0,0
80.85175995330296,30.0,247.0,0.0240478254061798,78.69999694824219,78.69999694824219,0,0,0,1,0,0,0,0,0,0,0,0,1,0,0,0,0,0,0,0,0
54.54739935035127,30.0,249.0,0.0250256921662733,78.69999694824219,78.69999694824219,0,0,0,1,0,0,0,0,0,0,0,0,1,0,0,0,0,0,0,0,0
68.14242813586885,30.0,249.0,0.025025326057544,78.69999694824219,78.69999694824219,0,0,0,1,0,0,0,0,0,0,0,0,1,0,0,0,0,0,0,0,0
54.54739935035127,30.0,249.0,0.0250256921662733,78.69999694824219,78.69999694824219,0,0,0,1,0,0,0,0,0,0,0,0,1,0,0,0,0,0,0,0,0
116.02635446706633,30.0,247.0,0.0245215658705893,78.69999694824219,78.69999694824219,0,0,0,1,0,0,0,0,0,0,0,0,1,0,0,0,0,0,0,0,0
68.14242813586887,30.0,249.0,0.025025326057544,78.69999694824219,78.69999694824219,0,0,0,1,0,0,0,0,0,0,0,0,1,0,0,0,0,0,0,0,0
137.0315003917289,30.0,242.0,0.0236246522653127,78.69999694824219,78.69999694824219,0,0,0,1,0,0,0,0,0,0,0,0,1,0,0,0,0,0,0,0,0
168.70913353773122,15.5531914893617,258.5,0.0215298511761536,78.69999694824219,78.69999694824219,0,0,0,1,0,1,0,0,0,0,0,0,0,0,0,0,0,0,0,0,0
26.273143571253563,15.5531914893617,261.0,0.0212005143996653,78.69999694824219,78.69999694824219,0,0,0,1,0,1,0,0,0,0,0,0,0,0,0,0,0,0,0,0,0
168.70913353773125,15.5531914893617,258.5,0.0215298511761536,78.69999694824219,78.69999694824219,0,0,0,1,0,1,0,0,0,0,0,0,0,0,0,0,0,0,0,0,0
86.59554729333328,15.5531914893617,260.0,0.0208715523009039,78.69999694824219,78.69999694824219,0,0,0,1,0,1,0,0,0,0,0,0,0,0,0,0,0,0,0,0,0
43.80551657047404,15.5531914893617,259.0,0.0205209097377912,78.69999694824219,78.69999694824219,0,0,0,1,0,1,0,0,0,0,0,0,0,0,0,0,0,0,0,0,0
115.29752106923304,15.5531914893617,257.5,0.0211664891744566,78.69999694824219,78.69999694824219,0,0,0,1,0,1,0,0,0,0,0,0,0,0,0,0,0,0,0,0,0
86.59554729333328,15.5531914893617,260.0,0.0208715523009039,78.69999694824219,78.69999694824219,0,0,0,1,0,1,0,0,0,0,0,0,0,0,0,0,0,0,0,0,0
26.273143571253563,15.5531914893617,261.0,0.0212005143996653,78.69999694824219,78.69999694824219,0,0,0,1,0,1,0,0,0,0,0,0,0,0,0,0,0,0,0,0,0
43.80551657047404,15.5531914893617,259.0,0.0205209097377912,78.69999694824219,78.69999694824219,0,0,0,1,0,1,0,0,0,0,0,0,0,0,0,0,0,0,0,0,0
68.61437663758032,15.5531914893617,258.5,0.0206613004852764,78.69999694824219,78.69999694824219,0,0,0,1,0,1,0,0,0,0,0,0,0,0,0,0,0,0,0,0,0
248.22638490324852,15.5531914893617,262.0,0.0208001905327634,78.69999694824219,78.69999694824219,0,0,0,1,0,1,0,0,0,0,0,0,0,0,0,0,0,0,0,0,0
115.29752106923304,15.5531914893617,257.5,0.0211664891744566,78.69999694824219,78.69999694824219,0,0,0,1,0,1,0,0,0,0,0,0,0,0,0,0,0,0,0,0,0
120.32346969302952,15.5531914893617,254.5,0.0214454566312611,78.69999694824219,78.69999694824219,0,0,0,1,0,1,0,0,0,0,0,0,0,0,0,0,0,0,0,0,0
33.99084175263438,15.5531914893617,257.5,0.0210077861860511,78.69999694824219,78.69999694824219,0,0,0,1,0,1,0,0,0,0,0,0,0,0,0,0,0,0,0,0,0
68.61437663758032,15.5531914893617,258.5,0.0206613004852764,78.69999694824219,78.69999694824219,0,0,0,1,0,1,0,0,0,0,0,0,0,0,0,0,0,0,0,0,0
21.133395405265148,15.5531914893617,256.5,0.0210007315745138,78.69999694824219,78.69999694824219,0,0,0,1,0,1,0,0,0,0,0,0,0,0,0,0,0,0,0,0,0
33.99084175263438,15.5531914893617,257.5,0.0210077861860511,78.69999694824219,78.69999694824219,0,0,0,1,0,1,0,0,0,0,0,0,0,0,0,0,0,0,0,0,0
271.81867261207134,30.0,138.5,0.0133113133710563,74.4000015258789,74.4000015258789,0,0,0,1,0,0,0,0,0,0,0,0,1,0,0,0,0,0,0,0,0
91.6002772464655,30.0,141.0,0.0140464803686568,74.4000015258789,74.4000015258789,0,0,0,1,0,0,0,0,0,0,0,0,1,0,0,0,0,0,0,0,0
29.47201279264428,30.0,141.0,0.0138268861641427,74.4000015258789,74.4000015258789,0,0,0,1,0,0,0,0,0,0,0,0,1,0,0,0,0,0,0,0,0
166.09706383861183,50.0,136.5,0.0134209778014106,74.4000015258789,74.4000015258789,0,0,0,1,0,0,0,0,0,0,0,0,1,0,0,0,0,0,0,0,0
271.8186726120713,30.0,138.5,0.0133113133710563,74.4000015258789,74.4000015258789,0,0,0,1,0,0,0,0,0,0,0,0,1,0,0,0,0,0,0,0,0
70.35226341372686,50.0,134.5,0.0124808505196272,74.4000015258789,74.4000015258789,0,0,0,1,0,0,0,0,0,0,0,0,1,0,0,0,0,0,0,0,0
311.57232770665775,30.0,153.0,0.0102586656683894,74.4000015258789,74.4000015258789,0,0,0,1,0,0,0,0,0,0,0,0,1,0,0,0,0,0,0,0,0
146.09797546436758,50.0,150.0,0.0090127492990832,74.4000015258789,74.4000015258789,0,0,0,1,0,0,0,0,0,0,0,0,0,0,1,0,0,0,0,0,0
311.5723277066577,30.0,153.0,0.0102586656683894,74.4000015258789,74.4000015258789,0,0,0,1,0,0,0,0,0,0,0,0,1,0,0,0,0,0,0,0,0
362.5788579826879,30.0,155.5,0.012025886314776,74.4000015258789,74.4000015258789,0,0,0,1,0,0,0,0,0,0,0,0,1,0,0,0,0,0,0,0,0
166.0970638386118,50.0,136.5,0.0134209778014106,74.4000015258789,74.4000015258789,0,0,0,1,0,0,0,0,0,0,0,0,1,0,0,0,0,0,0,0,0
39.89100941417081,50.0,139.0,0.0142665243575892,74.4000015258789,74.4000015258789,0,0,0,1,0,0,0,0,0,0,0,0,1,0,0,0,0,0,0,0,0
184.4700564147677,33.595391008689084,149.0,0.0153961909794777,78.69999694824219,78.69999694824219,0,0,0,1,0,0,0,0,0,0,0,0,1,0,0,0,0,0,0,0,0
84.47723225043916,33.595391008689084,151.0,0.0149343640807333,74.4000015258789,74.4000015258789,0,0,0,1,0,0,0,0,0,0,0,0,1,0,0,0,0,0,0,0,0
98.2148767896795,30.0,144.0,0.0142285116415111,74.4000015258789,74.4000015258789,0,0,0,1,0,0,0,0,0,0,0,0,1,0,0,0,0,0,0,0,0
29.47201279264428,30.0,141.0,0.0138268861641427,74.4000015258789,74.4000015258789,0,0,0,1,0,0,0,0,0,0,0,0,1,0,0,0,0,0,0,0,0
89.34070359525731,30.0,142.5,0.0136185131650109,74.4000015258789,74.4000015258789,0,0,0,1,0,0,0,0,0,0,0,0,1,0,0,0,0,0,0,0,0
143.55821067803885,30.0,139.0,0.01176045541425,74.4000015258789,74.4000015258789,0,0,0,1,0,0,0,0,0,0,0,0,1,0,0,0,0,0,0,0,0
159.10326026568197,30.0,138.5,0.0115946866435915,78.69999694824219,78.69999694824219,0,0,0,1,0,0,0,0,0,0,0,0,1,0,0,0,0,0,0,0,0
173.55567609779774,30.0,143.0,0.0128149059214638,74.4000015258789,74.4000015258789,0,0,0,1,0,0,0,0,0,0,0,0,1,0,0,0,0,0,0,0,0
143.55821067803885,30.0,139.0,0.01176045541425,74.4000015258789,74.4000015258789,0,0,0,1,0,0,0,0,0,0,0,0,1,0,0,0,0,0,0,0,0
20.39855838220294,30.0,136.0,0.0110270091361836,78.69999694824219,78.69999694824219,0,0,0,1,0,0,0,0,0,0,0,0,0,0,1,0,0,0,0,0,0
159.10326026568197,30.0,138.5,0.0115946866435915,78.69999694824219,78.69999694824219,0,0,0,1,0,0,0,0,0,0,0,0,1,0,0,0,0,0,0,0,0
217.89907699745987,40.0,134.5,0.0107707243185809,74.4000015258789,74.4000015258789,0,0,0,1,0,0,0,0,0,0,0,0,0,0,1,0,0,0,0,0,0
84.080078999709,30.0,137.0,0.0110609232953482,78.69999694824219,78.69999694824219,0,0,0,1,0,0,0,0,0,0,0,0,0,0,1,0,0,0,0,0,0
239.0693085437436,30.0,145.5,0.0112008871333505,78.69999694824219,78.69999694824219,0,0,0,1,0,0,0,0,0,0,0,0,0,0,1,0,0,0,0,0,0
85.04167859251821,15.5531914893617,139.5,0.0112900844875752,78.69999694824219,78.69999694824219,0,0,0,1,0,1,0,0,0,0,0,0,0,0,0,0,0,0,0,0,0
85.04167859251821,15.5531914893617,139.5,0.0112900844875752,78.69999694824219,78.69999694824219,0,0,0,1,0,1,0,0,0,0,0,0,0,0,0,0,0,0,0,0,0
714.969780654956,30.0,212.0,0.0144983204442631,78.69999694824219,78.69999694824219,0,0,0,1,0,0,0,0,0,0,0,0,0,0,0,0,0,0,1,0,0
245.11817144675047,47.53488372093023,259.5,0.0148649054354582,78.69999694824219,78.69999694824219,0,0,0,1,0,0,0,0,0,0,0,0,0,0,0,0,0,0,1,0,0
265.2701887309718,30.0,284.0,0.0355752579976245,78.69999694824219,78.69999694824219,0,0,0,1,0,0,0,0,0,0,0,0,1,0,0,0,0,0,0,0,0
48.78810951967487,30.0,277.0,0.0372930268022783,78.69999694824219,78.69999694824219,0,0,0,1,0,0,0,0,0,0,0,0,1,0,0,0,0,0,0,0,0
339.64958899923374,30.0,220.5,0.0368627034462232,78.69999694824219,78.69999694824219,0,0,0,1,0,0,0,0,0,0,0,0,1,0,0,0,0,0,0,0,0
114.36096976225492,30.0,140.5,0.0158408765191824,78.69999694824219,78.69999694824219,0,0,0,1,0,0,0,0,0,0,0,0,1,0,0,0,0,0,0,0,0
105.9849095218408,30.0,144.0,0.0166700241487804,78.69999694824219,78.69999694824219,0,0,0,1,0,0,0,0,0,0,0,0,1,0,0,0,0,0,0,0,0
22.08714650050532,30.0,143.5,0.0163908929828064,78.69999694824219,78.69999694824219,0,0,0,1,0,0,0,0,0,0,0,0,1,0,0,0,0,0,0,0,0
55.59831510105048,30.0,146.5,0.0163617871028722,78.69999694824219,78.69999694824219,0,0,0,1,0,0,0,0,0,0,0,0,1,0,0,0,0,0,0,0,0
29.50514987692904,30.0,144.5,0.0165490981199991,78.69999694824219,78.69999694824219,0,0,0,1,0,0,0,0,0,0,0,0,1,0,0,0,0,0,0,0,0
22.08714650050532,30.0,143.5,0.0163908929828064,78.69999694824219,78.69999694824219,0,0,0,1,0,0,0,0,0,0,0,0,1,0,0,0,0,0,0,0,0
29.50514987692904,30.0,144.5,0.0165490981199991,78.69999694824219,78.69999694824219,0,0,0,1,0,0,0,0,0,0,0,0,1,0,0,0,0,0,0,0,0
51.97384281611572,33.595391008689084,132.0,0.0023115842428972,74.4000015258789,74.4000015258789,0,0,1,0,0,0,0,0,0,0,0,0,1,0,0,0,0,0,0,0,0
41.53783114121687,33.595391008689084,131.5,0.0026910887724052,74.4000015258789,74.4000015258789,0,0,1,0,0,0,0,0,0,0,0,0,1,0,0,0,0,0,0,0,0
99.8480485558746,33.595391008689084,132.0,0.002450344746468,74.4000015258789,74.4000015258789,0,0,1,0,0,0,0,0,0,0,0,0,1,0,0,0,0,0,0,0,0
362.880330010912,50.0,129.0,0.0079384374778354,74.4000015258789,74.4000015258789,0,0,1,0,0,0,0,0,0,0,0,0,0,0,0,0,0,0,1,0,0
178.90104352347836,50.0,129.5,0.0093564642546634,74.4000015258789,74.4000015258789,0,0,1,0,0,0,0,0,0,0,0,0,0,0,0,0,0,0,1,0,0
73.63735641800395,47.53488372093023,129.0,0.0090069983322321,74.4000015258789,74.4000015258789,0,0,1,0,0,0,0,0,0,0,0,0,0,0,0,0,0,0,1,0,0
12.170387946463926,50.0,130.0,0.0120824983512183,74.4000015258789,74.4000015258789,0,0,1,0,0,0,0,0,0,0,1,0,0,0,0,0,0,0,0,0,0
38.05055199266393,50.0,129.5,0.0121562922625382,74.4000015258789,74.4000015258789,0,0,1,0,0,0,0,0,0,0,0,0,0,0,0,0,0,0,1,0,0
52.685831375724455,50.0,130.0,0.011777946314034,74.4000015258789,74.4000015258789,0,0,1,0,0,0,0,0,0,0,1,0,0,0,0,0,0,0,0,0,0
14.536800735315431,50.0,129.5,0.0118666985262897,74.4000015258789,74.4000015258789,0,0,1,0,0,0,0,0,0,0,1,0,0,0,0,0,0,0,0,0,0
18.169378011373745,50.0,129.0,0.0118090638669615,74.4000015258789,74.4000015258789,0,0,1,0,0,0,0,0,0,0,1,0,0,0,0,0,0,0,0,0,0
15.903772432046754,50.0,129.5,0.0114972310144725,74.4000015258789,74.4000015258789,0,0,1,0,0,0,0,0,0,0,1,0,0,0,0,0,0,0,0,0,0
71.91524260715354,30.0,143.5,0.0047173637573464,74.4000015258789,74.4000015258789,0,0,0,1,0,0,0,0,0,0,0,0,1,0,0,0,0,0,0,0,0
147.54061298448497,30.0,142.5,0.004775048908426,74.4000015258789,74.4000015258789,0,0,0,1,0,0,0,0,0,0,0,0,1,0,0,0,0,0,0,0,0
184.8729518332672,30.0,139.0,0.0036144553802386,74.4000015258789,74.4000015258789,0,0,0,1,0,0,0,0,0,0,0,0,1,0,0,0,0,0,0,0,0
32.40755083151274,30.0,146.5,0.0050221559078004,74.4000015258789,74.4000015258789,0,0,0,1,0,0,0,0,0,0,0,0,1,0,0,0,0,0,0,0,0
71.91524260715354,30.0,143.5,0.0047173637573464,74.4000015258789,74.4000015258789,0,0,0,1,0,0,0,0,0,0,0,0,1,0,0,0,0,0,0,0,0
78.65614568007386,30.0,145.5,0.0045438487461647,74.4000015258789,74.4000015258789,0,0,0,1,0,0,0,0,0,0,0,0,1,0,0,0,0,0,0,0,0
16.685468131594654,30.0,148.0,0.0051942627775903,74.4000015258789,74.4000015258789,0,0,0,1,0,0,0,0,0,0,0,0,1,0,0,0,0,0,0,0,0
32.40755083151274,30.0,146.5,0.0050221559078004,74.4000015258789,74.4000015258789,0,0,0,1,0,0,0,0,0,0,0,0,1,0,0,0,0,0,0,0,0
91.90592519845742,30.0,148.5,0.0054879047756634,74.4000015258789,74.4000015258789,0,0,0,1,0,0,0,0,0,0,0,0,1,0,0,0,0,0,0,0,0
91.90592519845742,30.0,148.5,0.0054879047756634,74.4000015258789,74.4000015258789,0,0,0,1,0,0,0,0,0,0,0,0,1,0,0,0,0,0,0,0,0
174.7728892727169,30.0,147.0,0.0060783289470983,74.4000015258789,74.4000015258789,0,0,0,1,0,0,0,0,0,0,0,0,1,0,0,0,0,0,0,0,0
138.53399226752288,30.0,146.5,0.0058254110534772,74.4000015258789,74.4000015258789,0,0,0,1,0,0,0,0,0,0,0,0,1,0,0,0,0,0,0,0,0
30.9479033049957,30.0,129.0,0.008390271694802,74.4000015258789,74.4000015258789,0,0,1,0,0,0,0,0,0,0,0,0,1,0,0,0,0,0,0,0,0
15.68082224359557,50.0,129.0,0.0085976270097387,74.4000015258789,74.4000015258789,0,0,1,0,0,0,0,0,0,0,0,0,1,0,0,0,0,0,0,0,0
125.68314177544322,30.0,128.5,0.0072420731191937,74.4000015258789,74.4000015258789,0,0,1,0,0,0,0,0,0,0,0,0,1,0,0,0,0,0,0,0,0
109.98510349131324,30.0,128.0,0.0071205013439266,74.4000015258789,74.4000015258789,0,0,1,0,0,0,0,0,0,0,0,0,1,0,0,0,0,0,0,0,0
130.75677949546562,30.0,128.0,0.0060701400982192,74.4000015258789,74.4000015258789,0,0,1,0,0,0,0,0,0,0,0,0,1,0,0,0,0,0,0,0,0
133.68722273915088,30.0,162.0,0.0321463939345234,78.69999694824219,78.69999694824219,0,1,1,0,0,0,0,0,0,0,0,0,0,0,0,0,1,0,0,0,0
378.3499813192914,30.0,179.0,0.0342811121761385,78.69999694824219,78.69999694824219,0,0,0,1,0,0,0,0,0,0,0,0,0,0,0,0,1,0,0,0,0
505.2360064340954,15.5531914893617,165.0,0.0316439790405359,78.69999694824219,78.69999694824219,0,0,0,1,0,1,0,0,0,0,0,0,0,0,0,0,0,0,0,0,0
50.00930173945365,15.5531914893617,165.5,0.0331095618788486,78.69999694824219,78.69999694824219,0,0,0,1,0,1,0,0,0,0,0,0,0,0,0,0,0,0,0,0,0
280.24589906323695,33.595391008689084,177.0,0.0363900872460261,78.69999694824219,78.69999694824219,0,1,1,0,0,0,0,0,0,0,0,0,1,0,0,0,0,0,0,0,0
11.77005274895332,30.0,288.0,0.0249395615940728,78.69999694824219,78.69999694824219,0,0,0,1,0,0,0,0,0,0,0,0,1,0,0,0,0,0,0,0,0
137.37574550140363,30.0,290.0,0.0255757173882287,78.69999694824219,78.69999694824219,0,0,0,1,0,0,0,0,0,0,0,0,1,0,0,0,0,0,0,0,0
22.00496932776908,30.0,295.5,0.0329825235977088,78.69999694824219,78.69999694824219,0,0,0,1,0,0,0,0,0,0,0,0,1,0,0,0,0,0,0,0,0
71.94971283451254,33.595391008689084,295.0,0.0330755013480933,78.69999694824219,78.69999694824219,0,0,0,1,0,0,0,0,0,0,0,0,1,0,0,0,0,0,0,0,0
90.26702021171144,30.0,295.0,0.0332475463734381,78.69999694824219,78.69999694824219,0,0,0,1,0,0,0,0,0,0,0,0,1,0,0,0,0,0,0,0,0
15.687254884324808,33.595391008689084,297.5,0.0329760707905946,78.69999694824219,78.69999694824219,0,0,0,1,0,0,0,0,0,0,0,0,1,0,0,0,0,0,0,0,0
71.94971283451254,33.595391008689084,295.0,0.0330755013480933,78.69999694824219,78.69999694824219,0,0,0,1,0,0,0,0,0,0,0,0,1,0,0,0,0,0,0,0,0
29.051173552978923,30.0,295.0,0.0332446711032631,78.69999694824219,78.69999694824219,0,0,0,1,0,0,0,0,0,0,0,0,1,0,0,0,0,0,0,0,0
15.687254884324808,33.595391008689084,297.5,0.0329760707905946,78.69999694824219,78.69999694824219,0,0,0,1,0,0,0,0,0,0,0,0,1,0,0,0,0,0,0,0,0
88.93815610352792,30.0,298.0,0.0328830930402101,78.69999694824219,78.69999694824219,0,0,0,1,0,0,0,0,0,0,0,0,1,0,0,0,0,0,0,0,0
212.39842551376495,18.5,306.0,0.03257729979248,78.69999694824219,78.69999694824219,0,0,0,1,0,0,0,0,0,0,0,0,1,0,0,0,0,0,0,0,0
36.55701863946646,30.0,267.0,0.0346334690096591,78.69999694824219,78.69999694824219,0,0,0,1,0,0,0,0,0,0,0,0,0,0,0,0,0,0,1,0,0
233.1043665229503,30.0,270.0,0.0343765639539804,78.69999694824219,78.69999694824219,0,0,0,1,0,0,0,0,0,0,0,0,0,0,0,0,0,0,1,0,0
135.12786731533103,30.0,266.5,0.0350832329493275,78.69999694824219,78.69999694824219,0,0,0,1,0,0,1,0,0,0,0,0,0,0,0,0,0,0,0,0,0
52.08007369134209,30.0,264.0,0.035521236265489,78.69999694824219,78.69999694824219,0,0,0,1,0,0,0,0,0,0,0,0,1,0,0,0,0,0,0,0,0
135.127867315331,30.0,266.5,0.0350832329493275,78.69999694824219,78.69999694824219,0,0,0,1,0,0,0,0,0,0,0,0,0,1,0,0,0,0,0,0,0
54.19641362109687,33.595391008689084,266.0,0.0352262437459038,78.69999694824219,78.69999694824219,0,0,0,1,0,0,0,0,0,0,0,0,1,0,0,0,0,0,0,0,0
54.19641362109687,33.595391008689084,266.0,0.0352262437459038,78.69999694824219,78.69999694824219,0,0,0,1,0,0,0,0,0,0,0,0,1,0,0,0,0,0,0,0,0
76.92570843629608,30.0,135.0,0.0019311475497924,86.80000305175781,86.80000305175781,0,0,0,1,0,0,0,0,0,0,0,0,1,0,0,0,0,0,0,0,0
52.69925941210286,50.0,134.0,0.0015009361791701,86.80000305175781,86.80000305175781,0,0,1,0,0,0,0,0,0,0,1,0,0,0,0,0,0,0,0,0,0
227.7120353811124,50.0,136.0,0.0013548067507228,86.80000305175781,86.80000305175781,0,0,1,0,0,0,0,0,0,0,1,0,0,0,0,0,0,0,0,0,0
73.59774939563782,30.0,147.5,0.0035242474353872,86.80000305175781,86.80000305175781,0,0,0,1,0,0,0,0,0,0,0,0,1,0,0,0,0,0,0,0,0
132.52993940612126,30.0,138.5,0.0029190385608214,86.80000305175781,86.80000305175781,0,0,0,1,0,0,0,0,0,0,0,0,1,0,0,0,0,0,0,0,0
67.15981894966386,30.0,139.5,0.0029817785195525,86.80000305175781,86.80000305175781,0,0,0,1,0,0,0,0,0,0,0,0,1,0,0,0,0,0,0,0,0
82.5532063589579,30.0,135.0,0.0020723882125653,86.80000305175781,86.80000305175781,0,0,1,0,0,0,0,0,0,0,0,0,1,0,0,0,0,0,0,0,0
52.69925941210286,50.0,134.0,0.0015009361791701,86.80000305175781,86.80000305175781,0,0,1,0,0,0,0,0,0,0,1,0,0,0,0,0,0,0,0,0,0
138.19198878092465,50.0,135.0,0.0017052370243243,86.80000305175781,86.80000305175781,0,0,1,0,0,0,0,0,0,0,1,0,0,0,0,0,0,0,0,0,0
51.83239999886354,30.0,136.0,0.0025025995831876,86.80000305175781,86.80000305175781,0,0,0,1,0,0,0,0,0,0,0,0,1,0,0,0,0,0,0,0,0
42.51806180035404,30.0,138.0,0.0026757288596648,86.80000305175781,86.80000305175781,0,0,0,1,0,0,0,0,0,0,0,0,1,0,0,0,0,0,0,0,0
76.92570843629608,30.0,135.0,0.0019311475497924,86.80000305175781,86.80000305175781,0,0,0,1,0,0,0,0,0,0,0,0,1,0,0,0,0,0,0,0,0
51.83239999886354,30.0,136.0,0.0025025995831876,86.80000305175781,86.80000305175781,0,0,0,1,0,0,0,0,0,0,0,0,1,0,0,0,0,0,0,0,0
132.52993940612126,30.0,138.5,0.0029190385608214,86.80000305175781,86.80000305175781,0,0,0,1,0,0,0,0,0,0,0,0,1,0,0,0,0,0,0,0,0
82.5532063589579,30.0,135.0,0.0020723882125653,86.80000305175781,86.80000305175781,0,0,1,0,0,0,0,0,0,0,0,0,1,0,0,0,0,0,0,0,0
9.762307368194929,50.0,253.0,0.025881899886958,78.69999694824219,78.69999694824219,0,0,0,1,0,0,0,0,0,0,0,0,1,0,0,0,0,0,0,0,0
34.75063756730864,50.0,254.0,0.0259721506821939,78.69999694824219,78.69999694824219,0,0,0,1,0,0,0,0,0,0,0,0,1,0,0,0,0,0,0,0,0
120.24287186172728,50.0,254.5,0.0263891701803593,78.69999694824219,78.69999694824219,0,0,0,1,0,0,0,0,0,0,0,0,1,0,0,0,0,0,0,0,0
8.599418002411031,50.0,255.0,0.0259801419501991,78.69999694824219,78.69999694824219,0,0,0,1,0,0,0,0,0,0,0,0,1,0,0,0,0,0,0,0,0
44.813333535093285,50.0,255.5,0.0262261053462631,78.69999694824219,78.69999694824219,0,0,0,1,0,0,0,0,0,0,0,0,1,0,0,0,0,0,0,0,0
9.432966333667329,15.5531914893617,252.0,0.0226012194292549,78.69999694824219,78.69999694824219,0,0,0,1,0,1,0,0,0,0,0,0,0,0,0,0,0,0,0,0,0
58.31530253948095,33.595391008689084,252.0,0.0224832989770662,78.69999694824219,78.69999694824219,0,0,0,1,0,0,0,0,0,0,0,0,1,0,0,0,0,0,0,0,0
231.5719083138263,15.5531914893617,252.0,0.0226977125436037,78.69999694824219,78.69999694824219,0,0,0,1,0,1,0,0,0,0,0,0,0,0,0,0,0,0,0,0,0
231.5719083138263,15.5531914893617,252.0,0.0226977125436037,78.69999694824219,78.69999694824219,0,0,0,1,0,1,0,0,0,0,0,0,0,0,0,0,0,0,0,0,0
141.91736190268642,15.5531914893617,252.0,0.0224903992036121,78.69999694824219,78.69999694824219,0,0,0,1,0,1,0,0,0,0,0,0,0,0,0,0,0,0,0,0,0
58.31530253948095,33.595391008689084,252.0,0.0224832989770662,78.69999694824219,78.69999694824219,0,0,0,1,0,0,0,0,0,0,0,0,1,0,0,0,0,0,0,0,0
83.52626097166606,50.0,252.0,0.0226487349717751,78.69999694824219,78.69999694824219,0,0,0,1,0,0,0,0,0,0,0,0,1,0,0,0,0,0,0,0,0
45.51288830040439,50.0,252.0,0.0221590636281255,78.69999694824219,78.69999694824219,0,0,0,1,0,0,0,0,0,0,0,0,1,0,0,0,0,0,0,0,0
91.62317414226764,33.595391008689084,154.0,0.0099071403669373,78.69999694824219,78.69999694824219,0,0,0,1,0,0,0,0,0,0,0,0,1,0,0,0,0,0,0,0,0
72.93054354535863,50.0,133.0,0.0103845362321768,74.4000015258789,74.4000015258789,0,0,0,1,0,0,0,0,0,0,0,0,0,0,1,0,0,0,0,0,0
80.30790194852995,50.0,132.5,0.0100119225588346,74.4000015258789,74.4000015258789,0,0,0,1,0,0,0,0,0,0,0,0,0,0,0,1,0,0,0,0,0
88.38552816141288,50.0,132.5,0.0100659120260477,74.4000015258789,74.4000015258789,0,0,0,1,0,0,0,0,0,0,0,0,0,0,1,0,0,0,0,0,0
48.2978532891069,30.0,146.0,0.0191141075477915,94.10000610351562,94.10000610351562,0,0,0,1,0,0,0,0,0,0,0,0,1,0,0,0,0,0,0,0,0
70.92513949647957,30.0,144.0,0.0183857283928114,94.10000610351562,94.10000610351562,0,0,0,1,0,0,0,0,0,0,0,0,1,0,0,0,0,0,0,0,0
123.38640595117312,5.0,146.5,0.0193518177281683,94.10000610351562,94.10000610351562,0,0,0,1,0,0,0,0,0,0,0,0,0,1,0,0,0,0,0,0,0
366.0569647827532,47.53488372093023,194.5,0.0041518230152048,74.4000015258789,74.4000015258789,0,0,0,1,0,0,0,0,0,0,0,0,0,0,0,0,0,0,0,0,1
651.0902318110633,50.0,219.5,0.0090112749793422,74.4000015258789,74.4000015258789,0,0,0,1,0,0,0,0,0,0,0,0,0,0,0,0,0,0,1,0,0
386.2973496896549,50.0,175.0,0.003698541027162,74.4000015258789,74.4000015258789,0,0,0,1,0,0,0,0,0,0,0,0,0,0,0,0,0,0,0,0,1
651.0902318110634,50.0,219.5,0.0090112749793422,74.4000015258789,74.4000015258789,0,0,0,1,0,0,0,0,0,0,0,0,0,0,0,0,0,0,1,0,0
436.56580642012807,40.0,231.5,0.010159254207454,74.4000015258789,74.4000015258789,0,0,0,1,0,0,0,0,0,0,0,0,0,0,0,0,0,0,0,0,1
212.5141327767209,40.0,234.5,0.0132775791673325,74.4000015258789,74.4000015258789,0,0,0,1,0,0,0,0,0,0,0,0,0,0,0,0,0,0,0,0,1
38.54374324012156,30.0,239.5,0.0152107952297962,74.4000015258789,74.4000015258789,0,0,0,1,0,0,0,0,0,0,0,0,1,0,0,0,0,0,0,0,0
81.42233758215974,30.0,237.5,0.0146764067268949,74.4000015258789,74.4000015258789,0,0,0,1,0,0,0,0,0,0,0,0,1,0,0,0,0,0,0,0,0
97.91626972605049,30.0,239.5,0.01528609893774,74.4000015258789,74.4000015258789,0,0,0,1,0,0,0,0,0,0,0,0,1,0,0,0,0,0,0,0,0
94.6515446899548,15.5531914893617,129.5,0.0040633041953811,74.4000015258789,74.4000015258789,0,0,1,0,0,1,0,0,0,0,0,0,0,0,0,0,0,0,0,0,0
8.731146774851801,15.5531914893617,133.0,0.0093600309460453,74.4000015258789,74.4000015258789,0,0,0,1,0,1,0,0,0,0,0,0,0,0,0,0,0,0,0,0,0
8.731146774851801,15.5531914893617,133.0,0.0093600309460453,74.4000015258789,74.4000015258789,0,0,0,1,0,1,0,0,0,0,0,0,0,0,0,0,0,0,0,0,0
85.05333199387864,15.5531914893617,134.0,0.0094157292361501,74.4000015258789,74.4000015258789,0,0,0,1,0,1,0,0,0,0,0,0,0,0,0,0,0,0,0,0,0
9.434709932391756,15.5531914893617,135.5,0.0094141867779495,74.4000015258789,74.4000015258789,0,0,0,1,0,1,0,0,0,0,0,0,0,0,0,0,0,0,0,0,0
59.20159914446647,15.5531914893617,135.0,0.0096819386924806,74.4000015258789,74.4000015258789,0,0,0,1,0,1,0,0,0,0,0,0,0,0,0,0,0,0,0,0,0
9.434709932391756,15.5531914893617,135.5,0.0094141867779495,74.4000015258789,74.4000015258789,0,0,0,1,0,1,0,0,0,0,0,0,0,0,0,0,0,0,0,0,0
150.57944948971587,15.5531914893617,135.5,0.0096825085776905,74.4000015258789,74.4000015258789,0,0,0,1,0,1,0,0,0,0,0,0,0,0,0,0,0,0,0,0,0
143.91531692247924,30.0,132.5,0.0029496059119038,86.80000305175781,86.80000305175781,0,0,1,0,0,0,0,0,0,0,0,0,1,0,0,0,0,0,0,0,0
12.97002496089973,50.0,131.0,0.0017967863575067,74.4000015258789,74.4000015258789,0,0,1,0,0,0,0,0,0,0,0,1,0,0,0,0,0,0,0,0,0
39.87504660143336,50.0,131.0,0.0018485302602527,74.4000015258789,74.4000015258789,0,0,1,0,0,0,0,0,0,0,1,0,0,0,0,0,0,0,0,0,0
401.7994466694036,50.0,131.0,0.0020675506846167,74.4000015258789,74.4000015258789,0,0,1,0,0,0,0,0,0,0,1,0,0,0,0,0,0,0,0,0,0
124.8965864152478,15.5531914893617,126.0,0.0018449283779542,86.80000305175781,86.80000305175781,0,0,1,0,0,1,0,0,0,0,0,0,0,0,0,0,0,0,0,0,0
362.5788579826879,30.0,155.5,0.012025886314776,74.4000015258789,74.4000015258789,0,0,0,1,0,0,0,0,0,0,0,0,1,0,0,0,0,0,0,0,0
235.46380323137072,30.0,137.5,0.0048358491348524,74.4000015258789,74.4000015258789,0,0,0,1,0,0,0,0,0,0,0,0,1,0,0,0,0,0,0,0,0
268.18392066226573,30.0,141.0,0.005067894458576,74.4000015258789,74.4000015258789,0,0,0,1,0,0,0,0,0,0,0,0,1,0,0,0,0,0,0,0,0
28.50243406655596,30.0,143.5,0.0055665267739666,74.4000015258789,74.4000015258789,0,0,0,1,0,0,0,0,0,0,0,0,1,0,0,0,0,0,0,0,0
5.291988842924443,30.0,143.0,0.00462132736706,74.4000015258789,74.4000015258789,0,0,0,1,0,0,0,0,0,0,0,0,1,0,0,0,0,0,0,0,0
108.1626992002696,33.595391008689084,146.5,0.00483388258024,74.4000015258789,74.4000015258789,1,1,1,0,0,0,0,0,0,0,0,0,1,0,0,0,0,0,0,0,0
86.08155548893323,30.0,144.5,0.004401109662864,74.4000015258789,74.4000015258789,0,1,1,0,0,0,0,0,0,0,0,0,1,0,0,0,0,0,0,0,0
108.1626992002696,33.595391008689084,146.5,0.00483388258024,74.4000015258789,74.4000015258789,1,1,1,0,0,0,0,0,0,0,0,0,1,0,0,0,0,0,0,0,0
134.06709694988058,33.595391008689084,160.5,0.0053053558880589,74.4000015258789,74.4000015258789,0,0,0,1,0,0,0,0,0,0,0,0,1,0,0,0,0,0,0,0,0
54.75765523701156,30.0,153.0,0.0051597497161204,74.4000015258789,74.4000015258789,0,0,0,1,0,0,0,0,0,0,0,0,1,0,0,0,0,0,0,0,0
856.5745939756175,30.0,161.0,0.0038012938250223,74.4000015258789,74.4000015258789,0,0,0,1,0,0,0,0,0,0,0,0,1,0,0,0,0,0,0,0,0
134.06709694988058,33.595391008689084,160.5,0.0053053558880589,74.4000015258789,74.4000015258789,0,0,0,1,0,0,0,0,0,0,0,0,1,0,0,0,0,0,0,0,0
21.18780295861471,30.0,136.0,0.0041733341307154,74.4000015258789,74.4000015258789,0,0,0,1,0,0,0,0,0,0,0,0,1,0,0,0,0,0,0,0,0
22.65207380863336,33.595391008689084,135.0,0.0040865110687481,74.4000015258789,74.4000015258789,0,0,0,1,0,0,0,0,0,0,0,0,1,0,0,0,0,0,0,0,0
23.88168317922401,30.0,134.0,0.0040742296088889,74.4000015258789,74.4000015258789,0,0,0,1,0,0,0,0,0,0,0,0,1,0,0,0,0,0,0,0,0
235.4638032313707,30.0,137.5,0.0048358491348524,74.4000015258789,74.4000015258789,0,0,0,1,0,0,0,0,0,0,0,0,1,0,0,0,0,0,0,0,0
23.88168317922401,30.0,134.0,0.0040742296088889,74.4000015258789,74.4000015258789,0,0,0,1,0,0,0,0,0,0,0,0,1,0,0,0,0,0,0,0,0
322.61330431081325,33.595391008689084,137.5,0.0039922814203607,74.4000015258789,74.4000015258789,0,1,1,0,0,0,0,0,0,0,0,0,1,0,0,0,0,0,0,0,0
147.1522553287144,30.0,142.0,0.0056430740256851,74.4000015258789,74.4000015258789,0,0,0,1,0,0,0,0,0,0,0,0,1,0,0,0,0,0,0,0,0
92.93845449740444,40.0,145.5,0.0058489694825344,74.4000015258789,74.4000015258789,0,0,0,1,0,0,0,0,0,0,0,0,1,0,0,0,0,0,0,0,0
28.50243406655596,30.0,143.5,0.0055665267739666,74.4000015258789,74.4000015258789,0,0,0,1,0,0,0,0,0,0,0,0,1,0,0,0,0,0,0,0,0
153.83654477823214,30.0,135.5,0.0057863388849147,74.4000015258789,74.4000015258789,0,0,0,1,0,0,0,0,0,0,0,0,1,0,0,0,0,0,0,0,0
147.15225532871443,30.0,142.0,0.0056430740256851,74.4000015258789,74.4000015258789,0,0,0,1,0,0,0,0,0,0,0,0,1,0,0,0,0,0,0,0,0
244.51920103575443,30.0,137.5,0.0062945064654525,74.4000015258789,74.4000015258789,0,0,0,1,0,0,0,0,0,0,0,0,1,0,0,0,0,0,0,0,0
84.71644587792406,30.0,143.0,0.007278734878811,74.4000015258789,74.4000015258789,0,0,0,1,0,0,0,0,0,0,0,0,1,0,0,0,0,0,0,0,0
511.4918974676295,50.0,150.0,0.0090416800282625,74.4000015258789,74.4000015258789,0,0,0,1,0,0,0,0,0,0,0,0,1,0,0,0,0,0,0,0,0
274.20867071047974,50.0,146.0,0.0068538639724936,74.4000015258789,74.4000015258789,0,0,0,1,0,0,0,0,0,0,0,0,1,0,0,0,0,0,0,0,0
683.9884141727522,33.595391008689084,150.5,0.0081284178562901,74.4000015258789,74.4000015258789,0,0,0,1,0,0,0,0,0,0,0,0,1,0,0,0,0,0,0,0,0
274.2086707104798,50.0,146.0,0.0068538639724936,74.4000015258789,74.4000015258789,0,0,0,1,0,0,0,0,0,0,0,0,1,0,0,0,0,0,0,0,0
92.93845449740444,40.0,145.5,0.0058489694825344,74.4000015258789,74.4000015258789,0,0,0,1,0,0,0,0,0,0,0,0,1,0,0,0,0,0,0,0,0
683.9884141727522,33.595391008689084,150.5,0.0081284178562901,74.4000015258789,74.4000015258789,0,0,0,1,0,0,0,0,0,0,0,0,1,0,0,0,0,0,0,0,0
381.6541737152422,50.0,148.0,0.0119277095136816,74.4000015258789,74.4000015258789,0,0,0,1,0,0,0,0,0,0,0,0,1,0,0,0,0,0,0,0,0
38.850444024597024,50.0,151.5,0.0105643160184475,74.4000015258789,74.4000015258789,0,0,0,1,0,0,0,0,0,0,0,0,1,0,0,0,0,0,0,0,0
29.765028522174106,30.0,149.0,0.0105505666112532,74.4000015258789,74.4000015258789,0,0,0,1,0,0,0,0,0,0,0,0,0,0,0,0,0,0,1,0,0
500.242893665992,30.0,136.5,0.0082415207385965,74.4000015258789,74.4000015258789,0,0,1,0,0,0,0,0,0,0,0,0,0,0,0,0,0,0,1,0,0
389.17263335897616,50.0,129.5,0.0058174408566216,74.4000015258789,74.4000015258789,1,0,1,0,0,0,0,0,0,0,0,0,0,0,0,0,0,0,0,0,1
160.25406190215983,40.0,130.5,0.005757827094616,74.4000015258789,74.4000015258789,0,0,1,0,0,0,0,0,0,0,0,0,0,0,0,0,0,0,1,0,0
445.4192916697456,30.0,131.5,0.003532307298894,74.4000015258789,74.4000015258789,0,0,1,0,0,0,0,0,0,0,0,0,1,0,0,0,0,0,0,0,0
160.25406190215983,40.0,130.5,0.005757827094616,74.4000015258789,74.4000015258789,0,0,1,0,0,0,0,0,0,0,0,0,0,0,0,0,0,0,1,0,0
194.0382969157443,75.0,131.5,0.0046184594136663,74.4000015258789,74.4000015258789,0,0,1,0,0,0,0,0,0,0,0,0,0,0,0,0,0,0,1,0,0
74.00437117479967,50.0,135.0,0.0079543817001786,74.4000015258789,74.4000015258789,0,0,0,1,0,0,0,0,0,0,0,0,1,0,0,0,0,0,0,0,0
67.64660810651176,30.0,135.0,0.0083943188925977,74.4000015258789,74.4000015258789,0,0,0,1,0,0,0,0,0,0,0,0,1,0,0,0,0,0,0,0,0
154.31420323442242,30.0,134.0,0.0074315812241372,74.4000015258789,74.4000015258789,0,0,0,1,0,0,0,0,0,0,0,0,1,0,0,0,0,0,0,0,0
112.02493983641595,30.0,136.5,0.0033062193954212,94.10000610351562,94.10000610351562,0,0,1,0,0,0,0,0,0,0,0,0,1,0,0,0,0,0,0,0,0
36.367736090872825,30.0,138.0,0.0037865949533048,94.10000610351562,94.10000610351562,0,0,0,1,0,0,0,0,0,0,0,0,1,0,0,0,0,0,0,0,0
112.02493983641598,30.0,136.5,0.0033062193954212,94.10000610351562,94.10000610351562,0,0,1,0,0,0,0,0,0,0,0,0,1,0,0,0,0,0,0,0,0
56.32018801060305,50.0,134.0,0.00224357175672,94.10000610351562,94.10000610351562,0,0,1,0,0,0,0,0,0,0,0,0,1,0,0,0,0,0,0,0,0
113.91172826003375,50.0,131.0,0.0019068495900561,94.10000610351562,94.10000610351562,0,0,1,0,0,0,0,0,0,0,1,0,0,0,0,0,0,0,0,0,0
10.114910726769752,50.8,133.0,0.0018283179805819,94.10000610351562,94.10000610351562,0,0,1,0,0,0,0,0,0,0,0,1,0,0,0,0,0,0,0,0,0
575.039998380379,50.0,129.5,0.0025695990231217,94.10000610351562,94.10000610351562,0,0,1,0,0,0,0,0,0,0,1,0,0,0,0,0,0,0,0,0,0
73.0612527892567,30.0,130.5,0.0024375500381587,94.10000610351562,94.10000610351562,0,0,1,0,0,0,0,0,0,0,0,0,1,0,0,0,0,0,0,0,0
20.52700709289373,30.0,132.0,0.0029051849745986,94.10000610351562,94.10000610351562,0,0,1,0,0,0,0,0,0,0,0,0,1,0,0,0,0,0,0,0,0
69.21212260737065,33.595391008689084,168.0,0.002398924980267,86.80000305175781,86.80000305175781,1,0,0,1,0,0,0,0,0,0,0,0,1,0,0,0,0,0,0,0,0
85.11504918224576,30.0,137.5,0.0154580694308523,94.10000610351562,94.10000610351562,0,0,0,1,0,0,0,0,0,0,0,0,1,0,0,0,0,0,0,0,0
100.9086886301024,30.0,138.5,0.0161945308631655,94.10000610351562,94.10000610351562,0,0,0,1,0,0,0,0,0,0,0,0,1,0,0,0,0,0,0,0,0
141.179103608518,33.595391008689084,139.5,0.0164525954772786,94.10000610351562,94.10000610351562,0,0,0,1,0,0,0,0,0,0,0,0,1,0,0,0,0,0,0,0,0
141.179103608518,33.595391008689084,139.5,0.0164525954772786,94.10000610351562,94.10000610351562,0,0,0,1,0,0,0,0,0,0,0,0,1,0,0,0,0,0,0,0,0
775.3982147469653,50.0,130.0,0.0017986973688273,94.10000610351562,94.10000610351562,0,0,1,0,0,0,0,0,0,0,1,0,0,0,0,0,0,0,0,0,0
184.28298910278212,33.595391008689084,187.5,0.0053074445307552,86.80000305175781,86.80000305175781,0,0,0,1,0,0,0,0,0,0,0,0,1,0,0,0,0,0,0,0,0
123.70465832200708,30.0,134.5,0.0050325921041943,94.10000610351562,94.10000610351562,0,0,0,1,0,0,0,0,0,0,0,0,1,0,0,0,0,0,0,0,0
28.71220216439792,33.595391008689084,135.0,0.005908688202095,94.10000610351562,94.10000610351562,0,0,0,1,0,0,0,0,0,0,0,0,1,0,0,0,0,0,0,0,0
50.05187264091436,33.595391008689084,135.5,0.0057488083083216,94.10000610351562,94.10000610351562,0,0,0,1,0,0,0,0,0,0,0,0,1,0,0,0,0,0,0,0,0
148.30781393993595,33.595391008689084,136.5,0.0065966199015137,94.10000610351562,94.10000610351562,0,0,0,1,0,0,0,0,0,0,0,0,1,0,0,0,0,0,0,0,0
173.91891395136946,33.595391008689084,136.5,0.005967212979632,94.10000610351562,94.10000610351562,0,0,0,1,0,0,0,0,0,0,0,0,0,1,0,0,0,0,0,0,0
50.05187264091436,33.595391008689084,135.5,0.0057488083083216,94.10000610351562,94.10000610351562,0,0,0,1,0,0,0,0,0,0,0,0,1,0,0,0,0,0,0,0,0
21.133395405265148,15.5531914893617,256.5,0.0210007315745138,78.69999694824219,78.69999694824219,0,0,0,1,0,1,0,0,0,0,0,0,0,0,0,0,0,0,0,0,0
120.32346969302952,15.5531914893617,254.5,0.0214454566312611,78.69999694824219,78.69999694824219,0,0,0,1,0,1,0,0,0,0,0,0,0,0,0,0,0,0,0,0,0
62.06498713822276,33.595391008689084,255.5,0.0209192242229301,78.69999694824219,78.69999694824219,0,0,0,1,0,0,0,0,0,0,0,0,1,0,0,0,0,0,0,0,0
62.06498713822276,33.595391008689084,255.5,0.0209192242229301,78.69999694824219,78.69999694824219,0,0,0,1,0,0,0,0,0,0,0,0,1,0,0,0,0,0,0,0,0
33.95110692207695,15.5531914893617,256.0,0.0206701170620346,78.69999694824219,78.69999694824219,0,0,0,1,0,1,0,0,0,0,0,0,0,0,0,0,0,0,0,0,0
164.42221291690302,50.0,254.0,0.0213724930673353,78.69999694824219,78.69999694824219,0,0,0,1,0,0,0,0,0,0,0,0,1,0,0,0,0,0,0,0,0
334.3804604695344,50.0,257.5,0.0196961981105315,78.69999694824219,78.69999694824219,0,0,0,1,0,0,0,0,0,0,0,0,1,0,0,0,0,0,0,0,0
267.75194870678786,15.5531914893617,261.5,0.0193600070362478,78.69999694824219,78.69999694824219,0,0,0,1,0,1,0,0,0,0,0,0,0,0,0,0,0,0,0,0,0
121.51117305598846,40.0,259.5,0.0187355034430755,78.69999694824219,78.69999694824219,0,0,0,1,0,0,0,0,0,0,0,0,1,0,0,0,0,0,0,0,0
334.38046046953434,50.0,257.5,0.0196961981105315,78.69999694824219,78.69999694824219,0,0,0,1,0,0,0,0,0,0,0,0,1,0,0,0,0,0,0,0,0
173.91891395136943,15.5531914893617,136.5,0.005967212979632,94.10000610351562,94.10000610351562,0,0,0,1,0,0,1,0,0,0,0,0,0,0,0,0,0,0,0,0,0
40.22001190724025,30.0,136.5,0.0044095733676555,94.10000610351562,94.10000610351562,0,0,0,1,0,0,0,0,0,0,0,0,1,0,0,0,0,0,0,0,0
69.88905192869409,30.0,138.0,0.0077706515947335,94.10000610351562,94.10000610351562,0,0,0,1,0,0,0,0,0,0,0,0,1,0,0,0,0,0,0,0,0
18.023552100272624,30.0,139.0,0.0081123954460538,94.10000610351562,94.10000610351562,0,0,0,1,0,0,0,0,0,0,0,0,1,0,0,0,0,0,0,0,0
162.5968242833477,30.0,137.0,0.0069838542418333,94.10000610351562,94.10000610351562,0,0,0,1,0,0,0,0,0,0,0,0,1,0,0,0,0,0,0,0,0
85.60309126935063,30.0,141.0,0.004828076229796,94.10000610351562,94.10000610351562,0,0,0,1,0,0,0,0,0,0,0,0,1,0,0,0,0,0,0,0,0
69.52046587415228,30.0,135.0,0.0041104968246299,94.10000610351562,94.10000610351562,0,0,0,1,0,0,0,0,0,0,0,0,1,0,0,0,0,0,0,0,0
231.590766509653,50.0,134.0,0.0032260984432176,94.10000610351562,94.10000610351562,0,0,0,1,0,0,0,0,0,0,0,0,0,0,0,0,1,0,0,0,0
250.6450770204575,50.0,134.0,0.0038200994563777,94.10000610351562,94.10000610351562,0,0,0,1,0,0,0,0,0,0,0,0,0,0,0,0,1,0,0,0,0
38.11261352963622,15.5531914893617,132.0,0.0008672301398284,74.4000015258789,74.4000015258789,0,1,1,0,0,1,0,0,0,0,0,0,0,0,0,0,0,0,0,0,0
44.0787205954428,30.0,133.0,0.0011889264359812,74.4000015258789,74.4000015258789,0,0,1,0,0,0,0,0,0,0,0,0,0,0,1,0,0,0,0,0,0
33.08314626524653,30.0,132.5,0.0010388676794195,74.4000015258789,74.4000015258789,0,1,1,0,0,0,0,0,0,0,0,0,0,0,1,0,0,0,0,0,0
33.51520491381155,30.0,132.0,0.0011125745383467,74.4000015258789,74.4000015258789,0,1,1,0,0,0,0,0,0,0,0,0,0,0,1,0,0,0,0,0,0
184.9590940386649,30.0,132.0,0.0009109493782667,74.4000015258789,74.4000015258789,1,1,1,0,0,0,0,0,0,0,0,0,0,0,1,0,0,0,0,0,0
103.13182529093196,33.595391008689084,130.5,0.0013186896809249,74.4000015258789,74.4000015258789,0,1,1,0,0,0,0,0,0,0,0,0,1,0,0,0,0,0,0,0,0
227.14094762117224,50.0,132.5,0.0046804461249225,74.4000015258789,74.4000015258789,0,0,1,0,0,0,0,0,0,0,0,0,0,0,0,0,1,0,0,0,0
59.34967534254032,50.0,132.0,0.0036510332542981,74.4000015258789,74.4000015258789,0,0,1,0,0,0,0,0,0,0,0,0,0,0,0,0,1,0,0,0,0
67.77164639153499,50.0,133.5,0.0106228816094003,74.4000015258789,74.4000015258789,0,0,0,1,0,0,0,0,0,0,0,0,0,0,1,0,0,0,0,0,0
13.64488396153818,49.333333333333336,134.0,0.0104559513293326,74.4000015258789,74.4000015258789,0,0,0,1,0,0,0,0,0,0,0,0,0,0,0,1,0,0,0,0,0
65.88981403244642,50.0,133.5,0.0106670668043384,74.4000015258789,74.4000015258789,0,0,0,1,0,0,0,0,0,0,0,0,0,0,1,0,0,0,0,0,0
47.39592376502238,50.0,132.5,0.0109597672410741,74.4000015258789,74.4000015258789,0,0,0,1,0,0,0,0,0,0,0,0,0,0,1,0,0,0,0,0,0
30.069368336623885,50.0,141.0,0.0169755811088805,78.69999694824219,78.69999694824219,0,0,0,1,0,0,0,0,0,0,0,0,1,0,0,0,0,0,0,0,0
23.858856055236625,50.0,142.0,0.0170628092855343,78.69999694824219,78.69999694824219,0,0,0,1,0,0,0,0,0,0,0,0,0,0,1,0,0,0,0,0,0
19.654239543298942,50.0,141.5,0.016855714138557,78.69999694824219,78.69999694824219,0,0,0,1,0,0,0,0,0,0,0,0,1,0,0,0,0,0,0,0,0
86.93305777992482,50.0,143.5,0.0165868230592308,78.69999694824219,78.69999694824219,0,0,0,1,0,0,0,0,0,0,0,0,1,0,0,0,0,0,0,0,0
59.83777318638583,50.0,144.0,0.0158478922989272,78.69999694824219,78.69999694824219,0,0,0,1,0,0,0,0,0,0,0,0,1,0,0,0,0,0,0,0,0
18.310769959872434,50.0,143.0,0.0172559576739637,78.69999694824219,78.69999694824219,0,0,0,1,0,0,0,0,0,0,0,0,1,0,0,0,0,0,0,0,0
19.96815662736612,50.0,143.0,0.0172353580696888,78.69999694824219,78.69999694824219,0,0,0,1,0,0,0,0,0,0,0,0,0,0,1,0,0,0,0,0,0
9.859238014864063,50.0,143.0,0.0173136418283733,78.69999694824219,78.69999694824219,0,0,0,1,0,0,0,0,0,0,0,0,0,0,1,0,0,0,0,0,0
51.62262109127667,50.0,142.5,0.0175011569324743,78.69999694824219,78.69999694824219,0,0,0,1,0,0,0,0,0,0,0,0,1,0,0,0,0,0,0,0,0
17.138977841791817,50.0,142.0,0.0176071430910525,78.69999694824219,78.69999694824219,0,0,0,1,0,0,0,0,0,0,0,0,1,0,0,0,0,0,0,0,0
145.64678484498825,30.0,142.0,0.0182013683243746,78.69999694824219,78.69999694824219,1,0,0,1,0,0,0,0,0,0,0,0,1,0,0,0,0,0,0,0,0
33.66125095483555,33.595391008689084,141.0,0.0173890991262724,78.69999694824219,78.69999694824219,0,0,0,1,0,0,0,0,0,0,0,0,1,0,0,0,0,0,0,0,0
31.03673306176692,33.595391008689084,142.5,0.0174196279869516,78.69999694824219,78.69999694824219,0,0,0,1,0,0,0,0,0,0,0,0,1,0,0,0,0,0,0,0,0
78.47240521495708,50.0,216.0,0.0082356189667522,86.80000305175781,86.80000305175781,0,0,0,1,0,0,0,0,0,0,1,0,0,0,0,0,0,0,0,0,0
104.27358601161647,50.8,212.0,0.0080126178591144,86.80000305175781,86.80000305175781,0,0,0,1,0,0,0,0,0,0,0,1,0,0,0,0,0,0,0,0,0
1161.7017035115373,50.0,258.0,0.0139024389120971,86.80000305175781,86.80000305175781,0,0,0,1,0,0,0,0,0,0,1,0,0,0,0,0,0,0,0,0,0
30.72209790626126,33.595391008689084,186.0,0.0067023934092729,86.80000305175781,86.80000305175781,0,0,0,1,0,0,0,0,0,0,0,0,1,0,0,0,0,0,0,0,0
24.10255311686621,33.595391008689084,186.0,0.0066737110760393,86.80000305175781,86.80000305175781,0,0,0,1,0,0,0,0,0,0,0,0,1,0,0,0,0,0,0,0,0
9.804354871149432,30.0,133.0,0.0050316820918994,86.80000305175781,86.80000305175781,0,0,1,0,0,0,0,0,0,0,0,0,1,0,0,0,0,0,0,0,0
26.23050006209671,30.0,133.0,0.0048875299377916,86.80000305175781,86.80000305175781,0,0,1,0,0,0,0,0,0,0,0,0,1,0,0,0,0,0,0,0,0
120.24287186172728,50.0,254.5,0.0263891701803593,78.69999694824219,78.69999694824219,0,0,0,1,0,0,0,0,0,0,0,0,1,0,0,0,0,0,0,0,0
80.92511852205172,35.0,256.0,0.0268539993179791,78.69999694824219,78.69999694824219,0,0,0,1,0,0,0,0,0,0,0,0,1,0,0,0,0,0,0,0,0
80.92511852205172,35.0,256.0,0.0268539993179791,78.69999694824219,78.69999694824219,0,0,0,1,0,0,0,0,0,0,0,0,1,0,0,0,0,0,0,0,0
13.76107597702261,33.595391008689084,186.0,0.0065918531615751,86.80000305175781,86.80000305175781,0,0,0,1,0,0,0,0,0,0,0,0,1,0,0,0,0,0,0,0,0
30.72209790626126,33.595391008689084,186.0,0.0067023934092729,86.80000305175781,86.80000305175781,0,0,0,1,0,0,0,0,0,0,0,0,1,0,0,0,0,0,0,0,0
162.98997881516874,33.595391008689084,186.0,0.0062040607206712,86.80000305175781,86.80000305175781,0,0,0,1,0,0,0,0,0,0,0,0,1,0,0,0,0,0,0,0,0
7.819851021143364,33.595391008689084,186.0,0.0065239644580478,86.80000305175781,86.80000305175781,0,0,0,1,0,0,0,0,0,0,0,0,1,0,0,0,0,0,0,0,0
225.07580955488524,30.0,149.0,0.0140740823757758,74.4000015258789,74.4000015258789,0,0,0,1,0,0,0,0,0,0,0,0,1,0,0,0,0,0,0,0,0
32.95450785039833,30.0,145.0,0.0134027980881938,74.4000015258789,74.4000015258789,0,0,0,1,0,0,0,0,0,0,0,0,1,0,0,0,0,0,0,0,0
201.65690929580225,30.0,148.0,0.0130327662911229,78.69999694824219,78.69999694824219,0,0,0,1,0,0,0,0,0,0,0,0,1,0,0,0,0,0,0,0,0
628.8449754910539,70.0,165.5,0.0089195826164385,94.10000610351562,94.10000610351562,0,0,0,1,0,0,0,0,0,0,1,0,0,0,0,0,0,0,0,0,0
24.303697086678618,50.0,174.5,0.0072041618922953,94.10000610351562,94.10000610351562,0,0,0,1,0,0,0,0,0,0,1,0,0,0,0,0,0,0,0,0,0
214.68627946358905,50.0,182.0,0.0083796136974317,94.10000610351562,94.10000610351562,1,0,0,1,0,0,0,0,0,0,1,0,0,0,0,0,0,0,0,0,0
112.36423795221154,50.0,176.0,0.0076498504398489,94.10000610351562,94.10000610351562,0,0,0,1,0,0,0,0,0,0,0,1,0,0,0,0,0,0,0,0,0
40.22001190724025,30.0,136.5,0.0044095733676555,94.10000610351562,94.10000610351562,0,0,0,1,0,0,0,0,0,0,0,0,1,0,0,0,0,0,0,0,0
91.56365847215729,30.0,137.0,0.0047265324070036,94.10000610351562,94.10000610351562,0,0,0,1,0,0,0,0,0,0,0,0,1,0,0,0,0,0,0,0,0
54.31618781279079,30.0,139.0,0.0048072109977972,94.10000610351562,94.10000610351562,0,0,0,1,0,0,0,0,0,0,0,0,1,0,0,0,0,0,0,0,0
69.52046587415228,30.0,135.0,0.0041104968246299,94.10000610351562,94.10000610351562,0,0,0,1,0,0,0,0,0,0,0,0,1,0,0,0,0,0,0,0,0
85.60309126935063,30.0,141.0,0.004828076229796,94.10000610351562,94.10000610351562,0,0,0,1,0,0,0,0,0,0,0,0,1,0,0,0,0,0,0,0,0
54.31618781279079,30.0,139.0,0.0048072109977972,94.10000610351562,94.10000610351562,0,0,0,1,0,0,0,0,0,0,0,0,1,0,0,0,0,0,0,0,0
251.11028388339432,30.0,155.0,0.0062734492149689,94.10000610351562,94.10000610351562,0,0,0,1,0,0,0,0,0,0,0,0,1,0,0,0,0,0,0,0,0
138.9238640093777,50.0,141.0,0.0100469608224254,78.69999694824219,78.69999694824219,0,0,0,1,0,0,0,0,0,0,0,0,0,0,1,0,0,0,0,0,0
42.86094255847985,50.0,133.0,0.002666319676085,94.10000610351562,94.10000610351562,0,0,0,1,0,0,0,0,0,0,1,0,0,0,0,0,0,0,0,0,0
14.072889693103546,50.0,132.0,0.0023017998995139,94.10000610351562,94.10000610351562,0,0,0,1,0,0,0,0,0,0,1,0,0,0,0,0,0,0,0,0,0
21.52701151202345,50.0,132.0,0.002338700306505,94.10000610351562,94.10000610351562,0,0,0,1,0,0,0,0,0,0,0,1,0,0,0,0,0,0,0,0,0
64.00093308136533,15.5531914893617,144.0,0.0138706224965263,78.69999694824219,78.69999694824219,0,0,0,1,0,1,0,0,0,0,0,0,0,0,0,0,0,0,0,0,0
37.407809334089286,50.0,144.5,0.0142463233638026,78.69999694824219,78.69999694824219,0,0,0,1,0,0,0,0,0,0,0,0,1,0,0,0,0,0,0,0,0
48.90483949076591,50.0,144.0,0.0143714482094112,78.69999694824219,78.69999694824219,0,0,0,1,0,0,0,0,0,0,0,0,1,0,0,0,0,0,0,0,0
125.36845641268914,15.5531914893617,144.0,0.0133480923192748,78.69999694824219,78.69999694824219,0,0,0,1,0,1,0,0,0,0,0,0,0,0,0,0,0,0,0,0,0
47.082128885330775,50.0,145.0,0.014141339955718,78.69999694824219,78.69999694824219,0,0,0,1,0,0,0,0,0,0,0,0,1,0,0,0,0,0,0,0,0
37.407809334089286,50.0,144.5,0.0142463233638026,78.69999694824219,78.69999694824219,0,0,0,1,0,0,0,0,0,0,0,0,1,0,0,0,0,0,0,0,0
56.35679244254822,50.0,226.5,0.0217551043495023,78.69999694824219,78.69999694824219,0,0,0,1,0,0,0,0,0,0,0,0,0,0,1,0,0,0,0,0,0
206.68750865591937,33.595391008689084,227.0,0.0217312708378562,78.69999694824219,78.69999694824219,0,0,0,1,0,0,0,0,0,0,0,0,1,0,0,0,0,0,0,0,0
122.98867122107804,50.0,212.5,0.0209604507356852,78.69999694824219,78.69999694824219,0,0,0,1,0,0,0,0,0,0,0,0,0,0,1,0,0,0,0,0,0
20.52700709289373,30.0,132.0,0.0029051849745986,94.10000610351562,94.10000610351562,0,0,1,0,0,0,0,0,0,0,0,0,1,0,0,0,0,0,0,0,0
93.55869805915948,30.0,133.5,0.0027469216324842,94.10000610351562,94.10000610351562,0,0,1,0,0,0,0,0,0,0,0,0,1,0,0,0,0,0,0,0,0
35.33354629860965,30.0,178.5,0.0046870794207685,74.4000015258789,74.4000015258789,0,0,0,1,0,0,0,0,0,0,0,0,1,0,0,0,0,0,0,0,0
245.33931462811745,30.0,175.5,0.0043502125400359,74.4000015258789,74.4000015258789,0,0,0,1,0,0,0,0,0,0,0,0,1,0,0,0,0,0,0,0,0
385.55584089349753,30.0,187.5,0.0051349859550774,74.4000015258789,74.4000015258789,0,0,0,1,0,0,0,0,0,0,0,0,1,0,0,0,0,0,0,0,0
27.15249409349136,30.0,168.5,0.0039094098620502,74.4000015258789,74.4000015258789,0,0,0,1,0,0,0,0,0,0,0,0,1,0,0,0,0,0,0,0,0
245.33931462811745,30.0,175.5,0.0043502125400359,74.4000015258789,74.4000015258789,0,0,0,1,0,0,0,0,0,0,0,0,1,0,0,0,0,0,0,0,0
153.21017458290254,30.0,173.0,0.0042964666214685,74.4000015258789,74.4000015258789,0,0,0,1,0,0,0,0,0,0,0,0,1,0,0,0,0,0,0,0,0
405.1267274302043,33.595391008689084,245.0,0.0245523241458197,78.69999694824219,78.69999694824219,0,0,0,1,0,0,0,0,0,0,0,0,1,0,0,0,0,0,0,0,0
556.9478337092575,30.0,225.0,0.0100139269660801,86.80000305175781,86.80000305175781,1,0,0,1,0,0,0,0,0,0,0,0,1,0,0,0,0,0,0,0,0
51.02397504706562,30.0,131.5,0.0024199453492433,94.10000610351562,94.10000610351562,0,1,1,0,0,0,0,0,0,0,0,0,1,0,0,0,0,0,0,0,0
173.9786523210912,33.595391008689084,239.5,0.0081964229568509,86.80000305175781,86.80000305175781,0,0,0,1,0,0,0,0,0,0,0,0,1,0,0,0,0,0,0,0,0
140.7003936516464,33.595391008689084,239.5,0.0081964229568509,86.80000305175781,86.80000305175781,0,0,0,1,0,0,0,0,0,0,0,0,1,0,0,0,0,0,0,0,0
472.54014394431147,30.0,207.0,0.0062639831331487,86.80000305175781,86.80000305175781,0,0,0,1,0,0,0,0,0,0,0,0,1,0,0,0,0,0,0,0,0
162.05601611915114,30.0,166.5,0.0236483599313718,78.69999694824219,78.69999694824219,0,0,0,1,0,0,0,0,0,0,0,0,1,0,0,0,0,0,0,0,0
419.5724450135612,50.0,158.5,0.0251821129741852,78.69999694824219,78.69999694824219,0,0,1,0,0,0,0,0,0,0,0,0,0,0,1,0,0,0,0,0,0
294.5835308806417,40.0,156.0,0.0215042824364261,78.69999694824219,78.69999694824219,0,0,0,1,0,0,0,0,0,0,0,0,0,0,1,0,0,0,0,0,0
61.3210732474599,15.5531914893617,141.0,0.001715563680303,74.4000015258789,74.4000015258789,0,1,1,0,0,1,0,0,0,0,0,0,0,0,0,0,0,0,0,0,0
135.74336973853374,15.5531914893617,141.0,0.001715563680303,74.4000015258789,74.4000015258789,0,1,1,0,0,1,0,0,0,0,0,0,0,0,0,0,0,0,0,0,0
126.89291803368454,15.5531914893617,132.5,0.0021369338207472,74.4000015258789,74.4000015258789,0,1,1,0,0,1,0,0,0,0,0,0,0,0,0,0,0,0,0,0,0
89.88359417469604,33.595391008689084,133.0,0.0092809461195065,78.69999694824219,78.69999694824219,0,0,0,1,0,0,0,0,0,0,0,0,1,0,0,0,0,0,0,0,0
208.36626631831749,50.0,134.0,0.0099457952586541,74.4000015258789,74.4000015258789,0,0,0,1,0,0,0,0,0,0,0,0,1,0,0,0,0,0,0,0,0
136.20250162170527,50.0,133.5,0.0094355032395255,78.69999694824219,78.69999694824219,0,0,0,1,0,0,0,0,0,0,0,0,1,0,0,0,0,0,0,0,0
87.96458464080847,33.595391008689084,132.5,0.0085465758765404,74.4000015258789,74.4000015258789,0,0,0,1,0,0,0,0,0,0,0,0,1,0,0,0,0,0,0,0,0
232.86982603157728,33.595391008689084,132.5,0.0090637163145689,78.69999694824219,78.69999694824219,0,0,0,1,0,0,0,0,0,0,0,0,1,0,0,0,0,0,0,0,0
232.86982603157728,33.595391008689084,132.5,0.0090637163145689,78.69999694824219,78.69999694824219,0,0,0,1,0,0,0,0,0,0,0,0,1,0,0,0,0,0,0,0,0
136.20250162170527,50.0,133.5,0.0094355032395255,78.69999694824219,78.69999694824219,0,0,0,1,0,0,0,0,0,0,0,0,1,0,0,0,0,0,0,0,0
660.41421001353,50.0,134.5,0.0078256371261262,74.4000015258789,74.4000015258789,0,0,0,1,0,0,0,0,0,0,0,0,1,0,0,0,0,0,0,0,0
45.40261861819347,30.0,134.0,0.0101681556846111,74.4000015258789,74.4000015258789,0,0,0,1,0,0,0,0,0,0,0,0,1,0,0,0,0,0,0,0,0
79.84341592009643,30.0,135.5,0.0098814294716012,74.4000015258789,74.4000015258789,0,0,0,1,0,0,0,0,0,0,0,0,1,0,0,0,0,0,0,0,0
29.11996715007588,15.5531914893617,133.5,0.0101120396997286,74.4000015258789,74.4000015258789,0,0,0,1,0,1,0,0,0,0,0,0,0,0,0,0,0,0,0,0,0
10.654419490757563,15.5531914893617,134.0,0.0099566983160691,74.4000015258789,74.4000015258789,0,0,0,1,0,1,0,0,0,0,0,0,0,0,0,0,0,0,0,0,0
42.43938812161917,30.0,133.0,0.0088774240683407,74.4000015258789,74.4000015258789,0,0,0,1,0,0,0,0,0,0,0,0,0,0,0,0,1,0,0,0,0
98.20123382286532,30.0,133.5,0.0091459563647743,74.4000015258789,74.4000015258789,0,0,0,1,0,0,0,0,0,0,0,0,0,0,0,0,1,0,0,0,0
153.67672138071606,50.0,133.5,0.0095975832678152,74.4000015258789,74.4000015258789,0,0,0,1,0,0,0,0,0,0,0,0,1,0,0,0,0,0,0,0,0
267.8825133564596,50.0,132.0,0.0036331463428777,94.10000610351562,94.10000610351562,0,0,1,0,0,0,0,0,0,0,1,0,0,0,0,0,0,0,0,0,0
330.9276909507265,33.595391008689084,131.5,0.0045875615474217,94.10000610351562,94.10000610351562,0,0,1,0,0,0,0,0,0,0,0,0,1,0,0,0,0,0,0,0,0
148.18012859024245,50.0,132.5,0.0056165169127352,94.10000610351562,94.10000610351562,0,0,1,0,0,0,0,0,0,0,1,0,0,0,0,0,0,0,0,0,0
691.1566500238323,33.595391008689084,207.0,0.0068884483433512,86.80000305175781,86.80000305175781,0,0,0,1,0,0,0,0,0,0,0,0,1,0,0,0,0,0,0,0,0
484.9296705856564,30.0,196.0,0.0055889304121378,86.80000305175781,86.80000305175781,0,0,0,1,0,0,0,0,0,0,0,0,0,0,0,0,0,0,1,0,0
172.13456821833915,47.53488372093023,181.5,0.0038960925612107,86.80000305175781,86.80000305175781,0,0,0,1,0,0,0,0,0,0,0,0,0,0,0,0,0,0,1,0,0
16.70479452131055,48.05084745762712,138.0,0.0139938725574636,78.69999694824219,78.69999694824219,0,0,0,1,0,0,0,0,0,0,0,0,0,0,1,0,0,0,0,0,0
141.4931576562813,30.0,137.5,0.0133129952906635,74.4000015258789,74.4000015258789,0,0,0,1,0,0,0,0,0,0,0,0,1,0,0,0,0,0,0,0,0
263.3670428906064,30.0,134.5,0.0090639339415782,86.80000305175781,86.80000305175781,0,0,1,0,0,0,0,0,0,0,0,0,1,0,0,0,0,0,0,0,0
20.35060249309937,30.0,135.0,0.0094516803190472,86.80000305175781,86.80000305175781,0,0,0,1,0,0,0,0,0,0,0,0,1,0,0,0,0,0,0,0,0
32.771672733956365,50.0,139.0,0.0142978286008196,78.69999694824219,78.69999694824219,0,0,0,1,0,0,0,0,0,0,0,0,0,0,1,0,0,0,0,0,0
71.63337041959304,50.0,138.5,0.0143712175659515,78.69999694824219,78.69999694824219,0,0,0,1,0,0,0,0,0,0,0,0,0,0,1,0,0,0,0,0,0
33.3887814802896,50.0,138.5,0.0139350420161576,78.69999694824219,78.69999694824219,0,0,0,1,0,0,0,0,0,0,0,0,0,0,0,1,0,0,0,0,0
29.033951427362084,50.0,139.0,0.0140905369197905,78.69999694824219,78.69999694824219,0,0,0,1,0,0,0,0,0,0,0,0,0,0,1,0,0,0,0,0,0
143.94933601005687,50.0,139.5,0.0132509437567507,78.69999694824219,78.69999694824219,0,0,0,1,0,0,0,0,0,0,0,0,0,0,1,0,0,0,0,0,0
134.41863394484824,50.0,133.0,0.0101845551165623,74.4000015258789,74.4000015258789,0,0,0,1,0,0,0,0,0,0,0,0,0,0,1,0,0,0,0,0,0
98.20123382286532,30.0,133.5,0.0091459563647743,74.4000015258789,74.4000015258789,0,0,0,1,0,0,0,0,0,0,0,0,0,0,0,0,1,0,0,0,0
137.75908316349222,50.0,133.0,0.0095681608291752,74.4000015258789,74.4000015258789,0,0,0,1,0,0,0,0,0,0,0,0,0,0,0,0,1,0,0,0,0
40.23823380770121,50.0,132.0,0.0097130115243292,74.4000015258789,74.4000015258789,0,0,0,1,0,0,0,0,0,0,0,0,0,0,0,1,0,0,0,0,0
37.72468524812117,50.0,132.0,0.0096674482302103,74.4000015258789,74.4000015258789,0,0,0,1,0,0,0,0,0,0,0,0,0,0,1,0,0,0,0,0,0
209.2598859248445,50.0,133.5,0.0087673678418971,74.4000015258789,74.4000015258789,0,0,0,1,0,0,0,0,0,0,0,0,0,0,1,0,0,0,0,0,0
102.45073591047304,50.0,133.0,0.0101518053571098,74.4000015258789,74.4000015258789,0,0,0,1,0,0,0,0,0,0,0,0,0,0,1,0,0,0,0,0,0
32.98267652842603,50.0,140.0,0.0115760296101774,74.4000015258789,74.4000015258789,0,0,0,1,0,0,0,0,0,0,0,0,1,0,0,0,0,0,0,0,0
24.814424110739505,50.0,140.5,0.0115468196063515,74.4000015258789,74.4000015258789,0,0,0,1,0,0,0,0,0,0,0,0,0,0,1,0,0,0,0,0,0
277.6173909121735,30.0,137.5,0.0114165306030278,74.4000015258789,74.4000015258789,0,0,0,1,0,0,0,0,0,0,0,0,1,0,0,0,0,0,0,0,0
37.619308133140336,50.0,139.5,0.0114683827037748,74.4000015258789,74.4000015258789,0,0,0,1,0,0,0,0,0,0,0,0,1,0,0,0,0,0,0,0,0
9.804354871149432,30.0,133.0,0.0050316820918994,86.80000305175781,86.80000305175781,0,0,1,0,0,0,0,0,0,0,0,0,1,0,0,0,0,0,0,0,0
25.480241497086688,30.0,133.0,0.0052248701198378,86.80000305175781,86.80000305175781,0,0,1,0,0,0,0,0,0,0,0,0,1,0,0,0,0,0,0,0,0
27.39664125051529,50.0,132.5,0.0058014527498537,86.80000305175781,86.80000305175781,0,0,1,0,0,0,0,0,0,0,0,0,0,0,0,1,0,0,0,0,0
26.83370765006809,50.0,132.5,0.0058678240415094,86.80000305175781,86.80000305175781,0,0,1,0,0,0,0,0,0,0,0,0,0,0,1,0,0,0,0,0,0
208.638401424423,30.0,133.0,0.0073398430589766,86.80000305175781,86.80000305175781,0,0,1,0,0,0,0,0,0,0,0,0,1,0,0,0,0,0,0,0,0
18.95059394212117,30.0,132.5,0.0083633851941645,86.80000305175781,86.80000305175781,0,0,1,0,0,0,0,0,0,0,0,0,1,0,0,0,0,0,0,0,0
35.558691735714866,30.0,132.5,0.0085377429860364,86.80000305175781,86.80000305175781,0,0,1,0,0,0,0,0,0,0,0,0,1,0,0,0,0,0,0,0,0
26.464936135343542,33.595391008689084,135.0,0.0062666954919553,86.80000305175781,86.80000305175781,0,0,0,1,0,0,0,0,0,0,0,0,1,0,0,0,0,0,0,0,0
17.418745850530033,15.5531914893617,139.0,0.0105326615466929,78.69999694824219,78.69999694824219,0,0,0,1,0,1,0,0,0,0,0,0,0,0,0,0,0,0,0,0,0
46.73704937199949,15.5531914893617,139.0,0.0105326615466929,78.69999694824219,78.69999694824219,0,0,0,1,0,1,0,0,0,0,0,0,0,0,0,0,0,0,0,0,0
48.34444773925857,15.5531914893617,138.5,0.0101557050038328,78.69999694824219,78.69999694824219,0,0,0,1,0,1,0,0,0,0,0,0,0,0,0,0,0,0,0,0,0
66.17062674141943,33.595391008689084,145.0,0.015344981958887,78.69999694824219,78.69999694824219,0,0,0,1,0,0,0,0,0,0,0,0,1,0,0,0,0,0,0,0,0
101.9104984674186,50.0,145.0,0.0148062489666639,78.69999694824219,78.69999694824219,0,0,0,1,0,0,0,0,0,0,0,0,1,0,0,0,0,0,0,0,0
87.11186262700754,50.0,144.5,0.0148927811996817,78.69999694824219,78.69999694824219,0,0,0,1,0,0,0,0,0,0,0,0,1,0,0,0,0,0,0,0,0
66.17062674141943,33.595391008689084,145.0,0.015344981958887,78.69999694824219,78.69999694824219,0,0,0,1,0,0,0,0,0,0,0,0,1,0,0,0,0,0,0,0,0
100.9684733600524,33.595391008689084,137.5,0.010220141241715,78.69999694824219,78.69999694824219,0,0,0,1,0,0,0,0,0,0,0,0,1,0,0,0,0,0,0,0,0
63.95333680408452,33.595391008689084,137.0,0.0097575524736196,78.69999694824219,78.69999694824219,0,0,0,1,0,0,0,0,0,0,0,0,1,0,0,0,0,0,0,0,0
19.833330927299983,50.0,133.0,0.0020527700976047,94.10000610351562,94.10000610351562,0,0,1,0,0,0,0,0,0,0,1,0,0,0,0,0,0,0,0,0,0
7.56472589785879,30.0,136.0,0.018167919679706,94.10000610351562,94.10000610351562,0,0,0,1,0,0,0,0,0,0,0,0,1,0,0,0,0,0,0,0,0
13.265874813281762,30.0,136.0,0.0181897364600135,94.10000610351562,94.10000610351562,0,0,0,1,0,0,0,0,0,0,0,0,1,0,0,0,0,0,0,0,0
151.46726531081686,30.0,142.0,0.0191187240996554,94.10000610351562,94.10000610351562,0,0,0,1,0,0,0,0,0,0,0,0,1,0,0,0,0,0,0,0,0
112.23767783006996,50.0,131.0,0.006160395838778,94.10000610351562,94.10000610351562,0,0,1,0,0,0,0,0,0,0,1,0,0,0,0,0,0,0,0,0,0
73.52462857096509,50.8,131.0,0.0064593848468827,94.10000610351562,94.10000610351562,0,0,1,0,0,0,0,0,0,0,0,1,0,0,0,0,0,0,0,0,0
71.66357409988632,50.0,131.0,0.0057410705225627,94.10000610351562,94.10000610351562,0,0,1,0,0,0,0,0,0,0,0,0,0,0,0,0,1,0,0,0,0
12.190699364864791,50.8,131.5,0.0060257184066381,94.10000610351562,94.10000610351562,0,0,1,0,0,0,0,0,0,0,0,1,0,0,0,0,0,0,0,0,0
65.8418279459605,50.0,132.0,0.0062793609037019,94.10000610351562,94.10000610351562,0,0,1,0,0,0,0,0,0,0,0,0,0,0,0,0,1,0,0,0,0
52.07169463999584,50.0,131.5,0.006227510075026,94.10000610351562,94.10000610351562,0,0,1,0,0,0,0,0,0,0,0,0,0,0,0,0,1,0,0,0,0
168.28165512739852,50.8,132.0,0.0069510328356083,94.10000610351562,94.10000610351562,0,0,1,0,0,0,0,0,0,0,0,1,0,0,0,0,0,0,0,0,0
62.02355015207497,50.0,132.5,0.0073468184238666,94.10000610351562,94.10000610351562,0,0,0,1,0,0,0,0,0,0,1,0,0,0,0,0,0,0,0,0,0
31.09854422127528,50.0,133.0,0.006896283903802,94.10000610351562,94.10000610351562,1,0,1,0,0,0,0,0,0,0,1,0,0,0,0,0,0,0,0,0,0
28.76565389134601,33.595391008689084,306.0,0.0118805842537725,94.10000610351562,94.10000610351562,0,0,0,1,0,0,0,0,0,0,0,0,1,0,0,0,0,0,0,0,0
711.8745717022795,33.595391008689084,280.0,0.0100631317012364,86.80000305175781,86.80000305175781,0,0,0,1,0,0,0,0,0,0,0,0,1,0,0,0,0,0,0,0,0
1201.0024361366832,47.53488372093023,273.5,0.0160775357431235,94.10000610351562,94.10000610351562,0,0,0,1,0,0,0,0,0,0,0,0,0,0,0,0,0,0,1,0,0
34.70148842453068,33.595391008689084,304.0,0.0116085391191674,94.10000610351562,94.10000610351562,0,0,0,1,0,0,0,0,0,0,0,0,1,0,0,0,0,0,0,0,0
34.70148842453068,33.595391008689084,304.0,0.0116085391191674,94.10000610351562,94.10000610351562,0,0,0,1,0,0,0,0,0,0,0,0,1,0,0,0,0,0,0,0,0
28.76565389134601,33.595391008689084,306.0,0.0118805842537725,94.10000610351562,94.10000610351562,0,0,0,1,0,0,0,0,0,0,0,0,1,0,0,0,0,0,0,0,0
635.7240353659192,30.0,304.0,0.0146758001991921,94.10000610351562,94.10000610351562,0,0,0,1,0,0,0,0,0,0,0,0,1,0,0,0,0,0,0,0,0
26.86407151667192,33.595391008689084,144.0,0.0148001954662596,94.10000610351562,94.10000610351562,0,0,0,1,0,0,0,0,0,0,0,0,1,0,0,0,0,0,0,0,0
41.44961559917135,33.595391008689084,142.0,0.0166157257584535,94.10000610351562,94.10000610351562,0,0,0,1,0,0,0,0,0,0,0,0,1,0,0,0,0,0,0,0,0
20.075000681521168,30.0,142.5,0.0165924941831103,94.10000610351562,94.10000610351562,0,0,0,1,0,0,0,0,0,0,0,0,1,0,0,0,0,0,0,0,0
233.1709015598292,33.595391008689084,147.5,0.0175803011226875,94.10000610351562,94.10000610351562,0,0,0,1,0,0,0,0,0,0,0,0,1,0,0,0,0,0,0,0,0
14.63379491450434,33.595391008689084,154.0,0.0065121344963685,74.4000015258789,74.4000015258789,0,0,0,1,0,0,0,0,0,0,0,0,1,0,0,0,0,0,0,0,0
370.54853291555526,33.595391008689084,155.5,0.0069321609490957,74.4000015258789,74.4000015258789,0,0,0,1,0,0,0,0,0,0,0,0,1,0,0,0,0,0,0,0,0
364.47054836756274,33.595391008689084,182.0,0.0090439925807072,74.4000015258789,74.4000015258789,0,0,0,1,0,0,0,0,0,0,0,0,1,0,0,0,0,0,0,0,0
22.51065536606087,33.595391008689084,158.0,0.00733187330828,74.4000015258789,74.4000015258789,0,0,0,1,0,0,0,0,0,0,0,0,1,0,0,0,0,0,0,0,0
121.21712814433177,30.0,133.5,0.0038142495958876,94.10000610351562,94.10000610351562,0,0,0,1,0,0,0,0,0,0,0,0,1,0,0,0,0,0,0,0,0
127.6511135413912,30.0,133.0,0.0043999368852601,94.10000610351562,94.10000610351562,0,0,0,1,0,0,0,0,0,0,0,0,1,0,0,0,0,0,0,0,0
144.4236249307017,30.0,134.5,0.005054889526244,94.10000610351562,94.10000610351562,0,1,1,0,0,0,0,0,0,0,0,0,1,0,0,0,0,0,0,0,0
144.42362493070172,30.0,134.5,0.005054889526244,94.10000610351562,94.10000610351562,0,1,1,0,0,0,0,0,0,0,0,0,1,0,0,0,0,0,0,0,0
106.76081416044224,30.0,136.0,0.0063216786919486,94.10000610351562,94.10000610351562,0,0,0,1,0,0,0,0,0,0,0,0,0,0,1,0,0,0,0,0,0
132.9760280475225,30.0,135.5,0.0055439207772682,94.10000610351562,94.10000610351562,0,0,0,1,0,0,0,0,0,0,0,0,0,0,1,0,0,0,0,0,0
104.594016955625,50.0,133.0,0.0095482992205954,74.4000015258789,74.4000015258789,0,0,0,1,0,0,0,0,0,0,0,0,0,0,0,0,1,0,0,0,0
53.24752801854629,50.0,131.5,0.0021094069446966,94.10000610351562,94.10000610351562,0,0,1,0,0,0,0,0,0,0,0,0,0,0,0,0,1,0,0,0,0
20.91522665440192,50.0,131.0,0.0020900082208781,94.10000610351562,94.10000610351562,0,0,1,0,0,0,0,0,0,0,0,0,0,0,0,0,1,0,0,0,0
367.6727742115763,33.595391008689084,154.0,0.0026350506103593,74.4000015258789,74.4000015258789,0,0,0,1,0,0,0,0,0,0,0,0,1,0,0,0,0,0,0,0,0
14.01382485146614,33.595391008689084,133.0,0.0020725887872237,74.4000015258789,74.4000015258789,0,0,1,0,0,0,0,0,0,0,0,0,1,0,0,0,0,0,0,0,0
88.00271843888012,33.595391008689084,133.0,0.0024525306418462,74.4000015258789,74.4000015258789,0,0,1,0,0,0,0,0,0,0,0,0,1,0,0,0,0,0,0,0,0
39.20586170875661,33.595391008689084,133.0,0.0020471947410516,74.4000015258789,74.4000015258789,0,1,1,0,0,0,0,0,0,0,0,0,1,0,0,0,0,0,0,0,0
346.6134614814331,33.595391008689084,165.5,0.0207305561420744,94.10000610351562,94.10000610351562,0,0,0,1,0,0,0,0,0,0,0,0,1,0,0,0,0,0,0,0,0
6.323651512114285,30.0,149.0,0.0201517949010679,94.10000610351562,94.10000610351562,0,0,0,1,0,0,0,0,0,0,0,0,0,0,0,0,1,0,0,0,0
104.3452029912019,15.5531914893617,262.0,0.0448191387871612,78.69999694824219,78.69999694824219,0,0,0,1,0,1,0,0,0,0,0,0,0,0,0,0,0,0,0,0,0
244.90600123858604,15.5531914893617,262.0,0.0449560929344158,78.69999694824219,78.69999694824219,0,0,0,1,0,1,0,0,0,0,0,0,0,0,0,0,0,0,0,0,0
36.5138626928497,15.5531914893617,262.0,0.045386125732174,78.69999694824219,78.69999694824219,0,0,0,1,0,1,0,0,0,0,0,0,0,0,0,0,0,0,0,0,0
104.3452029912019,15.5531914893617,262.0,0.0448191387871612,78.69999694824219,78.69999694824219,0,0,0,1,0,1,0,0,0,0,0,0,0,0,0,0,0,0,0,0,0
114.7846410728838,33.595391008689084,261.0,0.0444433227301149,78.69999694824219,78.69999694824219,0,0,0,1,0,0,0,0,0,0,0,0,1,0,0,0,0,0,0,0,0
100.85072792124092,33.595391008689084,262.5,0.043825717488315,78.69999694824219,78.69999694824219,0,0,0,1,0,0,0,0,0,0,0,0,1,0,0,0,0,0,0,0,0
49.91782679677021,33.595391008689084,267.0,0.042959738403812,78.69999694824219,78.69999694824219,0,0,0,1,0,0,0,0,0,0,0,0,1,0,0,0,0,0,0,0,0
49.4051610893126,30.0,268.5,0.0425986939463677,78.69999694824219,78.69999694824219,0,0,0,1,0,0,0,0,0,0,0,0,1,0,0,0,0,0,0,0,0
58.07388517065056,33.595391008689084,266.5,0.0431566072827874,78.69999694824219,78.69999694824219,0,0,0,1,0,0,0,0,0,0,0,0,1,0,0,0,0,0,0,0,0
28.49830322827936,7.0,270.0,0.0420719905884213,78.69999694824219,78.69999694824219,0,0,0,1,0,1,0,0,0,0,0,0,0,0,0,0,0,0,0,0,0
38.2296063371894,15.5531914893617,270.0,0.0422795795323812,78.69999694824219,78.69999694824219,0,0,0,1,0,1,0,0,0,0,0,0,0,0,0,0,0,0,0,0,0
39.33674365566049,7.0,269.5,0.0422312377187221,78.69999694824219,78.69999694824219,0,0,0,1,0,1,0,0,0,0,0,0,0,0,0,0,0,0,0,0,0
38.2296063371894,15.5531914893617,270.0,0.0422795795323812,78.69999694824219,78.69999694824219,0,0,0,1,0,1,0,0,0,0,0,0,0,0,0,0,0,0,0,0,0
30.13405405626117,15.5531914893617,271.0,0.0416128301371948,78.69999694824219,78.69999694824219,0,0,0,1,0,1,0,0,0,0,0,0,0,0,0,0,0,0,0,0,0
49.66457305882061,15.5531914893617,270.5,0.0415859234398691,78.69999694824219,78.69999694824219,0,0,0,1,0,1,0,0,0,0,0,0,0,0,0,0,0,0,0,0,0
108.31106439102292,15.5531914893617,270.5,0.0418714305941314,78.69999694824219,78.69999694824219,0,0,0,1,0,1,0,0,0,0,0,0,0,0,0,0,0,0,0,0,0
30.13405405626117,15.5531914893617,271.0,0.0416128301371948,78.69999694824219,78.69999694824219,0,0,0,1,0,1,0,0,0,0,0,0,0,0,0,0,0,0,0,0,0
56.04237897886381,15.5531914893617,273.0,0.0406124964485087,78.69999694824219,78.69999694824219,0,0,0,1,0,1,0,0,0,0,0,0,0,0,0,0,0,0,0,0,0
87.87444283836763,30.0,274.5,0.0400029240123451,78.69999694824219,78.69999694824219,0,0,0,1,0,0,0,0,0,0,0,0,1,0,0,0,0,0,0,0,0
103.83372578867534,30.0,271.5,0.0409021531688074,78.69999694824219,78.69999694824219,0,0,0,1,0,0,0,0,0,0,0,0,1,0,0,0,0,0,0,0,0
95.83230097420824,15.5531914893617,270.0,0.0399765055410249,78.69999694824219,78.69999694824219,0,0,0,1,0,1,0,0,0,0,0,0,0,0,0,0,0,0,0,0,0
28.1276623819745,15.5531914893617,273.5,0.0407441887220938,78.69999694824219,78.69999694824219,0,0,0,1,0,1,0,0,0,0,0,0,0,0,0,0,0,0,0,0,0
92.0824486228559,15.5531914893617,272.5,0.0411419580084803,78.69999694824219,78.69999694824219,0,0,0,1,0,1,0,0,0,0,0,0,0,0,0,0,0,0,0,0,0
56.04237897886381,15.5531914893617,273.0,0.0406124964485087,78.69999694824219,78.69999694824219,0,0,0,1,0,1,0,0,0,0,0,0,0,0,0,0,0,0,0,0,0
30.377873255325845,7.0,267.5,0.0424198824102319,78.69999694824219,78.69999694824219,0,0,0,1,0,1,0,0,0,0,0,0,0,0,0,0,0,0,0,0,0
29.277846489325484,15.5531914893617,267.5,0.0424198824102319,78.69999694824219,78.69999694824219,0,0,0,1,0,1,0,0,0,0,0,0,0,0,0,0,0,0,0,0,0
58.32989161295551,15.5531914893617,266.0,0.0427044873407596,78.69999694824219,78.69999694824219,0,0,0,1,0,1,0,0,0,0,0,0,0,0,0,0,0,0,0,0,0
30.377873255325845,7.0,267.5,0.0424198824102319,78.69999694824219,78.69999694824219,0,0,0,1,0,1,0,0,0,0,0,0,0,0,0,0,0,0,0,0,0
29.277846489325484,15.5531914893617,267.5,0.0424198824102319,78.69999694824219,78.69999694824219,0,0,0,1,0,1,0,0,0,0,0,0,0,0,0,0,0,0,0,0,0
39.33674365566049,7.0,269.5,0.0422312377187221,78.69999694824219,78.69999694824219,0,0,0,1,0,1,0,0,0,0,0,0,0,0,0,0,0,0,0,0,0
34.41033071677349,7.0,273.0,0.0410176156914596,78.69999694824219,78.69999694824219,0,0,0,1,0,1,0,0,0,0,0,0,0,0,0,0,0,0,0,0,0
28.58791811456044,7.0,272.5,0.0412424558288745,78.69999694824219,78.69999694824219,0,0,0,1,0,1,0,0,0,0,0,0,0,0,0,0,0,0,0,0,0
28.56914136119471,15.5531914893617,272.5,0.0412424558288745,78.69999694824219,78.69999694824219,0,0,0,1,0,1,0,0,0,0,0,0,0,0,0,0,0,0,0,0,0
37.07521631257769,15.5531914893617,273.0,0.0408205669928322,78.69999694824219,78.69999694824219,0,0,0,1,0,1,0,0,0,0,0,0,0,0,0,0,0,0,0,0,0
28.1276623819745,15.5531914893617,273.5,0.0407441887220938,78.69999694824219,78.69999694824219,0,0,0,1,0,1,0,0,0,0,0,0,0,0,0,0,0,0,0,0,0
26.534862482651636,15.5531914893617,269.0,0.0426607870621845,78.69999694824219,78.69999694824219,0,0,0,1,0,1,0,0,0,0,0,0,0,0,0,0,0,0,0,0,0
54.4717962722504,15.5531914893617,267.0,0.0428325710439808,78.69999694824219,78.69999694824219,0,0,0,1,0,1,0,0,0,0,0,0,0,0,0,0,0,0,0,0,0
55.27594255804147,15.5531914893617,268.5,0.0425366125461277,78.69999694824219,78.69999694824219,0,0,0,1,0,1,0,0,0,0,0,0,0,0,0,0,0,0,0,0,0
26.534862482651636,15.5531914893617,269.0,0.0426607870621845,78.69999694824219,78.69999694824219,0,0,0,1,0,1,0,0,0,0,0,0,0,0,0,0,0,0,0,0,0
2.133518654176192,30.0,276.0,0.0396313700997335,78.69999694824219,78.69999694824219,0,0,0,1,0,0,0,0,0,0,0,0,1,0,0,0,0,0,0,0,0
87.87444283836763,30.0,274.5,0.0400029240123451,78.69999694824219,78.69999694824219,0,0,0,1,0,0,0,0,0,0,0,0,1,0,0,0,0,0,0,0,0
112.11511643700312,15.5531914893617,274.5,0.0400735133750658,78.69999694824219,78.69999694824219,0,0,0,1,0,1,0,0,0,0,0,0,0,0,0,0,0,0,0,0,0
54.170154638869846,33.595391008689084,265.0,0.0432135636240732,78.69999694824219,78.69999694824219,0,0,0,1,0,0,0,0,0,0,0,0,1,0,0,0,0,0,0,0,0
100.85072792124092,33.595391008689084,262.5,0.043825717488315,78.69999694824219,78.69999694824219,0,0,0,1,0,0,0,0,0,0,0,0,1,0,0,0,0,0,0,0,0
138.871210724305,33.595391008689084,265.0,0.0427381030511515,78.69999694824219,78.69999694824219,0,0,0,1,0,0,0,0,0,0,0,0,1,0,0,0,0,0,0,0,0
137.66864683361112,15.5531914893617,262.5,0.0437336138986703,78.69999694824219,78.69999694824219,0,0,0,1,0,1,0,0,0,0,0,0,0,0,0,0,0,0,0,0,0
41.92899082631434,15.5531914893617,271.5,0.041654839175782,78.69999694824219,78.69999694824219,0,0,0,1,0,1,0,0,0,0,0,0,0,0,0,0,0,0,0,0,0
48.57365507741177,50.0,143.0,0.0076738729086498,74.4000015258789,74.4000015258789,0,0,0,1,0,0,0,0,0,0,0,0,1,0,0,0,0,0,0,0,0
137.59575160425803,33.595391008689084,135.5,0.0076385206252865,74.4000015258789,74.4000015258789,0,0,0,1,0,0,0,0,0,0,0,0,1,0,0,0,0,0,0,0,0
448.6111904228012,50.0,137.0,0.0053634897261523,74.4000015258789,74.4000015258789,0,0,0,1,0,0,0,0,0,0,0,0,1,0,0,0,0,0,0,0,0
148.21674982386344,40.0,130.0,0.0012004241862162,74.4000015258789,74.4000015258789,0,0,1,0,0,0,0,0,0,0,0,0,1,0,0,0,0,0,0,0,0
110.0217811771513,30.0,130.0,0.001607702657751,74.4000015258789,74.4000015258789,0,0,1,0,0,0,0,0,0,0,0,0,1,0,0,0,0,0,0,0,0
189.36536732223317,30.0,129.5,0.002279870186148,74.4000015258789,74.4000015258789,0,0,1,0,0,0,0,0,0,0,0,0,0,1,0,0,0,0,0,0,0
170.0605556877663,30.0,167.5,0.0029433466725529,74.4000015258789,74.4000015258789,0,0,0,1,0,0,0,0,0,0,0,0,1,0,0,0,0,0,0,0,0
271.93960251339894,47.53488372093023,161.0,0.0022354056214496,74.4000015258789,74.4000015258789,0,0,0,1,0,0,0,0,0,0,0,0,0,0,0,0,0,0,1,0,0
68.41526460457112,33.595391008689084,224.5,0.0107936043703278,74.4000015258789,74.4000015258789,0,0,0,1,0,0,0,0,0,0,0,0,1,0,0,0,0,0,0,0,0
91.07278880348352,33.595391008689084,138.0,0.0016880998182508,74.4000015258789,74.4000015258789,0,0,0,1,0,0,0,0,0,0,0,0,1,0,0,0,0,0,0,0,0
44.0787205954428,30.0,133.0,0.0011889264359812,74.4000015258789,74.4000015258789,0,0,1,0,0,0,0,0,0,0,0,0,0,0,1,0,0,0,0,0,0
80.67167273118888,30.0,137.0,0.0014930395924544,74.4000015258789,74.4000015258789,0,0,0,1,0,0,0,0,0,0,0,0,0,0,1,0,0,0,0,0,0
5.582085649499747,33.595391008689084,143.0,0.0020759188721893,74.4000015258789,74.4000015258789,0,0,0,1,0,0,0,0,0,0,0,0,1,0,0,0,0,0,0,0,0
91.07278880348352,33.595391008689084,138.0,0.0016880998182508,74.4000015258789,74.4000015258789,0,0,0,1,0,0,0,0,0,0,0,0,1,0,0,0,0,0,0,0,0
5.582085649499747,33.595391008689084,143.0,0.0020759188721893,74.4000015258789,74.4000015258789,0,0,0,1,0,0,0,0,0,0,0,0,1,0,0,0,0,0,0,0,0
100.63076753804177,33.595391008689084,140.0,0.0016122896531727,74.4000015258789,74.4000015258789,0,0,0,1,0,0,0,0,0,0,0,0,1,0,0,0,0,0,0,0,0
179.77134979631987,33.595391008689084,150.5,0.0027828315033481,74.4000015258789,74.4000015258789,0,0,0,1,0,0,0,0,0,0,0,0,1,0,0,0,0,0,0,0,0
112.253406642424,30.0,147.5,0.0022274589900691,74.4000015258789,74.4000015258789,0,0,0,1,0,0,0,0,0,0,0,0,1,0,0,0,0,0,0,0,0
220.04540755449244,33.595391008689084,160.0,0.0025979293989595,74.4000015258789,74.4000015258789,0,0,0,1,0,0,0,0,0,0,0,0,1,0,0,0,0,0,0,0,0
99.5101877318323,30.0,164.0,0.0034320718711236,74.4000015258789,74.4000015258789,0,0,0,1,0,0,0,0,0,0,0,0,1,0,0,0,0,0,0,0,0
81.64864092514888,30.0,155.5,0.0027687681164722,74.4000015258789,74.4000015258789,0,0,0,1,0,0,0,0,0,0,0,0,1,0,0,0,0,0,0,0,0
152.556604833645,33.595391008689084,218.5,0.0089455977794616,74.4000015258789,74.4000015258789,0,0,0,1,0,0,0,0,0,0,0,0,1,0,0,0,0,0,0,0,0
95.57874021911078,33.595391008689084,218.0,0.0097879855536899,74.4000015258789,74.4000015258789,0,0,0,1,0,0,0,0,0,0,0,0,1,0,0,0,0,0,0,0,0
119.4273496025328,33.595391008689084,209.0,0.008475110309839,74.4000015258789,74.4000015258789,0,0,0,1,0,0,0,0,0,0,0,0,1,0,0,0,0,0,0,0,0
71.07270712127392,33.595391008689084,212.5,0.0094153101582065,74.4000015258789,74.4000015258789,0,0,0,1,0,0,0,0,0,0,0,0,1,0,0,0,0,0,0,0,0
124.97128132250616,33.595391008689084,226.0,0.0101670249468221,74.4000015258789,74.4000015258789,0,0,0,1,0,0,0,0,0,0,0,0,1,0,0,0,0,0,0,0,0
68.41526460457112,33.595391008689084,224.5,0.0107936043703278,74.4000015258789,74.4000015258789,0,0,0,1,0,0,0,0,0,0,0,0,1,0,0,0,0,0,0,0,0
95.57874021911078,33.595391008689084,218.0,0.0097879855536899,74.4000015258789,74.4000015258789,0,0,0,1,0,0,0,0,0,0,0,0,1,0,0,0,0,0,0,0,0
78.74950898876564,30.0,158.5,0.0035559684002472,74.4000015258789,74.4000015258789,0,0,0,1,0,0,0,0,0,0,0,0,1,0,0,0,0,0,0,0,0
174.5601955387709,30.0,153.5,0.0032384634377526,74.4000015258789,74.4000015258789,0,0,0,1,0,0,0,0,0,0,0,0,1,0,0,0,0,0,0,0,0
144.94407072373272,30.0,160.5,0.0035095794034441,74.4000015258789,74.4000015258789,0,0,0,1,0,0,0,0,0,0,0,0,1,0,0,0,0,0,0,0,0
256.7555642822028,30.0,147.5,0.0024276545306697,74.4000015258789,74.4000015258789,0,0,0,1,0,0,0,0,0,0,0,0,1,0,0,0,0,0,0,0,0
174.56019553877087,30.0,153.5,0.0032384634377526,74.4000015258789,74.4000015258789,0,0,0,1,0,0,0,0,0,0,0,0,1,0,0,0,0,0,0,0,0
151.60987056550871,33.595391008689084,148.0,0.0027012393706949,74.4000015258789,74.4000015258789,0,0,0,1,0,0,0,0,0,0,0,0,1,0,0,0,0,0,0,0,0
82.17291628920671,33.595391008689084,159.0,0.0036882139358571,74.4000015258789,74.4000015258789,0,0,0,1,0,0,0,0,0,0,0,0,1,0,0,0,0,0,0,0,0
98.662354473815,30.0,133.0,0.0034825349298879,74.4000015258789,74.4000015258789,0,0,1,0,0,0,0,0,0,0,0,0,1,0,0,0,0,0,0,0,0
201.1114344976092,30.0,130.5,0.0047478101602644,74.4000015258789,74.4000015258789,0,0,1,0,0,0,0,0,0,0,0,0,1,0,0,0,0,0,0,0,0
82.03789394281607,30.0,131.0,0.0030534773709607,74.4000015258789,74.4000015258789,0,0,1,0,0,0,0,0,0,0,0,0,1,0,0,0,0,0,0,0,0
13.586316995287891,30.0,131.5,0.0060857673239399,74.4000015258789,74.4000015258789,0,0,1,0,0,0,0,0,0,0,0,0,1,0,0,0,0,0,0,0,0
301.5725542778995,30.0,129.5,0.0047003057228848,74.4000015258789,74.4000015258789,0,0,1,0,0,0,0,0,0,0,0,0,1,0,0,0,0,0,0,0,0
84.62017368480214,30.0,131.0,0.0065328270173213,74.4000015258789,74.4000015258789,0,0,1,0,0,0,0,0,0,0,0,0,1,0,0,0,0,0,0,0,0
201.1114344976092,30.0,130.5,0.0047478101602644,74.4000015258789,74.4000015258789,0,0,1,0,0,0,0,0,0,0,0,0,1,0,0,0,0,0,0,0,0
120.11840145942816,30.0,141.5,0.0053332149762901,74.4000015258789,74.4000015258789,0,0,0,1,0,0,0,0,0,0,0,0,1,0,0,0,0,0,0,0,0
218.83125014848127,30.0,141.0,0.0042657218663299,74.4000015258789,74.4000015258789,0,0,0,1,0,0,0,0,0,0,0,0,1,0,0,0,0,0,0,0,0
46.58364557982078,30.0,139.0,0.0020719933976709,74.4000015258789,74.4000015258789,0,0,1,0,0,0,0,0,0,0,0,0,1,0,0,0,0,0,0,0,0
46.58364557982079,30.0,139.0,0.0020719933976709,74.4000015258789,74.4000015258789,0,0,1,0,0,0,0,0,0,0,0,0,1,0,0,0,0,0,0,0,0
316.5329395401051,30.0,134.5,0.00187379225771,74.4000015258789,74.4000015258789,0,0,1,0,0,0,0,0,0,0,0,0,1,0,0,0,0,0,0,0,0
118.96176355110036,15.5531914893617,129.5,0.001506557882068,74.4000015258789,74.4000015258789,0,0,0,1,0,1,0,0,0,0,0,0,0,0,0,0,0,0,0,0,0
316.532939540105,30.0,134.5,0.00187379225771,74.4000015258789,74.4000015258789,0,0,1,0,0,0,0,0,0,0,0,0,1,0,0,0,0,0,0,0,0
104.5658374920101,30.0,133.0,0.0021900228378946,74.4000015258789,74.4000015258789,0,0,0,1,0,0,0,0,0,0,0,0,1,0,0,0,0,0,0,0,0
47.6498793750954,33.595391008689084,148.0,0.0049080967285884,74.4000015258789,74.4000015258789,0,0,0,1,0,0,0,0,0,0,0,0,1,0,0,0,0,0,0,0,0
147.540612984485,30.0,142.5,0.004775048908426,74.4000015258789,74.4000015258789,0,0,0,1,0,0,0,0,0,0,0,0,1,0,0,0,0,0,0,0,0
109.21416903250328,30.0,144.0,0.0054794680147272,74.4000015258789,74.4000015258789,0,0,0,1,0,0,0,0,0,0,0,0,1,0,0,0,0,0,0,0,0
109.21416903250328,30.0,144.0,0.0054794680147272,74.4000015258789,74.4000015258789,0,0,0,1,0,0,0,0,0,0,0,0,1,0,0,0,0,0,0,0,0
14.63379491450434,33.595391008689084,154.0,0.0065121344963685,74.4000015258789,74.4000015258789,0,0,0,1,0,0,0,0,0,0,0,0,1,0,0,0,0,0,0,0,0
370.54853291555526,33.595391008689084,155.5,0.0069321609490957,74.4000015258789,74.4000015258789,0,0,0,1,0,0,0,0,0,0,0,0,1,0,0,0,0,0,0,0,0
79.63888744172887,33.595391008689084,152.5,0.0061311891069024,74.4000015258789,74.4000015258789,1,0,0,1,0,0,0,0,0,0,0,0,1,0,0,0,0,0,0,0,0
10.03108814944362,30.0,248.5,0.0153772472829582,74.4000015258789,74.4000015258789,0,0,0,1,0,0,0,0,0,0,0,0,1,0,0,0,0,0,0,0,0
54.91525643855786,30.0,246.5,0.0157106981539286,74.4000015258789,74.4000015258789,0,0,0,1,0,0,0,0,0,0,0,0,1,0,0,0,0,0,0,0,0
73.58600645692806,30.0,249.0,0.0152421146004315,74.4000015258789,74.4000015258789,0,0,0,1,0,0,0,0,0,0,0,0,1,0,0,0,0,0,0,0,0
209.46954457086636,30.0,270.5,0.0428319266539618,78.69999694824219,78.69999694824219,0,0,0,1,0,0,0,0,0,0,0,0,1,0,0,0,0,0,0,0,0
95.88101882750392,15.5531914893617,270.0,0.0420196946237903,78.69999694824219,78.69999694824219,0,0,0,1,0,1,0,0,0,0,0,0,0,0,0,0,0,0,0,0,0
69.70916076192401,30.0,270.5,0.0419102700657966,78.69999694824219,78.69999694824219,0,0,0,1,0,0,0,0,0,0,0,0,1,0,0,0,0,0,0,0,0
302.94373234546697,33.595391008689084,151.0,0.0079226776719074,74.4000015258789,74.4000015258789,0,0,0,1,0,0,0,0,0,0,0,0,1,0,0,0,0,0,0,0,0
97.57019108176954,30.0,134.0,0.0075289457706666,74.4000015258789,74.4000015258789,0,0,0,1,0,0,0,0,0,0,0,0,1,0,0,0,0,0,0,0,0
302.94373234546697,33.595391008689084,151.0,0.0079226776719074,74.4000015258789,74.4000015258789,0,0,0,1,0,0,0,0,0,0,0,0,1,0,0,0,0,0,0,0,0
47.81686988796369,30.0,136.5,0.007253162457968,74.4000015258789,74.4000015258789,0,0,0,1,0,0,0,0,0,0,0,0,1,0,0,0,0,0,0,0,0
97.57019108176954,30.0,134.0,0.0075289457706666,74.4000015258789,74.4000015258789,0,0,0,1,0,0,0,0,0,0,0,0,1,0,0,0,0,0,0,0,0
240.55119947156797,33.595391008689084,170.5,0.004353926137937,74.4000015258789,74.4000015258789,0,0,0,1,0,0,0,0,0,0,0,0,1,0,0,0,0,0,0,0,0
87.40252679396617,33.595391008689084,163.0,0.0038965093523001,74.4000015258789,74.4000015258789,0,0,0,1,0,0,0,0,0,0,0,0,1,0,0,0,0,0,0,0,0
179.7713497963199,33.595391008689084,150.5,0.0027828315033481,74.4000015258789,74.4000015258789,0,0,0,1,0,0,0,0,0,0,0,0,1,0,0,0,0,0,0,0,0
79.96421668415265,33.595391008689084,169.0,0.0044338299120828,74.4000015258789,74.4000015258789,0,0,0,1,0,0,0,0,0,0,0,0,1,0,0,0,0,0,0,0,0
132.08300224437247,33.595391008689084,176.0,0.0049243581999314,74.4000015258789,74.4000015258789,0,0,0,1,0,0,0,0,0,0,0,0,1,0,0,0,0,0,0,0,0
87.40252679396617,33.595391008689084,163.0,0.0038965093523001,74.4000015258789,74.4000015258789,0,0,0,1,0,0,0,0,0,0,0,0,1,0,0,0,0,0,0,0,0
71.94974934952155,30.0,184.0,0.0056397698940399,74.4000015258789,74.4000015258789,0,0,0,1,0,0,0,0,0,0,0,0,1,0,0,0,0,0,0,0,0
119.9588405922018,30.0,183.5,0.0053599409683446,74.4000015258789,74.4000015258789,0,0,0,1,0,0,0,0,0,0,0,0,1,0,0,0,0,0,0,0,0
52.73269966880044,47.53488372093023,186.0,0.0057908804897514,74.4000015258789,74.4000015258789,0,0,0,1,0,0,0,0,0,0,0,0,0,0,0,0,0,0,0,0,1
132.08300224437247,33.595391008689084,176.0,0.0049243581999314,74.4000015258789,74.4000015258789,0,0,0,1,0,0,0,0,0,0,0,0,1,0,0,0,0,0,0,0,0
52.73269966880044,47.53488372093023,186.0,0.0057908804897514,74.4000015258789,74.4000015258789,0,0,0,1,0,0,0,0,0,0,0,0,0,0,0,0,0,0,0,0,1
240.55119947156797,33.595391008689084,170.5,0.004353926137937,74.4000015258789,74.4000015258789,0,0,0,1,0,0,0,0,0,0,0,0,1,0,0,0,0,0,0,0,0
119.9588405922018,30.0,183.5,0.0053599409683446,74.4000015258789,74.4000015258789,0,0,0,1,0,0,0,0,0,0,0,0,1,0,0,0,0,0,0,0,0
143.92041726140545,30.0,180.0,0.005298686967351,74.4000015258789,74.4000015258789,0,0,0,1,0,0,0,0,0,0,0,0,1,0,0,0,0,0,0,0,0
143.48572220348805,30.0,184.0,0.0058442832867961,74.4000015258789,74.4000015258789,0,0,0,1,0,0,0,0,0,0,0,0,1,0,0,0,0,0,0,0,0
136.0079968603089,30.0,177.5,0.0052668543683276,74.4000015258789,74.4000015258789,0,0,0,1,0,0,0,0,0,0,0,0,1,0,0,0,0,0,0,0,0
119.99579832013232,30.0,189.5,0.0065930347291687,74.4000015258789,74.4000015258789,0,0,0,1,0,0,0,0,0,0,0,0,1,0,0,0,0,0,0,0,0
143.92041726140545,30.0,180.0,0.005298686967351,74.4000015258789,74.4000015258789,0,0,0,1,0,0,0,0,0,0,0,0,1,0,0,0,0,0,0,0,0
35.33354629860965,30.0,178.5,0.0046870794207685,74.4000015258789,74.4000015258789,0,0,0,1,0,0,0,0,0,0,0,0,1,0,0,0,0,0,0,0,0
153.21017458290254,30.0,173.0,0.0042964666214685,74.4000015258789,74.4000015258789,0,0,0,1,0,0,0,0,0,0,0,0,1,0,0,0,0,0,0,0,0
11.571152772339898,33.595391008689084,170.0,0.0046262591269814,74.4000015258789,74.4000015258789,0,0,0,1,0,0,0,0,0,0,0,0,1,0,0,0,0,0,0,0,0
79.96421668415265,33.595391008689084,169.0,0.0044338299120828,74.4000015258789,74.4000015258789,0,0,0,1,0,0,0,0,0,0,0,0,1,0,0,0,0,0,0,0,0
60.51168954586738,33.595391008689084,167.5,0.0043166984455121,74.4000015258789,74.4000015258789,0,0,0,1,0,0,0,0,0,0,0,0,1,0,0,0,0,0,0,0,0
60.48200505221734,30.0,167.0,0.0042608331405625,74.4000015258789,74.4000015258789,0,0,0,1,0,0,0,0,0,0,0,0,1,0,0,0,0,0,0,0,0
136.0079968603089,30.0,177.5,0.0052668543683276,74.4000015258789,74.4000015258789,0,0,0,1,0,0,0,0,0,0,0,0,1,0,0,0,0,0,0,0,0
74.90007435678694,30.0,169.0,0.0042144441437594,74.4000015258789,74.4000015258789,0,0,0,1,0,0,0,0,0,0,0,0,1,0,0,0,0,0,0,0,0
136.02300594115246,30.0,170.5,0.0046241147434128,74.4000015258789,74.4000015258789,0,0,0,1,0,0,0,0,0,0,0,0,1,0,0,0,0,0,0,0,0
60.51168954586738,33.595391008689084,167.5,0.0043166984455121,74.4000015258789,74.4000015258789,0,0,0,1,0,0,0,0,0,0,0,0,1,0,0,0,0,0,0,0,0
82.17291628920671,33.595391008689084,159.0,0.0036882139358571,74.4000015258789,74.4000015258789,0,0,0,1,0,0,0,0,0,0,0,0,1,0,0,0,0,0,0,0,0
153.52596464347778,33.595391008689084,164.0,0.0040057188983517,74.4000015258789,74.4000015258789,0,0,0,1,0,0,0,0,0,0,0,0,1,0,0,0,0,0,0,0,0
78.74950898876564,30.0,158.5,0.0035559684002472,74.4000015258789,74.4000015258789,0,0,0,1,0,0,0,0,0,0,0,0,1,0,0,0,0,0,0,0,0
60.48200505221734,30.0,167.0,0.0042608331405625,74.4000015258789,74.4000015258789,0,0,0,1,0,0,0,0,0,0,0,0,1,0,0,0,0,0,0,0,0
153.52596464347778,33.595391008689084,164.0,0.0040057188983517,74.4000015258789,74.4000015258789,0,0,0,1,0,0,0,0,0,0,0,0,1,0,0,0,0,0,0,0,0
145.32207392427117,33.595391008689084,151.5,0.0020989232151051,74.4000015258789,74.4000015258789,0,0,0,1,0,0,0,0,0,0,0,0,1,0,0,0,0,0,0,0,0
81.64864092514888,30.0,155.5,0.0027687681164722,74.4000015258789,74.4000015258789,0,0,0,1,0,0,0,0,0,0,0,0,1,0,0,0,0,0,0,0,0
112.253406642424,30.0,147.5,0.0022274589900691,74.4000015258789,74.4000015258789,0,0,0,1,0,0,0,0,0,0,0,0,1,0,0,0,0,0,0,0,0
145.32207392427117,33.595391008689084,151.5,0.0020989232151051,74.4000015258789,74.4000015258789,0,0,0,1,0,0,0,0,0,0,0,0,1,0,0,0,0,0,0,0,0
39.772121260958194,33.595391008689084,149.0,0.001663811786818,74.4000015258789,74.4000015258789,0,0,0,1,0,0,0,0,0,0,0,0,1,0,0,0,0,0,0,0,0
62.05523529215806,33.595391008689084,155.5,0.001998830881039,74.4000015258789,74.4000015258789,0,0,0,1,0,0,0,0,0,0,0,0,1,0,0,0,0,0,0,0,0
98.83981979430033,33.595391008689084,167.5,0.0025213990891062,74.4000015258789,74.4000015258789,0,0,0,1,0,0,0,0,0,0,0,0,1,0,0,0,0,0,0,0,0
220.04540755449247,33.595391008689084,160.0,0.0025979293989595,74.4000015258789,74.4000015258789,0,0,0,1,0,0,0,0,0,0,0,0,1,0,0,0,0,0,0,0,0
177.61482060749736,33.595391008689084,151.5,0.0015678216551976,74.4000015258789,74.4000015258789,0,0,0,1,0,0,0,0,0,0,0,0,1,0,0,0,0,0,0,0,0
141.51899902909273,30.0,138.0,0.0006056833318823,74.4000015258789,74.4000015258789,0,0,0,1,0,0,0,0,0,0,0,0,0,0,0,0,1,0,0,0,0
30.1740702755991,33.595391008689084,140.5,0.000971246462475,74.4000015258789,74.4000015258789,0,0,0,1,0,0,0,0,0,0,0,0,1,0,0,0,0,0,0,0,0
122.98658131332829,30.0,138.0,0.0010059876780364,74.4000015258789,74.4000015258789,0,1,1,0,0,0,0,0,0,0,0,0,0,0,0,0,1,0,0,0,0
177.6148206074974,33.595391008689084,151.5,0.0015678216551976,74.4000015258789,74.4000015258789,0,0,0,1,0,0,0,0,0,0,0,0,1,0,0,0,0,0,0,0,0
30.1740702755991,33.595391008689084,140.5,0.000971246462475,74.4000015258789,74.4000015258789,0,0,0,1,0,0,0,0,0,0,0,0,1,0,0,0,0,0,0,0,0
46.7752884721879,33.595391008689084,144.5,0.0013035489444232,74.4000015258789,74.4000015258789,0,0,0,1,0,0,0,0,0,0,0,0,1,0,0,0,0,0,0,0,0
48.54397296332314,33.595391008689084,177.0,0.0032629732256407,74.4000015258789,74.4000015258789,0,0,0,1,0,0,0,0,0,0,0,0,1,0,0,0,0,0,0,0,0
98.83981979430033,33.595391008689084,167.5,0.0025213990891062,74.4000015258789,74.4000015258789,0,0,0,1,0,0,0,0,0,0,0,0,1,0,0,0,0,0,0,0,0
220.13257840343024,33.595391008689084,171.5,0.0033555415612703,74.4000015258789,74.4000015258789,0,0,0,1,0,0,0,0,0,0,0,0,1,0,0,0,0,0,0,0,0
24.569055162411164,33.595391008689084,180.0,0.0036722015259079,74.4000015258789,74.4000015258789,0,0,0,1,0,0,0,0,0,0,0,0,1,0,0,0,0,0,0,0,0
48.54397296332314,33.595391008689084,177.0,0.0032629732256407,74.4000015258789,74.4000015258789,0,0,0,1,0,0,0,0,0,0,0,0,1,0,0,0,0,0,0,0,0
312.2937078424093,33.595391008689084,164.0,0.0021952118602796,74.4000015258789,74.4000015258789,0,0,0,1,0,0,0,0,0,0,0,0,1,0,0,0,0,0,0,0,0
24.569055162411164,33.595391008689084,180.0,0.0036722015259079,74.4000015258789,74.4000015258789,0,0,0,1,0,0,0,0,0,0,0,0,1,0,0,0,0,0,0,0,0
85.50264437905135,33.595391008689084,182.0,0.0042963683101215,74.4000015258789,74.4000015258789,0,0,0,1,0,0,0,0,0,0,0,0,1,0,0,0,0,0,0,0,0
216.32913196238724,33.595391008689084,175.5,0.0040697350511299,74.4000015258789,74.4000015258789,0,0,0,1,0,0,0,0,0,0,0,0,1,0,0,0,0,0,0,0,0
139.08646179124676,33.595391008689084,185.5,0.0050194536390617,74.4000015258789,74.4000015258789,0,0,0,1,0,0,0,0,0,0,0,0,1,0,0,0,0,0,0,0,0
107.35266144764292,33.595391008689084,185.5,0.0050194536390617,74.4000015258789,74.4000015258789,0,0,0,1,0,0,0,0,0,0,0,0,1,0,0,0,0,0,0,0,0
85.50264437905133,33.595391008689084,182.0,0.0042963683101215,74.4000015258789,74.4000015258789,0,0,0,1,0,0,0,0,0,0,0,0,1,0,0,0,0,0,0,0,0
230.7159187314029,33.595391008689084,191.5,0.0072067111244018,74.4000015258789,74.4000015258789,0,0,0,1,0,0,0,0,0,0,0,0,1,0,0,0,0,0,0,0,0
203.0716006525602,30.0,178.5,0.005130588878074,74.4000015258789,74.4000015258789,0,0,0,1,0,0,0,0,0,0,0,0,1,0,0,0,0,0,0,0,0
214.16251409262887,33.595391008689084,195.0,0.0068377398789617,74.4000015258789,74.4000015258789,0,0,0,1,0,0,0,0,0,0,0,0,1,0,0,0,0,0,0,0,0
89.04917842010796,33.595391008689084,186.5,0.0055983004444884,74.4000015258789,74.4000015258789,0,0,0,1,0,0,0,0,0,0,0,0,1,0,0,0,0,0,0,0,0
230.7159187314029,33.595391008689084,191.5,0.0072067111244018,74.4000015258789,74.4000015258789,0,0,0,1,0,0,0,0,0,0,0,0,1,0,0,0,0,0,0,0,0
139.08646179124676,33.595391008689084,185.5,0.0050194536390617,74.4000015258789,74.4000015258789,0,0,0,1,0,0,0,0,0,0,0,0,1,0,0,0,0,0,0,0,0
107.35266144764292,33.595391008689084,185.5,0.0050194536390617,74.4000015258789,74.4000015258789,0,0,0,1,0,0,0,0,0,0,0,0,1,0,0,0,0,0,0,0,0
89.04917842010795,33.595391008689084,186.5,0.0055983004444884,74.4000015258789,74.4000015258789,0,0,0,1,0,0,0,0,0,0,0,0,1,0,0,0,0,0,0,0,0
39.772121260958194,33.595391008689084,149.0,0.001663811786818,74.4000015258789,74.4000015258789,0,0,0,1,0,0,0,0,0,0,0,0,1,0,0,0,0,0,0,0,0
46.77528847218791,33.595391008689084,144.5,0.0013035489444232,74.4000015258789,74.4000015258789,0,0,0,1,0,0,0,0,0,0,0,0,1,0,0,0,0,0,0,0,0
68.65558965577716,33.595391008689084,147.0,0.0016193602867577,74.4000015258789,74.4000015258789,0,0,0,1,0,0,0,0,0,0,0,0,1,0,0,0,0,0,0,0,0
62.05523529215806,33.595391008689084,155.5,0.001998830881039,74.4000015258789,74.4000015258789,0,0,0,1,0,0,0,0,0,0,0,0,1,0,0,0,0,0,0,0,0
68.65558965577716,33.595391008689084,147.0,0.0016193602867577,74.4000015258789,74.4000015258789,0,0,0,1,0,0,0,0,0,0,0,0,1,0,0,0,0,0,0,0,0
220.13257840343027,33.595391008689084,171.5,0.0033555415612703,74.4000015258789,74.4000015258789,0,0,0,1,0,0,0,0,0,0,0,0,1,0,0,0,0,0,0,0,0
93.24692859173511,30.0,170.0,0.0040201436240633,74.4000015258789,74.4000015258789,0,0,0,1,0,0,0,0,0,0,0,0,1,0,0,0,0,0,0,0,0
99.5101877318323,30.0,164.0,0.0034320718711236,74.4000015258789,74.4000015258789,0,0,0,1,0,0,0,0,0,0,0,0,1,0,0,0,0,0,0,0,0
216.3291319623873,33.595391008689084,175.5,0.0040697350511299,74.4000015258789,74.4000015258789,0,0,0,1,0,0,0,0,0,0,0,0,1,0,0,0,0,0,0,0,0
203.07160065256016,30.0,178.5,0.005130588878074,74.4000015258789,74.4000015258789,0,0,0,1,0,0,0,0,0,0,0,0,1,0,0,0,0,0,0,0,0
93.24692859173511,30.0,170.0,0.0040201436240633,74.4000015258789,74.4000015258789,0,0,0,1,0,0,0,0,0,0,0,0,1,0,0,0,0,0,0,0,0
58.729972098036384,33.595391008689084,142.5,0.0006090027582073,74.4000015258789,74.4000015258789,0,0,0,1,0,0,0,0,0,0,0,0,1,0,0,0,0,0,0,0,0
312.2937078424093,33.595391008689084,164.0,0.0021952118602796,74.4000015258789,74.4000015258789,0,0,0,1,0,0,0,0,0,0,0,0,1,0,0,0,0,0,0,0,0
61.41536204840596,33.595391008689084,150.0,0.0010338529888255,74.4000015258789,74.4000015258789,0,0,0,1,0,0,0,0,0,0,0,0,1,0,0,0,0,0,0,0,0
92.85693260825568,33.595391008689084,147.0,0.0007174289462198,74.4000015258789,74.4000015258789,0,0,0,1,0,0,0,0,0,0,0,0,1,0,0,0,0,0,0,0,0
141.51899902909273,30.0,138.0,0.0006056833318823,74.4000015258789,74.4000015258789,0,0,0,1,0,0,0,0,0,0,0,0,0,0,0,0,1,0,0,0,0
93.08570659925104,40.0,141.5,0.0004002375289392,74.4000015258789,74.4000015258789,0,0,0,1,0,0,0,0,0,0,0,0,0,0,0,0,1,0,0,0,0
58.729972098036384,33.595391008689084,142.5,0.0006090027582073,74.4000015258789,74.4000015258789,0,0,0,1,0,0,0,0,0,0,0,0,1,0,0,0,0,0,0,0,0
61.41536204840596,33.595391008689084,150.0,0.0010338529888255,74.4000015258789,74.4000015258789,0,0,0,1,0,0,0,0,0,0,0,0,1,0,0,0,0,0,0,0,0
92.85693260825568,33.595391008689084,147.0,0.0007174289462198,74.4000015258789,74.4000015258789,0,0,0,1,0,0,0,0,0,0,0,0,1,0,0,0,0,0,0,0,0
62.78800218416553,15.5531914893617,150.5,0.0006768726366825,74.4000015258789,74.4000015258789,0,0,0,1,0,1,0,0,0,0,0,0,0,0,0,0,0,0,0,0,0
110.9487895555276,15.5531914893617,149.5,0.0012394491117901,74.4000015258789,74.4000015258789,0,0,0,1,0,1,0,0,0,0,0,0,0,0,0,0,0,0,0,0,0
104.8048923215744,15.5531914893617,152.5,0.0011377302639574,74.4000015258789,74.4000015258789,0,0,0,1,0,1,0,0,0,0,0,0,0,0,0,0,0,0,0,0,0
62.78800218416553,15.5531914893617,150.5,0.0006768726366825,74.4000015258789,74.4000015258789,0,0,0,1,0,1,0,0,0,0,0,0,0,0,0,0,0,0,0,0,0
223.77587750549168,30.0,129.0,0.0034638051704011,74.4000015258789,74.4000015258789,0,0,1,0,0,0,0,0,0,0,0,0,1,0,0,0,0,0,0,0,0
189.3653673222331,30.0,129.5,0.002279870186148,74.4000015258789,74.4000015258789,0,0,1,0,0,0,1,0,0,0,0,0,0,0,0,0,0,0,0,0,0
112.39679364028524,50.0,129.0,0.0035652307758894,74.4000015258789,74.4000015258789,0,0,1,0,0,0,0,0,0,0,0,0,1,0,0,0,0,0,0,0,0
112.39679364028524,50.0,129.0,0.0035652307758894,74.4000015258789,74.4000015258789,0,0,1,0,0,0,0,0,0,0,0,0,1,0,0,0,0,0,0,0,0
137.69101156274195,50.0,129.5,0.0046345404863675,74.4000015258789,74.4000015258789,0,0,1,0,0,0,0,0,0,0,0,0,1,0,0,0,0,0,0,0,0
48.55147312160133,30.0,129.0,0.0041535537751389,74.4000015258789,74.4000015258789,0,0,1,0,0,0,0,0,0,0,0,0,1,0,0,0,0,0,0,0,0
89.29949477964264,30.0,129.5,0.0046502677930986,74.4000015258789,74.4000015258789,0,0,1,0,0,0,0,0,0,0,0,0,1,0,0,0,0,0,0,0,0
48.55147312160133,30.0,129.0,0.0041535537751389,74.4000015258789,74.4000015258789,0,0,1,0,0,0,0,0,0,0,0,0,1,0,0,0,0,0,0,0,0
158.1904996368012,30.0,129.0,0.0040521281696506,74.4000015258789,74.4000015258789,0,0,1,0,0,0,0,0,0,0,0,0,1,0,0,0,0,0,0,0,0
75.09768538119508,30.0,128.0,0.0075397265460403,74.4000015258789,74.4000015258789,0,0,1,0,0,0,0,0,0,0,0,0,1,0,0,0,0,0,0,0,0
275.8223932598433,30.0,129.0,0.0062892995536399,74.4000015258789,74.4000015258789,0,0,1,0,0,0,0,0,0,0,0,0,1,0,0,0,0,0,0,0,0
84.70848807206178,30.0,131.0,0.0076205444376479,74.4000015258789,74.4000015258789,0,0,1,0,0,0,0,0,0,0,0,0,1,0,0,0,0,0,0,0,0
275.8223932598433,30.0,129.0,0.0062892995536399,74.4000015258789,74.4000015258789,0,0,1,0,0,0,0,0,0,0,0,0,1,0,0,0,0,0,0,0,0
89.29949477964264,30.0,129.5,0.0046502677930986,74.4000015258789,74.4000015258789,0,0,1,0,0,0,0,0,0,0,0,0,1,0,0,0,0,0,0,0,0
60.51250368272567,33.595391008689084,130.0,0.0051312545043273,74.4000015258789,74.4000015258789,0,0,1,0,0,0,0,0,0,0,0,0,1,0,0,0,0,0,0,0,0
137.69101156274195,50.0,129.5,0.0046345404863675,74.4000015258789,74.4000015258789,0,0,1,0,0,0,0,0,0,0,0,0,1,0,0,0,0,0,0,0,0
165.1685362936078,50.0,132.5,0.0059930785810372,74.4000015258789,74.4000015258789,0,0,1,0,0,0,0,0,0,0,0,0,1,0,0,0,0,0,0,0,0
60.51250368272567,33.595391008689084,130.0,0.0051312545043273,74.4000015258789,74.4000015258789,0,0,1,0,0,0,0,0,0,0,0,0,1,0,0,0,0,0,0,0,0
44.162300516047154,30.0,129.0,0.0040203716943264,74.4000015258789,74.4000015258789,0,0,1,0,0,0,0,0,0,0,0,0,1,0,0,0,0,0,0,0,0
158.1904996368012,30.0,129.0,0.0040521281696506,74.4000015258789,74.4000015258789,0,0,1,0,0,0,0,0,0,0,0,0,1,0,0,0,0,0,0,0,0
223.7758775054917,30.0,129.0,0.0034638051704011,74.4000015258789,74.4000015258789,0,0,1,0,0,0,0,0,0,0,0,0,1,0,0,0,0,0,0,0,0
159.37227854899527,30.0,134.0,0.0083901815376107,74.4000015258789,74.4000015258789,0,0,1,0,0,0,0,0,0,0,0,0,0,0,1,0,0,0,0,0,0
84.7084880720618,30.0,131.0,0.0076205444376479,74.4000015258789,74.4000015258789,0,0,1,0,0,0,0,0,0,0,0,0,1,0,0,0,0,0,0,0,0
105.89833881991166,30.0,134.5,0.0072134654171693,74.4000015258789,74.4000015258789,0,0,1,0,0,0,0,0,0,0,0,0,0,0,1,0,0,0,0,0,0
125.68314177544322,30.0,128.5,0.0072420731191937,74.4000015258789,74.4000015258789,0,0,1,0,0,0,0,0,0,0,0,0,1,0,0,0,0,0,0,0,0
35.84505255313901,30.0,129.0,0.0080473402101492,74.4000015258789,74.4000015258789,0,0,1,0,0,0,0,0,0,0,0,0,1,0,0,0,0,0,0,0,0
136.0955082723615,30.0,129.0,0.0083783820385048,74.4000015258789,74.4000015258789,0,0,1,0,0,0,0,0,0,0,0,0,1,0,0,0,0,0,0,0,0
89.75163825220348,33.595391008689084,129.0,0.0102232718156752,74.4000015258789,74.4000015258789,0,0,1,0,0,0,0,0,0,0,0,0,1,0,0,0,0,0,0,0,0
168.9330523750437,30.0,129.5,0.0097392962905075,74.4000015258789,74.4000015258789,0,0,1,0,0,0,0,0,0,0,0,0,0,0,1,0,0,0,0,0,0
101.96987240621648,30.0,131.5,0.0106589710695252,74.4000015258789,74.4000015258789,0,0,1,0,0,0,0,0,0,0,0,0,0,0,1,0,0,0,0,0,0
127.5596768591248,15.5531914893617,129.5,0.0097054165132681,74.4000015258789,74.4000015258789,0,0,1,0,0,1,0,0,0,0,0,0,0,0,0,0,0,0,0,0,0
136.09550827236149,30.0,129.0,0.0083783820385048,74.4000015258789,74.4000015258789,0,0,1,0,0,0,0,0,0,0,0,0,1,0,0,0,0,0,0,0,0
189.8628818002104,30.0,128.5,0.0095565631149625,74.4000015258789,74.4000015258789,0,0,1,0,0,0,0,0,0,0,0,0,1,0,0,0,0,0,0,0,0
127.5596768591248,15.5531914893617,129.5,0.0097054165132681,74.4000015258789,74.4000015258789,0,0,1,0,0,1,0,0,0,0,0,0,0,0,0,0,0,0,0,0,0
110.71126772663324,30.0,128.5,0.0082568102632377,74.4000015258789,74.4000015258789,0,0,1,0,0,0,0,0,0,0,0,0,1,0,0,0,0,0,0,0,0
130.7567794954656,30.0,128.0,0.0060701400982192,74.4000015258789,74.4000015258789,0,0,1,0,0,0,0,0,0,0,0,0,1,0,0,0,0,0,0,0,0
30.9479033049957,30.0,129.0,0.008390271694802,74.4000015258789,74.4000015258789,0,0,1,0,0,0,0,0,0,0,0,0,1,0,0,0,0,0,0,0,0
35.84505255313901,30.0,129.0,0.0080473402101492,74.4000015258789,74.4000015258789,0,0,1,0,0,0,0,0,0,0,0,0,1,0,0,0,0,0,0,0,0
158.09236415528426,30.0,129.0,0.0074877033980458,74.4000015258789,74.4000015258789,0,0,1,0,0,0,0,0,0,0,0,0,1,0,0,0,0,0,0,0,0
178.73654545511272,50.0,143.0,0.0064019109614534,74.4000015258789,74.4000015258789,0,0,0,1,0,0,0,0,0,0,0,0,0,0,1,0,0,0,0,0,0
10.517060086214954,50.0,134.0,0.0067773775435463,74.4000015258789,74.4000015258789,0,0,0,1,0,0,0,0,0,0,0,0,0,0,1,0,0,0,0,0,0
544.2286984743455,30.0,147.0,0.004174489127028,74.4000015258789,74.4000015258789,0,0,1,0,0,0,0,0,0,0,0,0,1,0,0,0,0,0,0,0,0
162.65355366045296,50.0,150.0,0.0058887584100459,74.4000015258789,74.4000015258789,0,0,0,1,0,0,0,0,0,0,0,0,0,0,1,0,0,0,0,0,0
30.478876452254752,50.0,152.0,0.005794149450747,74.4000015258789,74.4000015258789,0,0,0,1,0,0,0,0,0,0,0,0,0,0,1,0,0,0,0,0,0
85.82626160271069,33.595391008689084,259.5,0.0328206930151816,78.69999694824219,78.69999694824219,0,0,0,1,0,0,0,0,0,0,0,0,1,0,0,0,0,0,0,0,0
163.08928968575074,30.0,253.5,0.0342245398598954,78.69999694824219,78.69999694824219,0,0,0,1,0,0,0,0,0,0,0,0,1,0,0,0,0,0,0,0,0
109.70743041115986,30.0,244.0,0.0322042245758245,78.69999694824219,78.69999694824219,0,0,0,1,0,0,0,0,0,0,0,0,1,0,0,0,0,0,0,0,0
89.29988169792612,15.5531914893617,249.5,0.0309599503454721,78.69999694824219,78.69999694824219,0,0,0,1,0,1,0,0,0,0,0,0,0,0,0,0,0,0,0,0,0
26.295536761765128,30.0,248.5,0.0303715018454237,78.69999694824219,78.69999694824219,0,0,0,1,0,0,0,0,0,0,0,0,1,0,0,0,0,0,0,0,0
67.28849169830474,30.0,250.5,0.0304338526147532,78.69999694824219,78.69999694824219,0,0,0,1,0,0,0,0,0,0,0,0,1,0,0,0,0,0,0,0,0
119.4273496025328,33.595391008689084,209.0,0.008475110309839,74.4000015258789,74.4000015258789,0,0,0,1,0,0,0,0,0,0,0,0,1,0,0,0,0,0,0,0,0
214.16251409262887,33.595391008689084,195.0,0.0068377398789617,74.4000015258789,74.4000015258789,0,0,0,1,0,0,0,0,0,0,0,0,1,0,0,0,0,0,0,0,0
62.77392842883,33.595391008689084,207.5,0.0076835485940562,74.4000015258789,74.4000015258789,0,0,0,1,0,0,0,0,0,0,0,0,1,0,0,0,0,0,0,0,0
143.97400166316424,33.595391008689084,213.0,0.0077935421978867,74.4000015258789,74.4000015258789,0,0,0,1,0,0,0,0,0,0,0,0,1,0,0,0,0,0,0,0,0
62.77392842883,33.595391008689084,207.5,0.0076835485940562,74.4000015258789,74.4000015258789,0,0,0,1,0,0,0,0,0,0,0,0,1,0,0,0,0,0,0,0,0
116.60975425946653,33.595391008689084,204.5,0.0069257584667594,74.4000015258789,74.4000015258789,0,0,0,1,0,0,0,0,0,0,0,0,1,0,0,0,0,0,0,0,0
39.20593049416775,33.595391008689084,195.5,0.0060419089002919,74.4000015258789,74.4000015258789,0,0,0,1,0,0,0,0,0,0,0,0,1,0,0,0,0,0,0,0,0
76.68569401900399,33.595391008689084,197.5,0.0063326698212827,74.4000015258789,74.4000015258789,0,0,0,1,0,0,0,0,0,0,0,0,1,0,0,0,0,0,0,0,0
116.60975425946653,33.595391008689084,204.5,0.0069257584667594,74.4000015258789,74.4000015258789,0,0,0,1,0,0,0,0,0,0,0,0,1,0,0,0,0,0,0,0,0
76.68569401900399,33.595391008689084,197.5,0.0063326698212827,74.4000015258789,74.4000015258789,0,0,0,1,0,0,0,0,0,0,0,0,1,0,0,0,0,0,0,0,0
39.20593049416775,33.595391008689084,195.5,0.0060419089002919,74.4000015258789,74.4000015258789,0,0,0,1,0,0,0,0,0,0,0,0,1,0,0,0,0,0,0,0,0
20.00765055252297,33.595391008689084,230.0,0.0099517137790866,74.4000015258789,74.4000015258789,0,0,0,1,0,0,0,0,0,0,0,0,1,0,0,0,0,0,0,0,0
152.556604833645,33.595391008689084,218.5,0.0089455977794616,74.4000015258789,74.4000015258789,0,0,0,1,0,0,0,0,0,0,0,0,1,0,0,0,0,0,0,0,0
20.00765055252297,33.595391008689084,230.0,0.0099517137790866,74.4000015258789,74.4000015258789,0,0,0,1,0,0,0,0,0,0,0,0,1,0,0,0,0,0,0,0,0
127.3767396592137,33.595391008689084,234.5,0.0107732170116876,74.4000015258789,74.4000015258789,0,0,0,1,0,0,0,0,0,0,0,0,1,0,0,0,0,0,0,0,0
124.9712813225062,33.595391008689084,226.0,0.0101670249468221,74.4000015258789,74.4000015258789,0,0,0,1,0,0,0,0,0,0,0,0,1,0,0,0,0,0,0,0,0
127.3767396592137,33.595391008689084,234.5,0.0107732170116876,74.4000015258789,74.4000015258789,0,0,0,1,0,0,0,0,0,0,0,0,1,0,0,0,0,0,0,0,0
95.97588592964026,33.595391008689084,232.0,0.0139463591344432,78.40000915527344,78.40000915527344,0,0,0,1,0,0,0,0,0,0,0,0,1,0,0,0,0,0,0,0,0
41.36624228846308,30.0,128.5,0.0015074443488649,74.4000015258789,74.4000015258789,0,0,1,0,0,0,0,0,0,0,0,0,1,0,0,0,0,0,0,0,0
41.31439059899614,50.0,133.5,0.0116163242215219,94.10000610351562,94.10000610351562,0,0,0,1,0,0,0,0,0,0,1,0,0,0,0,0,0,0,0,0,0
13.767787712532744,30.0,134.0,0.0114122119144908,94.10000610351562,94.10000610351562,0,0,0,1,0,0,0,0,0,0,0,0,0,0,0,0,0,0,1,0,0
129.8924250693612,30.0,166.5,0.0138229426481698,94.10000610351562,94.10000610351562,0,0,0,1,0,0,0,0,0,0,0,0,1,0,0,0,0,0,0,0,0
83.3152787799553,30.0,156.0,0.0087535089680374,94.10000610351562,94.10000610351562,0,0,0,1,0,0,0,0,0,0,0,0,1,0,0,0,0,0,0,0,0
155.35831381677292,33.595391008689084,151.0,0.0039778012655102,86.80000305175781,86.80000305175781,0,0,0,1,0,0,0,0,0,0,0,0,1,0,0,0,0,0,0,0,0
17.651455356566196,30.0,154.0,0.0038633870652259,86.80000305175781,86.80000305175781,0,0,0,1,0,0,0,0,0,0,0,0,1,0,0,0,0,0,0,0,0
508.3978387689614,30.0,171.5,0.0041357011132758,86.80000305175781,86.80000305175781,0,0,0,1,0,0,0,0,0,0,0,0,1,0,0,0,0,0,0,0,0
155.3583138167729,33.595391008689084,151.0,0.0039778012655102,86.80000305175781,86.80000305175781,0,0,0,1,0,0,0,0,0,0,0,0,1,0,0,0,0,0,0,0,0
95.88101882750394,15.5531914893617,270.0,0.0420196946237903,78.69999694824219,78.69999694824219,0,0,0,1,0,1,0,0,0,0,0,0,0,0,0,0,0,0,0,0,0
44.29864402809361,50.0,128.5,0.0016420946152657,94.10000610351562,94.10000610351562,0,1,1,0,0,0,0,0,0,0,1,0,0,0,0,0,0,0,0,0,0
15.502328869904344,50.0,129.0,0.0015384232017215,94.10000610351562,94.10000610351562,0,0,1,0,0,0,0,0,0,0,1,0,0,0,0,0,0,0,0,0,0
23.292251615918204,50.0,131.0,0.0017730049993092,94.10000610351562,94.10000610351562,0,0,1,0,0,0,0,0,0,0,1,0,0,0,0,0,0,0,0,0,0
39.05782374751816,50.0,133.0,0.0065498904355254,94.10000610351562,94.10000610351562,0,0,1,0,0,0,0,0,0,0,1,0,0,0,0,0,0,0,0,0,0
148.18012859024248,50.0,132.5,0.0056165169127352,94.10000610351562,94.10000610351562,0,0,1,0,0,0,0,0,0,0,1,0,0,0,0,0,0,0,0,0,0
58.40519546515976,30.0,137.0,0.0023367389101452,86.80000305175781,86.80000305175781,0,0,0,1,0,0,0,0,0,0,0,0,1,0,0,0,0,0,0,0,0
180.44397239476936,30.0,136.0,0.0027387685487397,86.80000305175781,86.80000305175781,0,0,0,1,0,0,0,0,0,0,0,0,1,0,0,0,0,0,0,0,0
67.15981894966386,30.0,139.5,0.0029817785195525,86.80000305175781,86.80000305175781,0,0,0,1,0,0,0,0,0,0,0,0,1,0,0,0,0,0,0,0,0
325.4806532985627,30.0,130.5,0.0018212389343446,74.4000015258789,74.4000015258789,0,0,1,0,0,0,0,0,0,0,0,0,1,0,0,0,0,0,0,0,0
31.58073447555368,33.595391008689084,131.5,0.0038424083317495,74.4000015258789,74.4000015258789,0,0,0,1,0,0,0,0,0,0,0,0,1,0,0,0,0,0,0,0,0
13.017670092807132,33.595391008689084,132.0,0.0036489005332957,74.4000015258789,74.4000015258789,0,0,0,1,0,0,0,0,0,0,0,0,1,0,0,0,0,0,0,0,0
63.18970013876788,15.5531914893617,131.5,0.00564476107618,74.4000015258789,74.4000015258789,0,0,0,1,0,1,0,0,0,0,0,0,0,0,0,0,0,0,0,0,0
102.42045102208318,33.595391008689084,131.0,0.0059403733539117,74.4000015258789,74.4000015258789,0,0,0,1,0,0,0,0,0,0,0,0,1,0,0,0,0,0,0,0,0
162.0207030200605,33.595391008689084,132.0,0.0048481760540362,74.4000015258789,74.4000015258789,0,0,0,1,0,0,0,0,0,0,0,0,1,0,0,0,0,0,0,0,0
102.42045102208318,33.595391008689084,131.0,0.0059403733539117,74.4000015258789,74.4000015258789,0,0,0,1,0,0,0,0,0,0,0,0,1,0,0,0,0,0,0,0,0
123.2753496203922,15.5531914893617,130.0,0.0060446111809839,74.4000015258789,74.4000015258789,0,0,0,1,0,1,0,0,0,0,0,0,0,0,0,0,0,0,0,0,0
309.49845463785107,47.53488372093023,130.5,0.007619491950973,74.4000015258789,74.4000015258789,1,0,1,0,0,0,0,0,0,0,0,0,0,0,0,0,0,0,0,0,1
309.498454637851,47.53488372093023,130.5,0.007619491950973,74.4000015258789,74.4000015258789,1,0,1,0,0,0,0,0,0,0,0,0,0,0,0,0,0,0,0,0,1
64.01379219273477,15.5531914893617,130.5,0.0056085743799527,74.4000015258789,74.4000015258789,0,0,0,1,0,1,0,0,0,0,0,0,0,0,0,0,0,0,0,0,0
75.91469881904041,15.5531914893617,130.0,0.0054124852360418,74.4000015258789,74.4000015258789,0,0,0,1,0,1,0,0,0,0,0,0,0,0,0,0,0,0,0,0,0
123.2753496203922,15.5531914893617,130.0,0.0060446111809839,74.4000015258789,74.4000015258789,0,0,0,1,0,1,0,0,0,0,0,0,0,0,0,0,0,0,0,0,0
75.91469881904041,15.5531914893617,130.0,0.0054124852360418,74.4000015258789,74.4000015258789,0,0,0,1,0,1,0,0,0,0,0,0,0,0,0,0,0,0,0,0,0
126.42949307842056,50.0,130.5,0.0048730962321419,74.4000015258789,74.4000015258789,0,0,0,1,0,0,0,0,0,0,0,0,1,0,0,0,0,0,0,0,0
62.20729636331133,50.0,129.5,0.0052030291812687,74.4000015258789,74.4000015258789,0,0,0,1,0,0,0,0,0,0,0,0,1,0,0,0,0,0,0,0,0
15.297470549210765,15.5531914893617,131.0,0.0054602120700318,74.4000015258789,74.4000015258789,0,0,0,1,0,1,0,0,0,0,0,0,0,0,0,0,0,0,0,0,0
22.52867314288215,15.5531914893617,131.0,0.0054602120700318,74.4000015258789,74.4000015258789,0,0,0,1,0,1,0,0,0,0,0,0,0,0,0,0,0,0,0,0,0
94.49203627460784,15.5531914893617,131.0,0.0050398732767126,74.4000015258789,74.4000015258789,0,0,0,1,0,1,0,0,0,0,0,0,0,0,0,0,0,0,0,0,0
126.42949307842056,50.0,130.5,0.0048730962321419,74.4000015258789,74.4000015258789,0,0,0,1,0,0,0,0,0,0,0,0,1,0,0,0,0,0,0,0,0
94.49203627460784,15.5531914893617,131.0,0.0050398732767126,74.4000015258789,74.4000015258789,0,0,0,1,0,1,0,0,0,0,0,0,0,0,0,0,0,0,0,0,0
69.70499887645906,15.5531914893617,131.0,0.0044643851631952,74.4000015258789,74.4000015258789,0,0,0,1,0,1,0,0,0,0,0,0,0,0,0,0,0,0,0,0,0
128.62801785258648,50.0,131.5,0.0044039107858549,74.4000015258789,74.4000015258789,0,0,0,1,0,0,0,0,0,0,0,0,1,0,0,0,0,0,0,0,0
20.57478354250205,33.595391008689084,132.0,0.0040707287775724,74.4000015258789,74.4000015258789,0,0,0,1,0,0,0,0,0,0,0,0,1,0,0,0,0,0,0,0,0
105.59861889791073,33.595391008689084,131.5,0.0041085605690242,74.4000015258789,74.4000015258789,0,0,0,1,0,0,0,0,0,0,0,0,1,0,0,0,0,0,0,0,0
223.3738683278676,33.595391008689084,132.0,0.0037088131665447,74.4000015258789,74.4000015258789,0,0,0,1,0,0,0,0,0,0,0,0,1,0,0,0,0,0,0,0,0
139.40848597193173,33.595391008689084,131.5,0.0034113755302956,74.4000015258789,74.4000015258789,0,0,1,0,0,0,0,0,0,0,0,0,1,0,0,0,0,0,0,0,0
10.56885366945806,33.595391008689084,131.0,0.004225805425061,74.4000015258789,74.4000015258789,0,0,0,1,0,0,0,0,0,0,0,0,1,0,0,0,0,0,0,0,0
105.59861889791073,33.595391008689084,131.5,0.0041085605690242,74.4000015258789,74.4000015258789,0,0,0,1,0,0,0,0,0,0,0,0,1,0,0,0,0,0,0,0,0
135.17410329829886,30.0,131.0,0.0047299327670615,74.4000015258789,74.4000015258789,0,0,0,1,0,0,0,0,0,0,0,0,1,0,0,0,0,0,0,0,0
99.8480485558746,33.595391008689084,132.0,0.002450344746468,74.4000015258789,74.4000015258789,0,0,1,0,0,0,0,0,0,0,0,0,1,0,0,0,0,0,0,0,0
4.353456093661449,33.595391008689084,133.0,0.0019810342229184,74.4000015258789,74.4000015258789,0,1,1,0,0,0,0,0,0,0,0,0,1,0,0,0,0,0,0,0,0
45.413172967843096,33.595391008689084,132.5,0.0019188296027615,74.4000015258789,74.4000015258789,0,1,1,0,0,0,0,0,0,0,0,0,1,0,0,0,0,0,0,0,0
109.07361991957352,33.595391008689084,133.0,0.0023990904028136,74.4000015258789,74.4000015258789,0,0,1,0,0,0,0,0,0,0,0,0,1,0,0,0,0,0,0,0,0
4.353456093661449,33.595391008689084,133.0,0.0019810342229184,74.4000015258789,74.4000015258789,0,1,1,0,0,0,0,0,0,0,0,0,1,0,0,0,0,0,0,0,0
18.791042691711365,33.595391008689084,133.0,0.0019988876678903,74.4000015258789,74.4000015258789,0,1,1,0,0,0,0,0,0,0,0,0,1,0,0,0,0,0,0,0,0
93.748072332068,33.595391008689084,133.0,0.0019988876678903,74.4000015258789,74.4000015258789,0,0,1,0,0,0,0,0,0,0,0,0,1,0,0,0,0,0,0,0,0
14.01382485146614,33.595391008689084,133.0,0.0020725887872237,74.4000015258789,74.4000015258789,0,0,1,0,0,0,0,0,0,0,0,0,1,0,0,0,0,0,0,0,0
45.873864781240655,33.595391008689084,133.0,0.0018594455945826,74.4000015258789,74.4000015258789,0,0,1,0,0,0,0,0,0,0,0,0,1,0,0,0,0,0,0,0,0
33.90288414552377,33.595391008689084,133.0,0.0020555716414469,74.4000015258789,74.4000015258789,0,0,1,0,0,0,0,0,0,0,0,0,1,0,0,0,0,0,0,0,0
18.791042691711365,33.595391008689084,133.0,0.0019988876678903,74.4000015258789,74.4000015258789,0,1,1,0,0,0,0,0,0,0,0,0,1,0,0,0,0,0,0,0,0
93.748072332068,33.595391008689084,133.0,0.0019988876678903,74.4000015258789,74.4000015258789,0,0,1,0,0,0,0,0,0,0,0,0,1,0,0,0,0,0,0,0,0
39.20586170875661,33.595391008689084,133.0,0.0020471947410516,74.4000015258789,74.4000015258789,0,1,1,0,0,0,0,0,0,0,0,0,1,0,0,0,0,0,0,0,0
11.74898898687012,33.595391008689084,133.0,0.0016046840072931,74.4000015258789,74.4000015258789,0,0,1,0,0,0,0,0,0,0,0,0,1,0,0,0,0,0,0,0,0
123.77055488203588,33.595391008689084,130.5,0.0012640627750696,74.4000015258789,74.4000015258789,0,1,1,0,0,0,0,0,0,0,0,0,1,0,0,0,0,0,0,0,0
74.05399322846317,33.595391008689084,129.5,0.001017255086954,74.4000015258789,74.4000015258789,0,1,1,0,0,0,0,0,0,0,0,0,1,0,0,0,0,0,0,0,0
123.77055488203588,33.595391008689084,130.5,0.0012640627750696,74.4000015258789,74.4000015258789,0,1,1,0,0,0,0,0,0,0,0,0,1,0,0,0,0,0,0,0,0
68.91810341324927,33.595391008689084,131.5,0.0013541028967055,74.4000015258789,74.4000015258789,0,0,1,0,0,0,0,0,0,0,0,0,1,0,0,0,0,0,0,0,0
63.59424159448812,33.595391008689084,131.5,0.0015968983222995,74.4000015258789,74.4000015258789,0,0,1,0,0,0,0,0,0,0,0,0,1,0,0,0,0,0,0,0,0
112.48023423996304,33.595391008689084,132.5,0.0019251453876206,74.4000015258789,74.4000015258789,0,1,1,0,0,0,0,0,0,0,0,0,1,0,0,0,0,0,0,0,0
135.9867363827547,33.595391008689084,132.0,0.002021071567804,74.4000015258789,74.4000015258789,0,1,1,0,0,0,0,0,0,0,0,0,1,0,0,0,0,0,0,0,0
80.34576517382341,33.595391008689084,132.0,0.0016083892923985,74.4000015258789,74.4000015258789,0,0,1,0,0,0,0,0,0,0,0,0,1,0,0,0,0,0,0,0,0
80.34576517382341,33.595391008689084,132.0,0.0016083892923985,74.4000015258789,74.4000015258789,0,0,1,0,0,0,0,0,0,0,0,0,1,0,0,0,0,0,0,0,0
68.91810341324927,33.595391008689084,131.5,0.0013541028967055,74.4000015258789,74.4000015258789,0,0,1,0,0,0,0,0,0,0,0,0,1,0,0,0,0,0,0,0,0
174.87461800389838,33.595391008689084,131.5,0.0012370204810947,74.4000015258789,74.4000015258789,0,0,1,0,0,0,0,0,0,0,0,0,1,0,0,0,0,0,0,0,0
174.87461800389838,33.595391008689084,131.5,0.0012370204810947,74.4000015258789,74.4000015258789,0,0,1,0,0,0,0,0,0,0,0,0,1,0,0,0,0,0,0,0,0
63.59424159448812,33.595391008689084,131.5,0.0015968983222995,74.4000015258789,74.4000015258789,0,0,1,0,0,0,0,0,0,0,0,0,1,0,0,0,0,0,0,0,0
21.406933248524204,33.595391008689084,132.0,0.0018595312380153,74.4000015258789,74.4000015258789,0,1,1,0,0,0,0,0,0,0,0,0,1,0,0,0,0,0,0,0,0
58.14545107430624,33.595391008689084,132.0,0.0018105797798078,74.4000015258789,74.4000015258789,0,1,1,0,0,0,0,0,0,0,0,0,1,0,0,0,0,0,0,0,0
40.80996426145153,33.595391008689084,132.0,0.0016923430463801,74.4000015258789,74.4000015258789,0,1,1,0,0,0,0,0,0,0,0,0,1,0,0,0,0,0,0,0,0
36.81001240807096,33.595391008689084,132.0,0.0016945699568407,74.4000015258789,74.4000015258789,0,1,1,0,0,0,0,0,0,0,0,0,1,0,0,0,0,0,0,0,0
69.5085231099708,33.595391008689084,130.5,0.0012430386488947,74.4000015258789,74.4000015258789,0,1,1,0,0,0,0,0,0,0,0,0,1,0,0,0,0,0,0,0,0
8.272092669855834,33.595391008689084,129.0,0.0009333162980711,74.4000015258789,74.4000015258789,0,1,1,0,0,0,0,0,0,0,0,0,1,0,0,0,0,0,0,0,0
173.75809674716717,33.595391008689084,131.5,0.0016327677509445,74.4000015258789,74.4000015258789,0,1,1,0,0,0,0,0,0,0,0,0,1,0,0,0,0,0,0,0,0
50.36257685662108,15.5531914893617,131.0,0.0057919565246686,74.4000015258789,74.4000015258789,0,0,0,1,0,1,0,0,0,0,0,0,0,0,0,0,0,0,0,0,0
65.35275389403976,50.0,131.0,0.0055193833978046,74.4000015258789,74.4000015258789,0,0,0,1,0,0,0,0,0,0,0,0,1,0,0,0,0,0,0,0,0
128.782409387752,50.0,130.0,0.0063949131849148,74.4000015258789,74.4000015258789,0,0,0,1,0,0,0,0,0,0,0,0,1,0,0,0,0,0,0,0,0
63.18970013876788,15.5531914893617,131.5,0.00564476107618,74.4000015258789,74.4000015258789,0,0,0,1,0,1,0,0,0,0,0,0,0,0,0,0,0,0,0,0,0
50.36257685662108,15.5531914893617,131.0,0.0057919565246686,74.4000015258789,74.4000015258789,0,0,0,1,0,1,0,0,0,0,0,0,0,0,0,0,0,0,0,0,0
68.55762836970464,15.5531914893617,131.0,0.0060649285050707,74.4000015258789,74.4000015258789,0,0,0,1,0,1,0,0,0,0,0,0,0,0,0,0,0,0,0,0,0
66.50650931566523,33.595391008689084,132.5,0.0072912911531629,74.4000015258789,74.4000015258789,0,0,0,1,0,0,0,0,0,0,0,0,1,0,0,0,0,0,0,0,0
122.42556784293556,33.595391008689084,132.5,0.0069520192677972,74.4000015258789,74.4000015258789,0,0,0,1,0,0,0,0,0,0,0,0,1,0,0,0,0,0,0,0,0
127.9169570612577,33.595391008689084,130.5,0.0069826437675258,74.4000015258789,74.4000015258789,0,0,0,1,0,0,0,0,0,0,0,0,1,0,0,0,0,0,0,0,0
255.03615175935028,33.595391008689084,132.5,0.0074744171518041,74.4000015258789,74.4000015258789,0,0,0,1,0,0,0,0,0,0,0,0,1,0,0,0,0,0,0,0,0
66.50650931566523,33.595391008689084,132.5,0.0072912911531629,74.4000015258789,74.4000015258789,0,0,0,1,0,0,0,0,0,0,0,0,1,0,0,0,0,0,0,0,0
73.22502199665925,33.595391008689084,131.0,0.0076119534370484,74.4000015258789,74.4000015258789,0,0,0,1,0,0,0,0,0,0,0,0,1,0,0,0,0,0,0,0,0
73.22502199665925,33.595391008689084,131.0,0.0076119534370484,74.4000015258789,74.4000015258789,0,0,0,1,0,0,0,0,0,0,0,0,1,0,0,0,0,0,0,0,0
69.3581536563838,33.595391008689084,132.0,0.0070465927018119,74.4000015258789,74.4000015258789,0,0,0,1,0,0,0,0,0,0,0,0,1,0,0,0,0,0,0,0,0
125.68466269588976,33.595391008689084,132.5,0.0063559829144126,74.4000015258789,74.4000015258789,0,0,1,0,0,0,0,0,0,0,0,0,1,0,0,0,0,0,0,0,0
126.35177976456744,33.595391008689084,132.5,0.0068264849723799,74.4000015258789,74.4000015258789,0,0,0,1,0,0,0,0,0,0,0,0,1,0,0,0,0,0,0,0,0
84.0491650916166,33.595391008689084,132.0,0.0057028662182365,74.4000015258789,74.4000015258789,0,0,0,1,0,0,0,0,0,0,0,0,1,0,0,0,0,0,0,0,0
228.5092612605858,33.595391008689084,132.5,0.0066646432084711,74.4000015258789,74.4000015258789,0,0,1,0,0,0,0,0,0,0,0,0,1,0,0,0,0,0,0,0,0
125.68466269588978,33.595391008689084,132.5,0.0063559829144126,74.4000015258789,74.4000015258789,0,0,1,0,0,0,0,0,0,0,0,0,1,0,0,0,0,0,0,0,0
57.65725885689826,33.595391008689084,132.5,0.0066521145942254,74.4000015258789,74.4000015258789,0,0,0,1,0,0,0,0,0,0,0,0,1,0,0,0,0,0,0,0,0
26.24235278654769,33.595391008689084,131.5,0.0062693678688585,74.4000015258789,74.4000015258789,0,0,0,1,0,0,0,0,0,0,0,0,1,0,0,0,0,0,0,0,0
211.3182041106237,33.595391008689084,131.0,0.0064078164109544,74.4000015258789,74.4000015258789,0,0,0,1,0,0,0,0,0,0,0,0,1,0,0,0,0,0,0,0,0
211.3182041106237,33.595391008689084,131.0,0.0064078164109544,74.4000015258789,74.4000015258789,0,0,0,1,0,0,0,0,0,0,0,0,1,0,0,0,0,0,0,0,0
139.3057352278003,33.595391008689084,130.5,0.0049910375763198,74.4000015258789,74.4000015258789,0,0,0,1,0,0,0,0,0,0,0,0,1,0,0,0,0,0,0,0,0
175.43694690171466,33.595391008689084,131.0,0.0057045724243221,74.4000015258789,74.4000015258789,0,0,0,1,0,0,0,0,0,0,0,0,1,0,0,0,0,0,0,0,0
47.42507914589399,33.595391008689084,131.0,0.0059332544918783,74.4000015258789,74.4000015258789,0,0,0,1,0,0,0,0,0,0,0,0,1,0,0,0,0,0,0,0,0
30.18656374771839,33.595391008689084,131.0,0.0055793239812573,74.4000015258789,74.4000015258789,0,0,0,1,0,0,0,0,0,0,0,0,1,0,0,0,0,0,0,0,0
175.43694690171466,33.595391008689084,131.0,0.0057045724243221,74.4000015258789,74.4000015258789,0,0,0,1,0,0,0,0,0,0,0,0,1,0,0,0,0,0,0,0,0
45.53115784395547,33.595391008689084,130.5,0.0052339188478787,74.4000015258789,74.4000015258789,0,0,0,1,0,0,0,0,0,0,0,0,1,0,0,0,0,0,0,0,0
85.19977410298512,33.595391008689084,130.0,0.0046383459616332,74.4000015258789,74.4000015258789,0,0,0,1,0,0,0,0,0,0,0,0,1,0,0,0,0,0,0,0,0
139.30573522780028,33.595391008689084,130.5,0.0049910375763198,74.4000015258789,74.4000015258789,0,0,0,1,0,0,0,0,0,0,0,0,1,0,0,0,0,0,0,0,0
30.18656374771839,33.595391008689084,131.0,0.0055793239812573,74.4000015258789,74.4000015258789,0,0,0,1,0,0,0,0,0,0,0,0,1,0,0,0,0,0,0,0,0
45.53115784395547,33.595391008689084,130.5,0.0052339188478787,74.4000015258789,74.4000015258789,0,0,0,1,0,0,0,0,0,0,0,0,1,0,0,0,0,0,0,0,0
173.37808490619548,33.595391008689084,131.0,0.0051959617279346,74.4000015258789,74.4000015258789,0,0,0,1,0,0,0,0,0,0,0,0,1,0,0,0,0,0,0,0,0
194.01792248450928,33.595391008689084,130.5,0.0046003888416892,74.4000015258789,74.4000015258789,0,0,0,1,0,0,0,0,0,0,0,0,1,0,0,0,0,0,0,0,0
76.22395754350093,33.595391008689084,131.0,0.00519096970312,74.4000015258789,74.4000015258789,0,0,0,1,0,0,0,0,0,0,0,0,1,0,0,0,0,0,0,0,0
173.37808490619548,33.595391008689084,131.0,0.0051959617279346,74.4000015258789,74.4000015258789,0,0,0,1,0,0,0,0,0,0,0,0,1,0,0,0,0,0,0,0,0
26.24235278654769,33.595391008689084,131.5,0.0062693678688585,74.4000015258789,74.4000015258789,0,0,0,1,0,0,0,0,0,0,0,0,1,0,0,0,0,0,0,0,0
47.42507914589399,33.595391008689084,131.0,0.0059332544918783,74.4000015258789,74.4000015258789,0,0,0,1,0,0,0,0,0,0,0,0,1,0,0,0,0,0,0,0,0
209.2695521031336,33.595391008689084,131.0,0.0057906215508369,74.4000015258789,74.4000015258789,0,0,0,1,0,0,0,0,0,0,0,0,1,0,0,0,0,0,0,0,0
84.0491650916166,33.595391008689084,132.0,0.0057028662182365,74.4000015258789,74.4000015258789,0,0,0,1,0,0,0,0,0,0,0,0,1,0,0,0,0,0,0,0,0
76.22395754350094,33.595391008689084,131.0,0.00519096970312,74.4000015258789,74.4000015258789,0,0,0,1,0,0,0,0,0,0,0,0,1,0,0,0,0,0,0,0,0
209.26955210313355,33.595391008689084,131.0,0.0057906215508369,74.4000015258789,74.4000015258789,0,0,0,1,0,0,0,0,0,0,0,0,1,0,0,0,0,0,0,0,0
17.18663110514594,33.595391008689084,133.0,0.0018955950180692,74.4000015258789,74.4000015258789,0,1,1,0,0,0,0,0,0,0,0,0,1,0,0,0,0,0,0,0,0
112.48023423996304,33.595391008689084,132.5,0.0019251453876206,74.4000015258789,74.4000015258789,0,1,1,0,0,0,0,0,0,0,0,0,1,0,0,0,0,0,0,0,0
100.3145638933136,33.595391008689084,132.0,0.0015696529830417,74.4000015258789,74.4000015258789,0,0,1,0,0,0,0,0,0,0,0,0,1,0,0,0,0,0,0,0,0
75.26528695483411,33.595391008689084,135.5,0.0157345197178315,94.10000610351562,94.10000610351562,0,0,0,1,0,0,0,0,0,0,0,0,1,0,0,0,0,0,0,0,0
75.26528695483411,33.595391008689084,135.5,0.0157345197178315,94.10000610351562,94.10000610351562,0,0,0,1,0,0,0,0,0,0,0,0,1,0,0,0,0,0,0,0,0
5.916601226671745,33.595391008689084,139.0,0.0161447568661791,94.10000610351562,94.10000610351562,0,0,0,1,0,0,0,0,0,0,0,0,1,0,0,0,0,0,0,0,0
22.15374907445949,33.595391008689084,138.0,0.0163056697402896,94.10000610351562,94.10000610351562,0,0,0,1,0,0,0,0,0,0,0,0,1,0,0,0,0,0,0,0,0
20.15428222765466,33.595391008689084,138.0,0.0164786790837946,94.10000610351562,94.10000610351562,0,0,0,1,0,0,0,0,0,0,0,0,1,0,0,0,0,0,0,0,0
279.4265063700871,33.595391008689084,141.0,0.0156521189608759,94.10000610351562,94.10000610351562,0,0,0,1,0,0,0,0,0,0,0,0,1,0,0,0,0,0,0,0,0
22.15374907445949,33.595391008689084,138.0,0.0163056697402896,94.10000610351562,94.10000610351562,0,0,0,1,0,0,0,0,0,0,0,0,1,0,0,0,0,0,0,0,0
11.9342523702531,33.595391008689084,133.0,0.0135696855915721,94.10000610351562,94.10000610351562,0,0,0,1,0,0,0,0,0,0,0,0,1,0,0,0,0,0,0,0,0
39.44216821911762,33.595391008689084,134.5,0.0136204374842441,94.10000610351562,94.10000610351562,0,0,0,1,0,0,0,0,0,0,0,0,1,0,0,0,0,0,0,0,0
50.52854985297614,33.595391008689084,134.0,0.0133353857822801,94.10000610351562,94.10000610351562,0,0,0,1,0,0,0,0,0,0,0,0,1,0,0,0,0,0,0,0,0
40.13058676694766,33.595391008689084,134.5,0.0130061853708604,94.10000610351562,94.10000610351562,0,0,0,1,0,0,0,0,0,0,0,0,1,0,0,0,0,0,0,0,0
109.5240240121896,33.595391008689084,135.0,0.0126117479967862,94.10000610351562,94.10000610351562,0,0,0,1,0,0,0,0,0,0,0,0,1,0,0,0,0,0,0,0,0
113.42447141363256,33.595391008689084,135.0,0.0123891573362172,94.10000610351562,94.10000610351562,0,0,0,1,0,0,0,0,0,0,0,0,1,0,0,0,0,0,0,0,0
50.52854985297614,33.595391008689084,134.0,0.0133353857822801,94.10000610351562,94.10000610351562,0,0,0,1,0,0,0,0,0,0,0,0,1,0,0,0,0,0,0,0,0
9.048783914039252,33.595391008689084,135.0,0.0131487251473463,94.10000610351562,94.10000610351562,0,0,0,1,0,0,0,0,0,0,0,0,1,0,0,0,0,0,0,0,0
98.7903161155998,33.595391008689084,133.5,0.0125607012299854,94.10000610351562,94.10000610351562,0,0,0,1,0,0,0,0,0,0,0,0,1,0,0,0,0,0,0,0,0
39.44216821911762,33.595391008689084,134.5,0.0136204374842441,94.10000610351562,94.10000610351562,0,0,0,1,0,0,0,0,0,0,0,0,1,0,0,0,0,0,0,0,0
11.9342523702531,33.595391008689084,133.0,0.0135696855915721,94.10000610351562,94.10000610351562,0,0,0,1,0,0,0,0,0,0,0,0,1,0,0,0,0,0,0,0,0
96.90889607748584,33.595391008689084,138.5,0.0142503290526211,94.10000610351562,94.10000610351562,0,0,0,1,0,0,0,0,0,0,0,0,1,0,0,0,0,0,0,0,0
72.49915370420766,33.595391008689084,134.0,0.0133830249566384,94.10000610351562,94.10000610351562,0,0,0,1,0,0,0,0,0,0,0,0,1,0,0,0,0,0,0,0,0
65.37364077372425,33.595391008689084,136.5,0.0121082040187907,94.10000610351562,94.10000610351562,0,0,0,1,0,0,0,0,0,0,0,0,1,0,0,0,0,0,0,0,0
36.74104144677612,33.595391008689084,136.0,0.0121087482926524,94.10000610351562,94.10000610351562,0,0,0,1,0,0,0,0,0,0,0,0,1,0,0,0,0,0,0,0,0
109.5240240121896,33.595391008689084,135.0,0.0126117479967862,94.10000610351562,94.10000610351562,0,0,0,1,0,0,0,0,0,0,0,0,1,0,0,0,0,0,0,0,0
65.37364077372425,33.595391008689084,136.5,0.0121082040187907,94.10000610351562,94.10000610351562,0,0,0,1,0,0,0,0,0,0,0,0,1,0,0,0,0,0,0,0,0
37.996201576989215,30.0,138.5,0.0121090732846595,94.10000610351562,94.10000610351562,0,0,0,1,0,0,0,0,0,0,0,0,1,0,0,0,0,0,0,0,0
102.91394037557072,30.0,135.5,0.0112834492003855,94.10000610351562,94.10000610351562,0,0,0,1,0,0,0,0,0,0,0,0,1,0,0,0,0,0,0,0,0
4.261196007958215,50.0,134.0,0.0090376605098267,94.10000610351562,94.10000610351562,0,0,0,1,0,0,0,0,0,0,0,0,0,0,0,0,1,0,0,0,0
291.955273342738,50.0,134.0,0.0079793528500124,94.10000610351562,94.10000610351562,0,0,0,1,0,0,0,0,0,0,0,0,0,0,0,0,1,0,0,0,0
136.38343695189025,30.0,134.0,0.0098521346402487,94.10000610351562,94.10000610351562,0,0,0,1,0,0,0,0,0,0,0,0,1,0,0,0,0,0,0,0,0
102.91394037557072,30.0,135.5,0.0112834492003855,94.10000610351562,94.10000610351562,0,0,0,1,0,0,0,0,0,0,0,0,1,0,0,0,0,0,0,0,0
61.71113780932348,33.595391008689084,134.0,0.0108928909691717,94.10000610351562,94.10000610351562,0,0,0,1,0,0,0,0,0,0,0,0,1,0,0,0,0,0,0,0,0
136.38343695189025,30.0,134.0,0.0098521346402487,94.10000610351562,94.10000610351562,0,0,0,1,0,0,0,0,0,0,0,0,1,0,0,0,0,0,0,0,0
75.37054117756013,30.0,143.0,0.0127843501518505,94.10000610351562,94.10000610351562,0,0,0,1,0,0,0,0,0,0,0,0,1,0,0,0,0,0,0,0,0
37.996201576989215,30.0,138.5,0.0121090732846595,94.10000610351562,94.10000610351562,0,0,0,1,0,0,0,0,0,0,0,0,1,0,0,0,0,0,0,0,0
159.2576010150917,33.595391008689084,141.0,0.0122003100515367,94.10000610351562,94.10000610351562,0,0,0,1,0,0,0,0,0,0,0,0,1,0,0,0,0,0,0,0,0
37.76672236765165,33.595391008689084,146.0,0.0133696573532592,94.10000610351562,94.10000610351562,0,0,0,1,0,0,0,0,0,0,0,0,1,0,0,0,0,0,0,0,0
111.93768228456072,33.595391008689084,150.0,0.0129130482732626,94.10000610351562,94.10000610351562,0,0,0,1,0,0,0,0,0,0,0,0,1,0,0,0,0,0,0,0,0
75.37054117756013,30.0,143.0,0.0127843501518505,94.10000610351562,94.10000610351562,0,0,0,1,0,0,0,0,0,0,0,0,1,0,0,0,0,0,0,0,0
4.518877981046608,33.595391008689084,132.0,0.0119137582536777,94.10000610351562,94.10000610351562,0,0,0,1,0,0,0,0,0,0,0,0,1,0,0,0,0,0,0,0,0
89.07384034723793,33.595391008689084,131.5,0.0122182849566478,94.10000610351562,94.10000610351562,0,0,0,1,0,0,0,0,0,0,0,0,1,0,0,0,0,0,0,0,0
98.7903161155998,33.595391008689084,133.5,0.0125607012299854,94.10000610351562,94.10000610351562,0,0,0,1,0,0,0,0,0,0,0,0,1,0,0,0,0,0,0,0,0
89.07384034723793,33.595391008689084,131.5,0.0122182849566478,94.10000610351562,94.10000610351562,0,0,0,1,0,0,0,0,0,0,0,0,1,0,0,0,0,0,0,0,0
192.44676220647597,50.0,133.5,0.0098223979289984,94.10000610351562,94.10000610351562,0,0,0,1,0,0,0,0,0,0,0,0,0,0,0,0,1,0,0,0,0
117.29500338299415,33.595391008689084,132.5,0.0112376327215685,94.10000610351562,94.10000610351562,0,0,0,1,0,0,0,0,0,0,0,0,1,0,0,0,0,0,0,0,0
80.18856457936565,50.0,133.0,0.0109970361092725,94.10000610351562,94.10000610351562,0,0,0,1,0,0,0,0,0,0,0,0,0,0,0,0,1,0,0,0,0
5.916601226671745,33.595391008689084,139.0,0.0161447568661791,94.10000610351562,94.10000610351562,0,0,0,1,0,0,0,0,0,0,0,0,1,0,0,0,0,0,0,0,0
281.501011121426,47.53488372093023,177.0,0.014414120563733,94.10000610351562,94.10000610351562,0,0,0,1,0,0,0,0,0,0,0,0,0,0,0,0,0,0,0,0,1
26.86407151667192,33.595391008689084,144.0,0.0148001954662596,94.10000610351562,94.10000610351562,0,0,0,1,0,0,0,0,0,0,0,0,1,0,0,0,0,0,0,0,0
279.4265063700871,33.595391008689084,141.0,0.0156521189608759,94.10000610351562,94.10000610351562,0,0,0,1,0,0,0,0,0,0,0,0,1,0,0,0,0,0,0,0,0
96.90889607748584,33.595391008689084,138.5,0.0142503290526211,94.10000610351562,94.10000610351562,0,0,0,1,0,0,0,0,0,0,0,0,1,0,0,0,0,0,0,0,0
383.2074646944503,30.0,135.0,0.0011510594341441,86.80000305175781,86.80000305175781,1,1,1,0,0,0,0,0,0,0,0,0,1,0,0,0,0,0,0,0,0
348.7411414375303,30.0,135.0,0.0011510594341441,86.80000305175781,86.80000305175781,0,0,1,0,0,0,0,0,0,0,1,0,0,0,0,0,0,0,0,0,0
71.28438911540061,30.0,137.0,0.0012543107581487,86.80000305175781,86.80000305175781,0,0,1,0,0,0,0,0,0,0,1,0,0,0,0,0,0,0,0,0,0
242.04654461333095,42.33796296296296,149.5,0.0061294270835163,74.4000015258789,74.4000015258789,0,0,1,0,0,0,0,0,0,0,0,0,0,0,0,0,1,0,0,0,0
95.9901684078739,50.0,146.5,0.0074805181654967,74.4000015258789,74.4000015258789,0,1,1,0,0,0,0,0,0,0,0,0,1,0,0,0,0,0,0,0,0
106.55094411782284,30.0,138.0,0.0071530165865024,74.4000015258789,74.4000015258789,0,0,0,1,0,0,0,0,0,0,0,0,1,0,0,0,0,0,0,0,0
244.51920103575443,30.0,137.5,0.0062945064654525,74.4000015258789,74.4000015258789,0,0,0,1,0,0,0,0,0,0,0,0,1,0,0,0,0,0,0,0,0
84.71644587792406,30.0,143.0,0.007278734878811,74.4000015258789,74.4000015258789,0,0,0,1,0,0,0,0,0,0,0,0,1,0,0,0,0,0,0,0,0
330.9276909507265,33.595391008689084,131.5,0.0045875615474217,94.10000610351562,94.10000610351562,0,0,1,0,0,0,0,0,0,0,0,0,1,0,0,0,0,0,0,0,0
22.352919842826694,50.0,145.5,0.0132659151283951,74.4000015258789,74.4000015258789,0,0,0,1,0,0,0,0,0,0,0,0,1,0,0,0,0,0,0,0,0
381.65417371524217,50.0,148.0,0.0119277095136816,74.4000015258789,74.4000015258789,0,0,0,1,0,0,0,0,0,0,0,0,1,0,0,0,0,0,0,0,0
72.14458555923659,50.0,148.5,0.0132715991134519,74.4000015258789,74.4000015258789,0,0,0,1,0,0,0,0,0,0,0,0,1,0,0,0,0,0,0,0,0
43.70039321208997,30.0,152.5,0.0139351947156897,74.4000015258789,74.4000015258789,0,0,0,1,0,0,0,0,0,0,0,0,1,0,0,0,0,0,0,0,0
6.773446783478458,30.0,149.0,0.0137765646355887,74.4000015258789,74.4000015258789,0,0,0,1,0,0,0,0,0,0,0,0,1,0,0,0,0,0,0,0,0
57.18520611039885,33.595391008689084,150.5,0.0135814451111415,74.4000015258789,74.4000015258789,0,0,0,1,0,0,0,0,0,0,0,0,1,0,0,0,0,0,0,0,0
28.756528229935256,50.0,152.0,0.0134018779493783,74.4000015258789,74.4000015258789,0,0,0,1,0,0,0,0,0,0,0,0,1,0,0,0,0,0,0,0,0
72.14458555923659,50.0,148.5,0.0132715991134519,74.4000015258789,74.4000015258789,0,0,0,1,0,0,0,0,0,0,0,0,1,0,0,0,0,0,0,0,0
57.18520611039885,33.595391008689084,150.5,0.0135814451111415,74.4000015258789,74.4000015258789,0,0,0,1,0,0,0,0,0,0,0,0,1,0,0,0,0,0,0,0,0
41.76764633921295,50.0,257.0,0.0346204217002007,78.69999694824219,78.69999694824219,0,0,0,1,0,0,0,0,0,0,0,0,0,0,1,0,0,0,0,0,0
929.0526182682514,60.0,223.5,0.0345800471807378,78.69999694824219,78.69999694824219,0,0,0,1,0,0,0,0,0,0,0,0,0,0,1,0,0,0,0,0,0
54.54262243987768,30.0,258.0,0.034737805268776,78.69999694824219,78.69999694824219,0,0,0,1,0,0,0,0,0,0,0,0,1,0,0,0,0,0,0,0,0
46.53984535386887,30.0,145.0,0.0028805011459443,74.4000015258789,74.4000015258789,0,0,0,1,0,0,0,0,0,0,0,0,1,0,0,0,0,0,0,0,0
428.86752599630415,30.0,157.5,0.0036517948935332,74.4000015258789,74.4000015258789,0,0,0,1,0,0,0,0,0,0,0,0,1,0,0,0,0,0,0,0,0
159.83396075238957,30.0,139.0,0.0031917910955103,74.4000015258789,74.4000015258789,0,0,0,1,0,0,0,0,0,0,0,0,1,0,0,0,0,0,0,0,0
396.4648485784615,50.0,134.0,0.0017849065699009,74.4000015258789,74.4000015258789,0,0,0,1,0,0,0,0,0,0,0,0,1,0,0,0,0,0,0,0,0
448.61119042280114,50.0,137.0,0.0053634897261523,74.4000015258789,74.4000015258789,0,0,0,1,0,0,0,0,0,0,0,0,1,0,0,0,0,0,0,0,0
159.83396075238957,30.0,139.0,0.0031917910955103,74.4000015258789,74.4000015258789,0,0,0,1,0,0,0,0,0,0,0,0,1,0,0,0,0,0,0,0,0
20.39855838220294,30.0,136.0,0.0110270091361836,78.69999694824219,78.69999694824219,0,0,0,1,0,0,0,0,0,0,0,0,0,0,1,0,0,0,0,0,0
84.080078999709,30.0,137.0,0.0110609232953482,78.69999694824219,78.69999694824219,0,0,0,1,0,0,0,0,0,0,0,0,0,0,1,0,0,0,0,0,0
176.63533868790577,50.0,144.0,0.0117456664077584,78.69999694824219,78.69999694824219,0,0,0,1,0,0,0,0,0,0,0,0,1,0,0,0,0,0,0,0,0
143.48572220348805,30.0,184.0,0.0058442832867961,74.4000015258789,74.4000015258789,0,0,0,1,0,0,0,0,0,0,0,0,1,0,0,0,0,0,0,0,0
71.94974934952155,30.0,184.0,0.0056397698940399,74.4000015258789,74.4000015258789,0,0,0,1,0,0,0,0,0,0,0,0,1,0,0,0,0,0,0,0,0
124.23174804353548,33.595391008689084,177.0,0.0052015436618813,74.4000015258789,74.4000015258789,0,0,0,1,0,0,0,0,0,0,0,0,1,0,0,0,0,0,0,0,0
119.9957983201323,30.0,189.5,0.0065930347291687,74.4000015258789,74.4000015258789,0,0,0,1,0,0,0,0,0,0,0,0,1,0,0,0,0,0,0,0,0
59.13148576399757,47.53488372093023,131.0,0.0075796103061694,74.4000015258789,74.4000015258789,0,0,1,0,0,0,0,0,0,0,0,0,0,0,0,0,0,0,1,0,0
435.0662046839614,50.0,130.0,0.0069257517535631,74.4000015258789,74.4000015258789,0,0,1,0,0,0,0,0,0,0,0,0,0,0,0,0,0,0,1,0,0
551.9461129152972,30.0,128.5,0.0046652321518461,74.4000015258789,74.4000015258789,0,0,1,0,0,0,0,0,0,0,0,0,1,0,0,0,0,0,0,0,0
1142.525305693773,50.0,128.0,0.0045212859728482,74.4000015258789,74.4000015258789,0,0,1,0,0,0,0,0,0,0,0,0,0,0,0,0,0,0,1,0,0
383.2596740558222,50.0,129.0,0.0087014835152998,74.4000015258789,74.4000015258789,0,0,1,0,0,0,0,0,0,0,0,0,0,0,0,0,0,0,1,0,0
658.6288087482144,50.0,129.0,0.0049881816650832,74.4000015258789,74.4000015258789,0,0,1,0,0,0,0,0,0,0,0,0,0,0,0,0,0,0,1,0,0
435.0662046839615,50.0,130.0,0.0069257517535631,74.4000015258789,74.4000015258789,0,0,1,0,0,0,0,0,0,0,0,0,0,0,0,0,0,0,1,0,0
428.8675259963042,30.0,157.5,0.0036517948935332,74.4000015258789,74.4000015258789,0,0,0,1,0,0,0,0,0,0,0,0,1,0,0,0,0,0,0,0,0
61.3210732474599,15.5531914893617,141.0,0.001715563680303,74.4000015258789,74.4000015258789,0,1,1,0,0,1,0,0,0,0,0,0,0,0,0,0,0,0,0,0,0
135.74336973853377,15.5531914893617,141.0,0.001715563680303,74.4000015258789,74.4000015258789,0,1,1,0,0,1,0,0,0,0,0,0,0,0,0,0,0,0,0,0,0
102.2547577766616,15.5531914893617,143.5,0.0014440126697487,74.4000015258789,74.4000015258789,0,0,0,1,0,1,0,0,0,0,0,0,0,0,0,0,0,0,0,0,0
68.42675754585781,15.5531914893617,139.5,0.0029803560357011,74.4000015258789,74.4000015258789,0,0,0,1,0,1,0,0,0,0,0,0,0,0,0,0,0,0,0,0,0
89.10397642181411,15.5531914893617,135.0,0.0022082729594947,74.4000015258789,74.4000015258789,0,1,1,0,0,1,0,0,0,0,0,0,0,0,0,0,0,0,0,0,0
68.42675754585782,15.5531914893617,139.5,0.0029803560357011,74.4000015258789,74.4000015258789,0,0,0,1,0,1,0,0,0,0,0,0,0,0,0,0,0,0,0,0,0
293.18791845811006,30.0,222.0,0.0050640532207719,74.4000015258789,74.4000015258789,0,0,0,1,0,0,0,0,0,0,0,0,1,0,0,0,0,0,0,0,0
190.7148552042996,30.0,236.0,0.0074750118136467,74.4000015258789,74.4000015258789,0,0,0,1,0,0,0,0,0,0,0,0,1,0,0,0,0,0,0,0,0
252.58688964097053,30.0,224.0,0.0057129284968545,74.4000015258789,74.4000015258789,0,0,0,1,0,0,0,0,0,0,0,0,1,0,0,0,0,0,0,0,0
293.18791845811,30.0,222.0,0.0050640532207719,74.4000015258789,74.4000015258789,0,0,0,1,0,0,0,0,0,0,0,0,1,0,0,0,0,0,0,0,0
153.1020121670877,30.0,228.5,0.0072876871465042,74.4000015258789,74.4000015258789,0,0,0,1,0,0,0,0,0,0,0,0,1,0,0,0,0,0,0,0,0
190.7148552042996,30.0,236.0,0.0074750118136467,74.4000015258789,74.4000015258789,0,0,0,1,0,0,0,0,0,0,0,0,1,0,0,0,0,0,0,0,0
153.1020121670877,30.0,228.5,0.0072876871465042,74.4000015258789,74.4000015258789,0,0,0,1,0,0,0,0,0,0,0,0,1,0,0,0,0,0,0,0,0
436.56580642012807,40.0,231.5,0.010159254207454,74.4000015258789,74.4000015258789,0,0,0,1,0,0,0,0,0,0,0,0,0,0,0,0,0,0,0,0,1
44.41613207259881,30.0,241.0,0.0157384432065725,74.4000015258789,74.4000015258789,0,0,0,1,0,0,0,0,0,0,0,0,1,0,0,0,0,0,0,0,0
100.7221798028232,30.0,243.0,0.0163855829045332,74.4000015258789,74.4000015258789,0,0,0,1,0,0,0,0,0,0,0,0,1,0,0,0,0,0,0,0,0
107.19314402091452,30.0,241.0,0.0156631394986287,74.4000015258789,74.4000015258789,0,0,0,1,0,0,0,0,0,0,0,0,1,0,0,0,0,0,0,0,0
175.95084163490387,30.0,239.0,0.0149027372275069,74.4000015258789,74.4000015258789,0,0,0,1,0,0,0,0,0,0,0,0,1,0,0,0,0,0,0,0,0
81.42233758215974,30.0,237.5,0.0146764067268949,74.4000015258789,74.4000015258789,0,0,0,1,0,0,0,0,0,0,0,0,1,0,0,0,0,0,0,0,0
212.514132776721,40.0,234.5,0.0132775791673325,74.4000015258789,74.4000015258789,0,0,0,1,0,0,0,0,0,0,0,0,0,0,0,0,0,0,0,0,1
175.95084163490384,30.0,239.0,0.0149027372275069,74.4000015258789,74.4000015258789,0,0,0,1,0,0,0,0,0,0,0,0,1,0,0,0,0,0,0,0,0
44.41613207259881,30.0,241.0,0.0157384432065725,74.4000015258789,74.4000015258789,0,0,0,1,0,0,0,0,0,0,0,0,1,0,0,0,0,0,0,0,0
97.91626972605049,30.0,239.5,0.01528609893774,74.4000015258789,74.4000015258789,0,0,0,1,0,0,0,0,0,0,0,0,1,0,0,0,0,0,0,0,0
76.48910404166386,30.0,243.5,0.0155735996681468,74.4000015258789,74.4000015258789,0,0,0,1,0,0,0,0,0,0,0,0,1,0,0,0,0,0,0,0,0
38.54374324012156,30.0,239.5,0.0152107952297962,74.4000015258789,74.4000015258789,0,0,0,1,0,0,0,0,0,0,0,0,1,0,0,0,0,0,0,0,0
107.19314402091454,30.0,241.0,0.0156631394986287,74.4000015258789,74.4000015258789,0,0,0,1,0,0,0,0,0,0,0,0,1,0,0,0,0,0,0,0,0
29.1251804299891,30.0,249.0,0.0154366864800018,74.4000015258789,74.4000015258789,0,0,0,1,0,0,0,0,0,0,0,0,1,0,0,0,0,0,0,0,0
58.59320376780097,30.0,247.0,0.0158678186201684,74.4000015258789,74.4000015258789,0,0,0,1,0,0,0,0,0,0,0,0,1,0,0,0,0,0,0,0,0
43.48084087475621,30.0,247.5,0.0156359858953334,74.4000015258789,74.4000015258789,0,0,0,1,0,0,0,0,0,0,0,0,1,0,0,0,0,0,0,0,0
54.91525643855786,30.0,246.5,0.0157106981539286,74.4000015258789,74.4000015258789,0,0,0,1,0,0,0,0,0,0,0,0,1,0,0,0,0,0,0,0,0
61.96344901271834,30.0,245.0,0.0164301945296901,74.4000015258789,74.4000015258789,0,0,0,1,0,0,0,0,0,0,0,0,1,0,0,0,0,0,0,0,0
44.88271485590858,30.0,245.0,0.016151361494303,74.4000015258789,74.4000015258789,0,0,0,1,0,0,0,0,0,0,0,0,1,0,0,0,0,0,0,0,0
58.59320376780097,30.0,247.0,0.0158678186201684,74.4000015258789,74.4000015258789,0,0,0,1,0,0,0,0,0,0,0,0,1,0,0,0,0,0,0,0,0
78.7307534760547,30.0,245.5,0.0160172100386642,74.4000015258789,74.4000015258789,0,0,0,1,0,0,0,0,0,0,0,0,1,0,0,0,0,0,0,0,0
44.88271485590859,30.0,245.0,0.016151361494303,74.4000015258789,74.4000015258789,0,0,0,1,0,0,0,0,0,0,0,0,1,0,0,0,0,0,0,0,0
87.60707508063106,30.0,251.0,0.0148338461683305,74.4000015258789,74.4000015258789,0,0,0,1,0,0,0,0,0,0,0,0,1,0,0,0,0,0,0,0,0
125.77264313692407,30.0,252.5,0.0156429624466932,74.4000015258789,74.4000015258789,0,0,0,1,0,0,0,0,0,0,0,0,1,0,0,0,0,0,0,0,0
77.2341534226807,30.0,250.5,0.0165294840154749,74.4000015258789,74.4000015258789,0,0,0,1,0,0,0,0,0,0,0,0,1,0,0,0,0,0,0,0,0
32.86858482724292,30.0,253.0,0.0163468696019363,74.4000015258789,74.4000015258789,0,0,0,1,0,0,0,0,0,0,0,0,1,0,0,0,0,0,0,0,0
25.939486555957277,30.0,250.0,0.0150711578495035,74.4000015258789,74.4000015258789,0,0,0,1,0,0,0,0,0,0,0,0,1,0,0,0,0,0,0,0,0
122.2825984961096,30.0,249.0,0.0158787890615474,74.4000015258789,74.4000015258789,0,0,0,1,0,0,0,0,0,0,0,0,1,0,0,0,0,0,0,0,0
73.58600645692808,30.0,249.0,0.0152421146004315,74.4000015258789,74.4000015258789,0,0,0,1,0,0,0,0,0,0,0,0,1,0,0,0,0,0,0,0,0
44.09332501513823,30.0,251.0,0.0149469122241568,74.4000015258789,74.4000015258789,0,0,0,1,0,0,0,0,0,0,0,0,1,0,0,0,0,0,0,0,0
125.77264313692406,30.0,252.5,0.0156429624466932,74.4000015258789,74.4000015258789,0,0,0,1,0,0,0,0,0,0,0,0,1,0,0,0,0,0,0,0,0
167.40632254087407,30.0,252.5,0.0154163407480033,74.4000015258789,74.4000015258789,0,0,0,1,0,0,0,0,0,0,0,0,1,0,0,0,0,0,0,0,0
122.2825984961096,30.0,249.0,0.0158787890615474,74.4000015258789,74.4000015258789,0,0,0,1,0,0,0,0,0,0,0,0,1,0,0,0,0,0,0,0,0
71.34033734537756,30.0,246.5,0.016723886919628,74.4000015258789,74.4000015258789,0,0,0,1,0,0,0,0,0,0,0,0,1,0,0,0,0,0,0,0,0
77.23415342268069,30.0,250.5,0.0165294840154749,74.4000015258789,74.4000015258789,0,0,0,1,0,0,0,0,0,0,0,0,1,0,0,0,0,0,0,0,0
61.96344901271834,30.0,245.0,0.0164301945296901,74.4000015258789,74.4000015258789,0,0,0,1,0,0,0,0,0,0,0,0,1,0,0,0,0,0,0,0,0
100.72217980282318,30.0,243.0,0.0163855829045332,74.4000015258789,74.4000015258789,0,0,0,1,0,0,0,0,0,0,0,0,1,0,0,0,0,0,0,0,0
71.34033734537758,30.0,246.5,0.016723886919628,74.4000015258789,74.4000015258789,0,0,0,1,0,0,0,0,0,0,0,0,1,0,0,0,0,0,0,0,0
44.09332501513823,30.0,251.0,0.0149469122241568,74.4000015258789,74.4000015258789,0,0,0,1,0,0,0,0,0,0,0,0,1,0,0,0,0,0,0,0,0
25.939486555957277,30.0,250.0,0.0150711578495035,74.4000015258789,74.4000015258789,0,0,0,1,0,0,0,0,0,0,0,0,1,0,0,0,0,0,0,0,0
87.60707508063108,30.0,251.0,0.0148338461683305,74.4000015258789,74.4000015258789,0,0,0,1,0,0,0,0,0,0,0,0,1,0,0,0,0,0,0,0,0
28.38499534479851,30.0,253.0,0.0161202479032464,74.4000015258789,74.4000015258789,0,0,0,1,0,0,0,0,0,0,0,0,1,0,0,0,0,0,0,0,0
46.78359078330397,30.0,253.0,0.0161202479032464,74.4000015258789,74.4000015258789,0,0,0,1,0,0,0,0,0,0,0,0,1,0,0,0,0,0,0,0,0
32.86858482724293,30.0,253.0,0.0163468696019363,74.4000015258789,74.4000015258789,0,0,0,1,0,0,0,0,0,0,0,0,1,0,0,0,0,0,0,0,0
28.38499534479852,30.0,253.0,0.0161202479032464,74.4000015258789,74.4000015258789,0,0,0,1,0,0,0,0,0,0,0,0,1,0,0,0,0,0,0,0,0
46.78359078330397,30.0,253.0,0.0161202479032464,74.4000015258789,74.4000015258789,0,0,0,1,0,0,0,0,0,0,0,0,1,0,0,0,0,0,0,0,0
167.4063225408741,30.0,252.5,0.0154163407480033,74.4000015258789,74.4000015258789,0,0,0,1,0,0,0,0,0,0,0,0,1,0,0,0,0,0,0,0,0
178.90104352347834,50.0,129.5,0.0093564642546634,74.4000015258789,74.4000015258789,0,0,1,0,0,0,0,0,0,0,0,0,0,0,0,0,0,0,1,0,0
221.77533457947453,50.0,130.0,0.0108766517888891,74.4000015258789,74.4000015258789,0,0,1,0,0,0,0,0,0,0,0,0,0,0,0,0,0,0,1,0,0
171.29755974543286,47.53488372093023,130.0,0.0102022373050596,74.4000015258789,74.4000015258789,0,0,1,0,0,0,0,0,0,0,0,0,0,0,0,0,0,0,1,0,0
453.19348932769634,47.53488372093023,130.0,0.0112053973686319,74.4000015258789,74.4000015258789,0,0,1,0,0,0,0,0,0,0,0,0,0,0,0,0,0,0,1,0,0
171.29755974543286,47.53488372093023,130.0,0.0102022373050596,74.4000015258789,74.4000015258789,0,0,1,0,0,0,0,0,0,0,0,0,0,0,0,0,0,0,1,0,0
138.14809491406487,47.53488372093023,129.5,0.0098527713826283,74.4000015258789,74.4000015258789,0,0,1,0,0,0,0,0,0,0,0,0,0,0,0,0,0,0,1,0,0
221.77533457947453,50.0,130.0,0.0108766517888891,74.4000015258789,74.4000015258789,0,0,1,0,0,0,0,0,0,0,0,0,0,0,0,0,0,0,1,0,0
38.79510633379818,50.0,129.5,0.0120741355170184,74.4000015258789,74.4000015258789,0,0,1,0,0,0,0,0,0,0,0,0,0,0,0,0,0,0,1,0,0
453.1934893276962,47.53488372093023,130.0,0.0112053973686319,74.4000015258789,74.4000015258789,0,0,1,0,0,0,0,0,0,0,0,0,0,0,0,0,0,0,1,0,0
138.14809491406487,47.53488372093023,129.5,0.0098527713826283,74.4000015258789,74.4000015258789,0,0,1,0,0,0,0,0,0,0,0,0,0,0,0,0,0,0,1,0,0
73.63735641800395,47.53488372093023,129.0,0.0090069983322321,74.4000015258789,74.4000015258789,0,0,1,0,0,0,0,0,0,0,0,0,0,0,0,0,0,0,1,0,0
77.50857268461104,47.53488372093023,129.5,0.0093929727927187,74.4000015258789,74.4000015258789,0,0,1,0,0,0,0,0,0,0,0,0,0,0,0,0,0,0,1,0,0
77.50857268461104,47.53488372093023,129.5,0.0093929727927187,74.4000015258789,74.4000015258789,0,0,1,0,0,0,0,0,0,0,0,0,0,0,0,0,0,0,1,0,0
48.57365507741177,50.0,143.0,0.0076738729086498,74.4000015258789,74.4000015258789,0,0,0,1,0,0,0,0,0,0,0,0,1,0,0,0,0,0,0,0,0
101.92138193073612,33.595391008689084,137.5,0.0078718477246548,74.4000015258789,74.4000015258789,0,0,0,1,0,0,0,0,0,0,0,0,1,0,0,0,0,0,0,0,0
119.53111327300984,50.0,143.5,0.008482274440562,74.4000015258789,74.4000015258789,0,0,0,1,0,0,0,0,0,0,0,0,1,0,0,0,0,0,0,0,0
137.59575160425803,33.595391008689084,135.5,0.0076385206252865,74.4000015258789,74.4000015258789,0,0,0,1,0,0,0,0,0,0,0,0,1,0,0,0,0,0,0,0,0
152.55679081083662,33.595391008689084,129.5,0.0084099468612684,74.4000015258789,74.4000015258789,0,0,0,1,0,0,0,0,0,0,0,0,1,0,0,0,0,0,0,0,0
101.92138193073612,33.595391008689084,137.5,0.0078718477246548,74.4000015258789,74.4000015258789,0,0,0,1,0,0,0,0,0,0,0,0,1,0,0,0,0,0,0,0,0
467.4390711607388,70.0,130.5,0.0106271328980516,74.4000015258789,74.4000015258789,1,0,1,0,0,0,0,0,0,0,1,0,0,0,0,0,0,0,0,0,0
109.46315943502086,70.0,130.0,0.0110998329058978,74.4000015258789,74.4000015258789,0,0,0,1,0,0,0,0,0,0,1,0,0,0,0,0,0,0,0,0,0
43.70039321208997,30.0,152.5,0.0139351947156897,74.4000015258789,74.4000015258789,0,0,0,1,0,0,0,0,0,0,0,0,1,0,0,0,0,0,0,0,0
973.829740922116,30.0,204.5,0.0154564048388481,74.4000015258789,74.4000015258789,0,0,0,1,0,0,0,0,0,0,0,0,1,0,0,0,0,0,0,0,0
59.75969415614898,33.595391008689084,157.5,0.0142806555996743,74.4000015258789,74.4000015258789,0,0,0,1,0,0,0,0,0,0,0,0,1,0,0,0,0,0,0,0,0
44.93354228925708,33.595391008689084,145.5,0.0146121433301318,74.4000015258789,74.4000015258789,0,0,0,1,0,0,0,0,0,0,0,0,1,0,0,0,0,0,0,0,0
185.26642308077533,50.0,141.0,0.0145887090532806,74.4000015258789,74.4000015258789,0,0,0,1,0,0,0,0,0,0,0,0,1,0,0,0,0,0,0,0,0
144.360844342053,50.0,144.5,0.0139289067391358,74.4000015258789,74.4000015258789,0,0,0,1,0,0,0,0,0,0,0,0,1,0,0,0,0,0,0,0,0
65.70688294986253,33.595391008689084,156.5,0.014731472849017,74.4000015258789,74.4000015258789,0,0,0,1,0,0,0,0,0,0,0,0,1,0,0,0,0,0,0,0,0
47.20378041460681,33.595391008689084,151.0,0.0148473675687434,74.4000015258789,74.4000015258789,0,0,0,1,0,0,0,0,0,0,0,0,1,0,0,0,0,0,0,0,0
174.28818492745015,33.595391008689084,154.0,0.0149576462299815,74.4000015258789,74.4000015258789,0,0,0,1,0,0,0,0,0,0,0,0,1,0,0,0,0,0,0,0,0
47.20378041460681,33.595391008689084,151.0,0.0148473675687434,74.4000015258789,74.4000015258789,0,0,0,1,0,0,0,0,0,0,0,0,1,0,0,0,0,0,0,0,0
44.93354228925708,33.595391008689084,145.5,0.0146121433301318,74.4000015258789,74.4000015258789,0,0,0,1,0,0,0,0,0,0,0,0,1,0,0,0,0,0,0,0,0
131.95908347812693,33.595391008689084,148.5,0.0142379202392997,74.4000015258789,74.4000015258789,0,0,0,1,0,0,0,0,0,0,0,0,1,0,0,0,0,0,0,0,0
6.773446783478458,30.0,149.0,0.0137765646355887,74.4000015258789,74.4000015258789,0,0,0,1,0,0,0,0,0,0,0,0,1,0,0,0,0,0,0,0,0
64.28773487088431,30.0,147.5,0.0135546836483036,74.4000015258789,74.4000015258789,0,0,0,1,0,0,0,0,0,0,0,0,1,0,0,0,0,0,0,0,0
131.95908347812693,33.595391008689084,148.5,0.0142379202392997,74.4000015258789,74.4000015258789,0,0,0,1,0,0,0,0,0,0,0,0,1,0,0,0,0,0,0,0,0
65.70688294986253,33.595391008689084,156.5,0.014731472849017,74.4000015258789,74.4000015258789,0,0,0,1,0,0,0,0,0,0,0,0,1,0,0,0,0,0,0,0,0
59.759694156148974,33.595391008689084,157.5,0.0142806555996743,74.4000015258789,74.4000015258789,0,0,0,1,0,0,0,0,0,0,0,0,1,0,0,0,0,0,0,0,0
212.90019097029577,33.595391008689084,163.0,0.0150794568895976,74.4000015258789,74.4000015258789,0,0,0,1,0,0,0,0,0,0,0,0,1,0,0,0,0,0,0,0,0
212.9001909702957,33.595391008689084,163.0,0.0150794568895976,74.4000015258789,74.4000015258789,0,0,0,1,0,0,0,0,0,0,0,0,1,0,0,0,0,0,0,0,0
174.28818492745015,33.595391008689084,154.0,0.0149576462299815,74.4000015258789,74.4000015258789,0,0,0,1,0,0,0,0,0,0,0,0,1,0,0,0,0,0,0,0,0
385.7565614154476,33.595391008689084,154.0,0.0130672284987594,74.4000015258789,74.4000015258789,0,0,0,1,0,0,0,0,0,0,0,0,1,0,0,0,0,0,0,0,0
13.063430418291482,50.0,138.0,0.0110514929348485,74.4000015258789,74.4000015258789,0,0,0,1,0,0,0,0,0,0,0,0,1,0,0,0,0,0,0,0,0
65.46521409860087,33.595391008689084,146.0,0.011153972489953,74.4000015258789,74.4000015258789,0,0,0,1,0,0,0,0,0,0,0,0,1,0,0,0,0,0,0,0,0
371.52636298268425,50.0,138.5,0.0128939416963722,74.4000015258789,74.4000015258789,0,0,0,1,0,0,0,0,0,0,0,0,1,0,0,0,0,0,0,0,0
265.5859301355565,33.595391008689084,156.0,0.0099226398085056,74.4000015258789,74.4000015258789,0,0,0,1,0,0,0,0,0,0,0,0,1,0,0,0,0,0,0,0,0
65.46521409860087,33.595391008689084,146.0,0.011153972489953,74.4000015258789,74.4000015258789,0,0,0,1,0,0,0,0,0,0,0,0,1,0,0,0,0,0,0,0,0
385.7565614154476,33.595391008689084,154.0,0.0130672284987594,74.4000015258789,74.4000015258789,0,0,0,1,0,0,0,0,0,0,0,0,1,0,0,0,0,0,0,0,0
265.5859301355565,33.595391008689084,156.0,0.0099226398085056,74.4000015258789,74.4000015258789,0,0,0,1,0,0,0,0,0,0,0,0,1,0,0,0,0,0,0,0,0
13.063430418291482,50.0,138.0,0.0110514929348485,74.4000015258789,74.4000015258789,0,0,0,1,0,0,0,0,0,0,0,0,1,0,0,0,0,0,0,0,0
97.31235605212817,33.595391008689084,135.0,0.0109437785933291,74.4000015258789,74.4000015258789,0,0,0,1,0,0,0,0,0,0,0,0,1,0,0,0,0,0,0,0,0
200.38821936767332,50.0,140.0,0.0100229680585739,74.4000015258789,74.4000015258789,0,0,0,1,0,0,0,0,0,0,0,0,1,0,0,0,0,0,0,0,0
59.65163042787752,33.595391008689084,137.0,0.0090545318912231,74.4000015258789,74.4000015258789,0,0,0,1,0,0,0,0,0,0,0,0,1,0,0,0,0,0,0,0,0
119.53111327300984,50.0,143.5,0.008482274440562,74.4000015258789,74.4000015258789,0,0,0,1,0,0,0,0,0,0,0,0,1,0,0,0,0,0,0,0,0
200.38821936767337,50.0,140.0,0.0100229680585739,74.4000015258789,74.4000015258789,0,0,0,1,0,0,0,0,0,0,0,0,1,0,0,0,0,0,0,0,0
8.568914178402427,50.0,130.0,0.0116384123576445,74.4000015258789,74.4000015258789,0,0,1,0,0,0,0,0,0,0,1,0,0,0,0,0,0,0,0,0,0
14.854829694402651,70.0,130.0,0.0096432487534944,74.4000015258789,74.4000015258789,0,0,1,0,0,0,0,0,0,0,1,0,0,0,0,0,0,0,0,0,0
454.0690219987712,70.0,129.5,0.0077554666345292,74.4000015258789,74.4000015258789,0,0,1,0,0,0,0,0,0,0,1,0,0,0,0,0,0,0,0,0,0
248.2067443267772,70.0,129.5,0.0106945287102096,74.4000015258789,74.4000015258789,0,0,1,0,0,0,0,0,0,0,0,1,0,0,0,0,0,0,0,0,0
134.6385447190905,15.5531914893617,188.5,0.011526625675106,94.10000610351562,94.10000610351562,0,0,0,1,0,1,0,0,0,0,0,0,0,0,0,0,0,0,0,0,0
140.89362146372713,30.0,155.0,0.0217525267545203,94.10000610351562,94.10000610351562,0,0,0,1,0,0,0,0,0,0,0,0,1,0,0,0,0,0,0,0,0
76.09072977814222,15.5531914893617,152.0,0.0204766756776344,94.10000610351562,94.10000610351562,0,0,0,1,0,1,0,0,0,0,0,0,0,0,0,0,0,0,0,0,0
16.775768534755336,30.0,134.0,0.0029647532778616,94.10000610351562,94.10000610351562,0,0,1,0,0,0,0,0,0,0,0,0,1,0,0,0,0,0,0,0,0
38.96834525244569,30.0,134.0,0.0027055042780267,94.10000610351562,94.10000610351562,0,0,1,0,0,0,0,0,0,0,0,0,1,0,0,0,0,0,0,0,0
119.42330063926092,30.0,133.5,0.0028461254702468,94.10000610351562,94.10000610351562,0,0,1,0,0,0,0,0,0,0,0,0,1,0,0,0,0,0,0,0,0
38.968345252445694,30.0,134.0,0.0027055042780267,94.10000610351562,94.10000610351562,0,0,1,0,0,0,0,0,0,0,0,0,1,0,0,0,0,0,0,0,0
119.42330063926092,30.0,133.5,0.0028461254702468,94.10000610351562,94.10000610351562,0,0,1,0,0,0,0,0,0,0,0,0,1,0,0,0,0,0,0,0,0
16.775768534755336,30.0,134.0,0.0029647532778616,94.10000610351562,94.10000610351562,0,0,1,0,0,0,0,0,0,0,0,0,1,0,0,0,0,0,0,0,0
22.104359191599816,30.0,134.0,0.0030416824372028,94.10000610351562,94.10000610351562,0,0,1,0,0,0,0,0,0,0,0,0,1,0,0,0,0,0,0,0,0
149.40188569875167,30.0,133.0,0.0030008942488924,94.10000610351562,94.10000610351562,0,0,1,0,0,0,0,0,0,0,0,0,1,0,0,0,0,0,0,0,0
340.15930284550603,30.0,134.5,0.0079748931348314,86.80000305175781,86.80000305175781,0,0,1,0,0,0,0,0,0,0,0,0,1,0,0,0,0,0,0,0,0
64.55495248716193,50.0,136.5,0.0098630245569437,86.80000305175781,86.80000305175781,0,0,0,1,0,0,0,0,0,0,0,0,1,0,0,0,0,0,0,0,0
16.250615546280645,30.0,153.5,0.0129511576799604,94.10000610351562,94.10000610351562,0,0,0,1,0,0,0,0,0,0,0,0,1,0,0,0,0,0,0,0,0
25.27497665086786,47.53488372093023,153.0,0.0129538206775703,94.10000610351562,94.10000610351562,0,0,0,1,0,0,0,0,0,0,0,0,0,0,0,0,0,0,1,0,0
53.8363100577792,30.0,155.5,0.013223719115873,94.10000610351562,94.10000610351562,0,0,0,1,0,0,0,0,0,0,0,0,1,0,0,0,0,0,0,0,0
31.162683317817585,30.0,164.5,0.0132042175559036,94.10000610351562,94.10000610351562,0,0,0,1,0,0,0,0,0,0,0,0,0,0,0,0,0,0,1,0,0
28.3875571402936,30.0,164.5,0.0131562752313073,94.10000610351562,94.10000610351562,0,0,0,1,0,0,0,0,0,0,0,0,1,0,0,0,0,0,0,0,0
4.162507230927719,30.0,162.0,0.0130709095765043,94.10000610351562,94.10000610351562,0,0,0,1,0,0,0,0,0,0,0,0,1,0,0,0,0,0,0,0,0
31.162683317817585,30.0,164.5,0.0132042175559036,94.10000610351562,94.10000610351562,0,0,0,1,0,0,0,0,0,0,0,0,0,0,0,0,0,0,1,0,0
60.79320597881497,30.0,159.0,0.0128913380158951,94.10000610351562,94.10000610351562,0,0,0,1,0,0,0,0,0,0,0,0,1,0,0,0,0,0,0,0,0
4.162507230927719,30.0,162.0,0.0130709095765043,94.10000610351562,94.10000610351562,0,0,0,1,0,0,0,0,0,0,0,0,1,0,0,0,0,0,0,0,0
283.6204798628521,30.0,162.5,0.0133718620965776,94.10000610351562,94.10000610351562,0,0,0,1,0,0,0,0,0,0,0,0,1,0,0,0,0,0,0,0,0
25.27497665086786,47.53488372093023,153.0,0.0129538206775703,94.10000610351562,94.10000610351562,0,0,0,1,0,0,0,0,0,0,0,0,0,0,0,0,0,0,1,0,0
12.655272763487734,30.0,144.5,0.0103111894373993,94.10000610351562,94.10000610351562,0,0,0,1,0,0,0,0,0,0,0,0,1,0,0,0,0,0,0,0,0
132.08733480820402,30.0,142.0,0.0097094522589544,94.10000610351562,94.10000610351562,0,0,0,1,0,0,0,0,0,0,0,0,1,0,0,0,0,0,0,0,0
245.9437955545341,30.0,145.0,0.0109326310345712,94.10000610351562,94.10000610351562,0,0,0,1,0,0,0,0,0,0,0,0,1,0,0,0,0,0,0,0,0
120.37402578040955,50.0,139.5,0.0101095116640781,94.10000610351562,94.10000610351562,0,0,0,1,0,0,0,0,0,0,0,0,0,0,0,0,1,0,0,0,0
315.58109183468014,30.0,140.0,0.0098790085880521,94.10000610351562,94.10000610351562,0,0,0,1,0,0,0,0,0,0,0,0,1,0,0,0,0,0,0,0,0
94.49293702756084,30.0,142.0,0.0111082316040239,94.10000610351562,94.10000610351562,0,0,0,1,0,0,0,0,0,0,0,0,0,0,0,0,1,0,0,0,0
16.250615546280645,30.0,153.5,0.0129511576799604,94.10000610351562,94.10000610351562,0,0,0,1,0,0,0,0,0,0,0,0,1,0,0,0,0,0,0,0,0
41.3719583403275,15.5531914893617,154.0,0.0129629462731923,94.10000610351562,94.10000610351562,0,0,0,1,0,1,0,0,0,0,0,0,0,0,0,0,0,0,0,0,0
20.06355871133686,30.0,154.0,0.0128030060566236,94.10000610351562,94.10000610351562,0,0,0,1,0,0,0,0,0,0,0,0,1,0,0,0,0,0,0,0,0
39.09019500287127,15.5531914893617,154.0,0.012775725897363,94.10000610351562,94.10000610351562,0,0,0,1,0,1,0,0,0,0,0,0,0,0,0,0,0,0,0,0,0
68.79961531603732,30.0,152.5,0.0124096716226346,94.10000610351562,94.10000610351562,0,0,0,1,0,0,0,0,0,0,0,0,1,0,0,0,0,0,0,0,0
20.06355871133686,30.0,154.0,0.0128030060566236,94.10000610351562,94.10000610351562,0,0,0,1,0,0,0,0,0,0,0,0,1,0,0,0,0,0,0,0,0
47.87945712619943,30.0,148.5,0.0119140999573189,94.10000610351562,94.10000610351562,0,0,0,1,0,0,0,0,0,0,0,0,1,0,0,0,0,0,0,0,0
83.28483737740639,30.0,152.5,0.0124702086143534,94.10000610351562,94.10000610351562,0,0,0,1,0,0,0,0,0,0,0,0,1,0,0,0,0,0,0,0,0
23.207476660058557,30.0,158.0,0.0148430130010119,78.69999694824219,78.69999694824219,0,0,0,1,0,0,0,0,0,0,0,0,1,0,0,0,0,0,0,0,0
225.10861430467992,30.0,130.0,0.0020787467291697,74.4000015258789,74.4000015258789,0,0,1,0,0,0,0,0,0,0,0,0,1,0,0,0,0,0,0,0,0
51.81855639161432,30.0,130.5,0.0021605259448395,74.4000015258789,74.4000015258789,0,0,1,0,0,0,0,0,0,0,0,0,1,0,0,0,0,0,0,0,0
25.50018738372399,30.0,130.0,0.0018066932350291,74.4000015258789,74.4000015258789,0,0,1,0,0,0,0,0,0,0,0,0,1,0,0,0,0,0,0,0,0
225.1086143046799,30.0,130.0,0.0020787467291697,74.4000015258789,74.4000015258789,0,0,1,0,0,0,0,0,0,0,0,0,1,0,0,0,0,0,0,0,0
80.18856457936565,50.0,133.0,0.0109970361092725,94.10000610351562,94.10000610351562,0,0,0,1,0,0,0,0,0,0,0,0,0,0,0,0,1,0,0,0,0
56.27624037632147,50.0,132.5,0.0116808915985338,94.10000610351562,94.10000610351562,0,0,0,1,0,0,0,0,0,0,0,0,0,0,0,0,1,0,0,0,0
49.00868836046299,33.595391008689084,132.5,0.0116879492096928,94.10000610351562,94.10000610351562,0,0,0,1,0,0,0,0,0,0,0,0,1,0,0,0,0,0,0,0,0
11.076768637677889,15.5531914893617,267.0,0.0204328253614107,78.69999694824219,78.69999694824219,0,0,0,1,0,1,0,0,0,0,0,0,0,0,0,0,0,0,0,0,0
46.033626349493,15.5531914893617,267.0,0.0206056590519063,78.69999694824219,78.69999694824219,0,0,0,1,0,1,0,0,0,0,0,0,0,0,0,0,0,0,0,0,0
17.823055226772393,15.5531914893617,267.0,0.0203931794140794,78.69999694824219,78.69999694824219,0,0,0,1,0,1,0,0,0,0,0,0,0,0,0,0,0,0,0,0,0
98.95416191372794,30.0,260.5,0.0190733252490531,78.69999694824219,78.69999694824219,0,0,0,1,0,0,0,0,0,0,0,0,1,0,0,0,0,0,0,0,0
121.51117305598846,40.0,259.5,0.0187355034430755,78.69999694824219,78.69999694824219,0,0,0,1,0,0,0,0,0,0,0,0,1,0,0,0,0,0,0,0,0
10.654419490757563,15.5531914893617,134.0,0.0099566983160691,74.4000015258789,74.4000015258789,0,0,0,1,0,1,0,0,0,0,0,0,0,0,0,0,0,0,0,0,0
59.20159914446647,15.5531914893617,135.0,0.0096819386924806,74.4000015258789,74.4000015258789,0,0,0,1,0,1,0,0,0,0,0,0,0,0,0,0,0,0,0,0,0
81.98282654487036,15.5531914893617,134.0,0.0096476746509392,74.4000015258789,74.4000015258789,0,0,0,1,0,1,0,0,0,0,0,0,0,0,0,0,0,0,0,0,0
118.7593143437887,15.5531914893617,139.0,0.0126187252709163,74.4000015258789,74.4000015258789,0,0,0,1,0,1,0,0,0,0,0,0,0,0,0,0,0,0,0,0,0
74.8191360642953,30.0,137.0,0.0124601938781196,74.4000015258789,74.4000015258789,0,0,0,1,0,0,0,0,0,0,0,0,1,0,0,0,0,0,0,0,0
251.11028388339423,30.0,155.0,0.0062734492149689,94.10000610351562,94.10000610351562,0,0,0,1,0,0,0,0,0,0,0,0,1,0,0,0,0,0,0,0,0
199.7040185356887,30.0,143.0,0.0082493488982281,94.10000610351562,94.10000610351562,0,0,0,1,0,0,0,0,0,0,0,0,1,0,0,0,0,0,0,0,0
9.678896249866286,30.0,139.0,0.0093873995565301,94.10000610351562,94.10000610351562,0,0,0,1,0,0,0,0,0,0,0,0,1,0,0,0,0,0,0,0,0
259.3487707857901,30.0,143.5,0.0102898286225214,94.10000610351562,94.10000610351562,0,0,0,1,0,0,0,0,0,0,0,0,1,0,0,0,0,0,0,0,0
121.11879836034942,15.5531914893617,140.0,0.0091522219887982,94.10000610351562,94.10000610351562,0,0,0,1,0,1,0,0,0,0,0,0,0,0,0,0,0,0,0,0,0
146.96423072969853,30.0,144.5,0.0115984144976514,94.10000610351562,94.10000610351562,0,0,0,1,0,0,0,0,0,0,0,0,1,0,0,0,0,0,0,0,0
259.3487707857901,30.0,143.5,0.0102898286225214,94.10000610351562,94.10000610351562,0,0,0,1,0,0,0,0,0,0,0,0,1,0,0,0,0,0,0,0,0
318.9054136298846,30.0,140.5,0.0090327760565636,94.10000610351562,94.10000610351562,0,0,0,1,0,0,0,0,0,0,0,0,1,0,0,0,0,0,0,0,0
9.678896249866286,30.0,139.0,0.0093873995565301,94.10000610351562,94.10000610351562,0,0,0,1,0,0,0,0,0,0,0,0,1,0,0,0,0,0,0,0,0
109.65577491373575,30.0,135.5,0.0086107686128562,94.10000610351562,94.10000610351562,0,0,0,1,0,0,0,0,0,0,0,0,1,0,0,0,0,0,0,0,0
124.31269109574268,33.595391008689084,138.5,0.0096810688454768,94.10000610351562,94.10000610351562,0,0,0,1,0,0,0,0,0,0,0,0,1,0,0,0,0,0,0,0,0
121.11879836034942,15.5531914893617,140.0,0.0091522219887982,94.10000610351562,94.10000610351562,0,0,0,1,0,1,0,0,0,0,0,0,0,0,0,0,0,0,0,0,0
77.70475932337155,15.5531914893617,139.5,0.0084864011657811,94.10000610351562,94.10000610351562,0,0,0,1,0,1,0,0,0,0,0,0,0,0,0,0,0,0,0,0,0
218.53615965018065,33.595391008689084,256.5,0.0335283829725555,78.69999694824219,78.69999694824219,0,0,0,1,0,0,0,0,0,0,0,0,1,0,0,0,0,0,0,0,0
47.511772260040814,30.0,257.0,0.0342188174251303,78.69999694824219,78.69999694824219,0,0,0,1,0,0,0,0,0,0,0,0,1,0,0,0,0,0,0,0,0
736.6428861299556,50.0,264.0,0.0340405172436522,78.69999694824219,78.69999694824219,0,0,0,1,0,0,0,0,0,0,0,0,0,0,1,0,0,0,0,0,0
34.72776777529072,50.0,257.0,0.0343248962437228,78.69999694824219,78.69999694824219,0,0,0,1,0,0,0,0,0,0,0,0,0,0,1,0,0,0,0,0,0
92.27131632850796,30.0,170.0,0.0084757628181656,94.10000610351562,94.10000610351562,0,0,0,1,0,0,0,0,0,0,0,0,0,0,0,0,1,0,0,0,0
26.79159862437552,15.5531914893617,172.0,0.0090914571880791,94.10000610351562,94.10000610351562,0,0,0,1,0,1,0,0,0,0,0,0,0,0,0,0,0,0,0,0,0
103.96891927620707,40.0,174.0,0.009717317531348,94.10000610351562,94.10000610351562,0,0,0,1,0,0,0,0,0,0,0,0,0,0,0,0,1,0,0,0,0
95.99016840787392,50.0,146.5,0.0074805181654967,74.4000015258789,74.4000015258789,0,1,1,0,0,0,0,0,0,0,0,0,1,0,0,0,0,0,0,0,0
142.8390554884527,30.0,157.5,0.0273872356426472,78.69999694824219,78.69999694824219,0,0,0,1,0,0,0,0,0,0,0,0,1,0,0,0,0,0,0,0,0
53.355887029733054,50.0,129.0,0.006079604061157,74.4000015258789,74.4000015258789,0,0,1,0,0,0,0,0,0,0,0,0,0,0,0,0,0,0,1,0,0
65.80271572027205,50.0,135.0,0.0034170727506181,94.10000610351562,94.10000610351562,0,0,0,1,0,0,0,0,0,0,1,0,0,0,0,0,0,0,0,0,0
43.48084087475621,30.0,247.5,0.0156359858953334,74.4000015258789,74.4000015258789,0,0,0,1,0,0,0,0,0,0,0,0,1,0,0,0,0,0,0,0,0
76.48910404166388,30.0,243.5,0.0155735996681468,74.4000015258789,74.4000015258789,0,0,0,1,0,0,0,0,0,0,0,0,1,0,0,0,0,0,0,0,0
78.7307534760547,30.0,245.5,0.0160172100386642,74.4000015258789,74.4000015258789,0,0,0,1,0,0,0,0,0,0,0,0,1,0,0,0,0,0,0,0,0
380.17222472654754,33.595391008689084,253.5,0.0144176685862388,74.4000015258789,74.4000015258789,0,0,0,1,0,0,0,0,0,0,0,0,1,0,0,0,0,0,0,0,0
10.03108814944362,30.0,248.5,0.0153772472829582,74.4000015258789,74.4000015258789,0,0,0,1,0,0,0,0,0,0,0,0,1,0,0,0,0,0,0,0,0
29.1251804299891,30.0,249.0,0.0154366864800018,74.4000015258789,74.4000015258789,0,0,0,1,0,0,0,0,0,0,0,0,1,0,0,0,0,0,0,0,0
380.1722247265475,33.595391008689084,253.5,0.0144176685862388,74.4000015258789,74.4000015258789,0,0,0,1,0,0,0,0,0,0,0,0,1,0,0,0,0,0,0,0,0
77.95272354296833,30.0,149.5,0.005538273463699,74.4000015258789,74.4000015258789,0,0,0,1,0,0,0,0,0,0,0,0,1,0,0,0,0,0,0,0,0
238.26644142503244,50.0,152.0,0.0058962097050749,74.4000015258789,74.4000015258789,0,0,0,1,0,0,0,0,0,0,0,0,0,0,1,0,0,0,0,0,0
178.73654545511272,50.0,143.0,0.0064019109614534,74.4000015258789,74.4000015258789,0,0,0,1,0,0,0,0,0,0,0,0,0,0,1,0,0,0,0,0,0
120.11840145942816,30.0,141.5,0.0053332149762901,74.4000015258789,74.4000015258789,0,0,0,1,0,0,0,0,0,0,0,0,1,0,0,0,0,0,0,0,0
90.83141463418596,30.0,134.5,0.0058879852035236,74.4000015258789,74.4000015258789,0,0,0,1,0,0,0,0,0,0,0,0,1,0,0,0,0,0,0,0,0
167.48926089161483,30.0,135.5,0.0045716811673618,74.4000015258789,74.4000015258789,0,0,1,0,0,0,0,0,0,0,0,0,1,0,0,0,0,0,0,0,0
98.662354473815,30.0,133.0,0.0034825349298879,74.4000015258789,74.4000015258789,0,0,1,0,0,0,0,0,0,0,0,0,1,0,0,0,0,0,0,0,0
167.48926089161483,30.0,135.5,0.0045716811673618,74.4000015258789,74.4000015258789,0,0,1,0,0,0,0,0,0,0,0,0,1,0,0,0,0,0,0,0,0
218.83125014848127,30.0,141.0,0.0042657218663299,74.4000015258789,74.4000015258789,0,0,0,1,0,0,0,0,0,0,0,0,1,0,0,0,0,0,0,0,0
364.47054836756286,33.595391008689084,182.0,0.0090439925807072,74.4000015258789,74.4000015258789,0,0,0,1,0,0,0,0,0,0,0,0,1,0,0,0,0,0,0,0,0
199.74125867360743,33.595391008689084,133.0,0.0058813496426037,94.10000610351562,94.10000610351562,0,0,1,0,0,0,0,0,0,0,0,0,1,0,0,0,0,0,0,0,0
346.5082446257913,33.595391008689084,132.5,0.0062198255952161,94.10000610351562,94.10000610351562,0,0,1,0,0,0,0,0,0,0,0,0,1,0,0,0,0,0,0,0,0
115.40119804251704,33.595391008689084,132.5,0.0065007674406897,94.10000610351562,94.10000610351562,0,0,1,0,0,0,0,0,0,0,0,0,1,0,0,0,0,0,0,0,0
199.74125867360743,33.595391008689084,133.0,0.0058813496426037,94.10000610351562,94.10000610351562,0,0,1,0,0,0,0,0,0,0,0,0,1,0,0,0,0,0,0,0,0
151.5758581569134,33.595391008689084,134.0,0.0097462563610558,94.10000610351562,94.10000610351562,0,0,1,0,0,0,0,0,0,0,0,0,1,0,0,0,0,0,0,0,0
300.5749555340994,50.0,134.0,0.0099464383386394,94.10000610351562,94.10000610351562,0,0,1,0,0,0,0,0,0,0,0,0,0,0,0,0,0,0,1,0,0
514.7125452789347,50.0,133.5,0.0109506200629845,94.10000610351562,94.10000610351562,0,0,1,0,0,0,0,0,0,0,0,0,0,0,0,0,0,0,1,0,0
151.5758581569134,33.595391008689084,134.0,0.0097462563610558,94.10000610351562,94.10000610351562,0,0,1,0,0,0,0,0,0,0,0,0,1,0,0,0,0,0,0,0,0
63.65585890266657,33.595391008689084,132.5,0.0051573896346093,74.4000015258789,74.4000015258789,0,0,1,0,0,0,0,0,0,0,0,0,1,0,0,0,0,0,0,0,0
203.63633471864824,30.0,133.5,0.0045183890203362,74.4000015258789,74.4000015258789,0,0,1,0,0,0,0,0,0,0,0,0,1,0,0,0,0,0,0,0,0
38.13244228194019,33.595391008689084,142.0,0.0068383143620585,94.10000610351562,94.10000610351562,0,0,0,1,0,0,0,0,0,0,0,0,1,0,0,0,0,0,0,0,0
16.305600544166424,30.0,140.0,0.0065573581483196,94.10000610351562,94.10000610351562,0,0,0,1,0,0,0,0,0,0,0,0,1,0,0,0,0,0,0,0,0
47.14646714400189,30.0,140.5,0.0067216998549822,94.10000610351562,94.10000610351562,0,0,0,1,0,0,0,0,0,0,0,0,1,0,0,0,0,0,0,0,0
38.13244228194019,33.595391008689084,142.0,0.0068383143620585,94.10000610351562,94.10000610351562,0,0,0,1,0,0,0,0,0,0,0,0,1,0,0,0,0,0,0,0,0
42.7151560461632,50.0,131.0,0.0018461090122456,74.4000015258789,74.4000015258789,0,0,1,0,0,0,0,0,0,0,0,0,0,0,0,0,0,0,1,0,0
22.551202686087255,50.0,130.5,0.001847072716947,74.4000015258789,74.4000015258789,0,0,1,0,0,0,0,0,0,0,0,0,0,0,0,0,0,0,1,0,0
169.43249072493813,50.0,131.0,0.0017503588042463,74.4000015258789,74.4000015258789,0,0,1,0,0,0,0,0,0,0,1,0,0,0,0,0,0,0,0,0,0
205.24869963914563,33.595391008689084,130.0,0.0005748303555172,74.4000015258789,74.4000015258789,0,1,1,0,0,0,0,0,0,0,0,0,0,1,0,0,0,0,0,0,0
38.11261352963622,15.5531914893617,132.0,0.0008672301398284,74.4000015258789,74.4000015258789,0,1,1,0,0,1,0,0,0,0,0,0,0,0,0,0,0,0,0,0,0
75.90595395399166,15.5531914893617,131.5,0.0007675532300094,74.4000015258789,74.4000015258789,0,1,1,0,0,1,0,0,0,0,0,0,0,0,0,0,0,0,0,0,0
205.24869963914563,15.5531914893617,130.0,0.0005748303555172,74.4000015258789,74.4000015258789,0,1,1,0,0,0,1,0,0,0,0,0,0,0,0,0,0,0,0,0,0
75.90595395399166,15.5531914893617,131.5,0.0007675532300094,74.4000015258789,74.4000015258789,0,1,1,0,0,1,0,0,0,0,0,0,0,0,0,0,0,0,0,0,0
11.977808965017918,30.0,132.0,0.0009391907696005,74.4000015258789,74.4000015258789,0,1,1,0,0,0,0,0,0,0,0,0,0,0,1,0,0,0,0,0,0
184.9590940386649,30.0,132.0,0.0009109493782667,74.4000015258789,74.4000015258789,1,1,1,0,0,0,0,0,0,0,0,0,0,0,1,0,0,0,0,0,0
12.740555469578307,50.0,131.0,0.001783138066273,74.4000015258789,74.4000015258789,0,0,1,0,0,0,0,0,0,0,0,0,1,0,0,0,0,0,0,0,0
351.2454262978643,50.0,130.0,0.00179519946069,74.4000015258789,74.4000015258789,0,0,1,0,0,0,0,0,0,0,1,0,0,0,0,0,0,0,0,0,0
355.29514757835994,30.0,131.5,0.0033426577825891,74.4000015258789,74.4000015258789,0,0,1,0,0,0,0,0,0,0,0,0,1,0,0,0,0,0,0,0,0
12.740555469578307,50.0,131.0,0.001783138066273,74.4000015258789,74.4000015258789,0,0,1,0,0,0,0,0,0,0,0,0,1,0,0,0,0,0,0,0,0
39.87590005488201,50.0,131.0,0.001731394163527,74.4000015258789,74.4000015258789,0,0,1,0,0,0,0,0,0,0,1,0,0,0,0,0,0,0,0,0,0
84.66811886978753,40.0,144.5,0.0144211047420551,78.69999694824219,78.69999694824219,0,0,0,1,0,0,0,0,0,0,0,0,1,0,0,0,0,0,0,0,0
388.7471430271634,30.0,233.5,0.031371695044875,78.69999694824219,78.69999694824219,0,0,0,1,0,0,0,0,0,0,0,0,1,0,0,0,0,0,0,0,0
461.6982743734228,30.0,218.5,0.031826721897271,78.69999694824219,78.69999694824219,0,0,0,1,0,0,0,0,0,0,0,0,1,0,0,0,0,0,0,0,0
388.7471430271634,30.0,233.5,0.031371695044875,78.69999694824219,78.69999694824219,0,0,0,1,0,0,0,0,0,0,0,0,1,0,0,0,0,0,0,0,0
399.880450891364,30.0,242.0,0.0293662995937364,78.69999694824219,78.69999694824219,0,0,0,1,0,0,0,0,0,0,0,0,1,0,0,0,0,0,0,0,0
105.39663199121556,30.0,132.5,0.0107684040356878,74.4000015258789,74.4000015258789,0,0,0,1,0,0,0,0,0,0,0,0,1,0,0,0,0,0,0,0,0
20.401088561052852,50.0,132.0,0.0111363354885344,74.4000015258789,74.4000015258789,0,0,0,1,0,0,0,0,0,0,0,0,0,0,1,0,0,0,0,0,0
162.6758736205483,50.0,132.5,0.0116484161984295,74.4000015258789,74.4000015258789,0,0,0,1,0,0,0,0,0,0,0,0,0,0,1,0,0,0,0,0,0
16.06298790877681,50.0,132.0,0.0112451523011995,74.4000015258789,74.4000015258789,0,0,0,1,0,0,0,0,0,0,0,0,1,0,0,0,0,0,0,0,0
67.76337414896591,33.595391008689084,272.5,0.0409341531693436,78.69999694824219,78.69999694824219,0,0,0,1,0,0,0,0,0,0,0,0,1,0,0,0,0,0,0,0,0
109.81661181631016,15.5531914893617,273.5,0.0404934713352052,78.69999694824219,78.69999694824219,0,0,0,1,0,1,0,0,0,0,0,0,0,0,0,0,0,0,0,0,0
76.02590597561567,15.5531914893617,273.0,0.0402030424671564,78.69999694824219,78.69999694824219,0,0,0,1,0,1,0,0,0,0,0,0,0,0,0,0,0,0,0,0,0
65.75936724384955,15.5531914893617,274.5,0.0398227994284096,78.69999694824219,78.69999694824219,0,0,0,1,0,1,0,0,0,0,0,0,0,0,0,0,0,0,0,0,0
55.28130902783486,15.5531914893617,272.0,0.0402951945324832,78.69999694824219,78.69999694824219,0,0,0,1,0,1,0,0,0,0,0,0,0,0,0,0,0,0,0,0,0
55.28130902783486,15.5531914893617,272.0,0.0402951945324832,78.69999694824219,78.69999694824219,0,0,0,1,0,1,0,0,0,0,0,0,0,0,0,0,0,0,0,0,0
76.02590597561567,15.5531914893617,273.0,0.0402030424671564,78.69999694824219,78.69999694824219,0,0,0,1,0,1,0,0,0,0,0,0,0,0,0,0,0,0,0,0,0
119.8835542398776,50.0,259.5,0.0259305153214318,78.69999694824219,78.69999694824219,0,0,0,1,0,0,0,0,0,0,0,0,1,0,0,0,0,0,0,0,0
314.1244571058077,50.0,259.5,0.0264467357096651,78.69999694824219,78.69999694824219,0,0,0,1,0,0,0,0,0,0,0,0,1,0,0,0,0,0,0,0,0
105.57083756139563,33.595391008689084,259.5,0.0256929968314199,78.69999694824219,78.69999694824219,0,0,0,1,0,0,0,0,0,0,0,0,1,0,0,0,0,0,0,0,0
44.51820906253079,15.5531914893617,275.5,0.0395953098566311,78.69999694824219,78.69999694824219,0,0,0,1,0,1,0,0,0,0,0,0,0,0,0,0,0,0,0,0,0
57.729068013827735,33.595391008689084,275.5,0.0400159558161306,78.69999694824219,78.69999694824219,0,0,0,1,0,0,0,0,0,0,0,0,1,0,0,0,0,0,0,0,0
13.611196455387796,15.5531914893617,275.5,0.0394982728524092,78.69999694824219,78.69999694824219,0,0,0,1,0,1,0,0,0,0,0,0,0,0,0,0,0,0,0,0,0
28.28940713622154,15.5531914893617,276.0,0.0393111300503899,78.69999694824219,78.69999694824219,0,0,0,1,0,1,0,0,0,0,0,0,0,0,0,0,0,0,0,0,0
24.9742960744588,15.5531914893617,275.5,0.0394859668983542,78.69999694824219,78.69999694824219,0,0,0,1,0,1,0,0,0,0,0,0,0,0,0,0,0,0,0,0,0
13.611196455387796,15.5531914893617,275.5,0.0394982728524092,78.69999694824219,78.69999694824219,0,0,0,1,0,1,0,0,0,0,0,0,0,0,0,0,0,0,0,0,0
44.51820906253079,15.5531914893617,275.5,0.0395953098566311,78.69999694824219,78.69999694824219,0,0,0,1,0,1,0,0,0,0,0,0,0,0,0,0,0,0,0,0,0
17.533460890609096,15.5531914893617,275.0,0.0395470144090444,78.69999694824219,78.69999694824219,0,0,0,1,0,1,0,0,0,0,0,0,0,0,0,0,0,0,0,0,0
28.28940713622154,15.5531914893617,276.0,0.0393111300503899,78.69999694824219,78.69999694824219,0,0,0,1,0,1,0,0,0,0,0,0,0,0,0,0,0,0,0,0,0
88.08420975517913,30.0,198.0,0.0360473978302114,78.69999694824219,78.69999694824219,0,0,0,1,0,0,0,0,0,0,0,0,1,0,0,0,0,0,0,0,0
339.64958899923374,30.0,220.5,0.0368627034462232,78.69999694824219,78.69999694824219,0,0,0,1,0,0,0,0,0,0,0,0,1,0,0,0,0,0,0,0,0
42.14654460702346,33.595391008689084,204.5,0.0363443295451971,78.69999694824219,78.69999694824219,0,0,0,1,0,0,0,0,0,0,0,0,1,0,0,0,0,0,0,0,0
122.21208565849294,33.595391008689084,191.5,0.0364847903627886,78.69999694824219,78.69999694824219,0,0,0,1,0,0,0,0,0,0,0,0,1,0,0,0,0,0,0,0,0
113.6518226053053,30.0,186.5,0.0357322098706816,78.69999694824219,78.69999694824219,0,0,0,1,0,0,0,0,0,0,0,0,1,0,0,0,0,0,0,0,0
88.08420975517913,30.0,198.0,0.0360473978302114,78.69999694824219,78.69999694824219,0,0,0,1,0,0,0,0,0,0,0,0,1,0,0,0,0,0,0,0,0
124.78969743290712,30.0,180.0,0.0349260835644659,78.69999694824219,78.69999694824219,0,0,0,1,0,0,0,0,0,0,0,0,1,0,0,0,0,0,0,0,0
19.84667834063581,30.0,176.0,0.0348605953541488,78.69999694824219,78.69999694824219,0,0,0,1,0,0,0,0,0,0,0,0,1,0,0,0,0,0,0,0,0
108.2343133222127,30.0,178.5,0.0351852741476052,78.69999694824219,78.69999694824219,0,0,0,1,0,0,0,0,0,0,0,0,1,0,0,0,0,0,0,0,0
124.78969743290712,30.0,180.0,0.0349260835644659,78.69999694824219,78.69999694824219,0,0,0,1,0,0,0,0,0,0,0,0,1,0,0,0,0,0,0,0,0
103.5441827698761,33.595391008689084,208.0,0.0369965034807051,78.69999694824219,78.69999694824219,0,0,0,1,0,0,0,0,0,0,0,0,1,0,0,0,0,0,0,0,0
9.888729595373556,33.595391008689084,191.0,0.037079280576864,78.69999694824219,78.69999694824219,0,0,0,1,0,0,0,0,0,0,0,0,1,0,0,0,0,0,0,0,0
108.23431332221271,30.0,178.5,0.0351852741476052,78.69999694824219,78.69999694824219,0,0,0,1,0,0,0,0,0,0,0,0,1,0,0,0,0,0,0,0,0
113.6518226053053,30.0,186.5,0.0357322098706816,78.69999694824219,78.69999694824219,0,0,0,1,0,0,0,0,0,0,0,0,1,0,0,0,0,0,0,0,0
278.1473493756004,15.5531914893617,183.5,0.0367135037624976,78.69999694824219,78.69999694824219,0,0,0,1,0,1,0,0,0,0,0,0,0,0,0,0,0,0,0,0,0
278.1473493756004,15.5531914893617,183.5,0.0367135037624976,78.69999694824219,78.69999694824219,0,0,0,1,0,1,0,0,0,0,0,0,0,0,0,0,0,0,0,0,0
76.77387359165694,50.0,129.0,0.0089242512034354,74.4000015258789,74.4000015258789,0,0,0,1,0,0,0,0,0,0,0,0,0,0,0,0,0,0,1,0,0
62.27421174198776,47.53488372093023,129.0,0.0085300006925581,74.4000015258789,74.4000015258789,0,0,0,1,0,0,0,0,0,0,0,0,0,0,0,0,0,0,1,0,0
115.33973642118,47.53488372093023,129.0,0.0092797352500196,74.4000015258789,74.4000015258789,0,0,0,1,0,0,0,0,0,0,0,0,0,0,0,0,0,0,1,0,0
465.3322015999151,60.0,295.0,0.0323418693165053,78.69999694824219,78.69999694824219,0,0,0,1,0,0,0,0,0,0,0,0,0,0,1,0,0,0,0,0,0
921.4671464363436,85.0,342.5,0.0315010757824555,78.69999694824219,78.69999694824219,0,0,0,1,0,0,0,0,0,0,0,0,0,0,1,0,0,0,0,0,0
15.120005953320948,33.595391008689084,307.0,0.0300464183184035,78.69999694824219,78.69999694824219,0,0,0,1,0,0,0,0,0,0,0,0,1,0,0,0,0,0,0,0,0
856.5745939756176,30.0,161.0,0.0038012938250223,74.4000015258789,74.4000015258789,0,0,0,1,0,0,0,0,0,0,0,0,1,0,0,0,0,0,0,0,0
63.77940487197371,47.53488372093023,132.5,0.0109703728713491,94.10000610351562,94.10000610351562,0,0,0,1,0,0,0,0,0,0,0,0,0,0,0,0,0,0,1,0,0
36.393620660138176,50.0,133.0,0.0107064783404308,94.10000610351562,94.10000610351562,0,0,0,1,0,0,0,0,0,0,1,0,0,0,0,0,0,0,0,0,0
675.6347961401125,50.0,133.0,0.0131859829983788,94.10000610351562,94.10000610351562,0,0,0,1,0,0,0,0,0,0,0,0,0,0,0,0,0,0,1,0,0
308.56838249647467,47.53488372093023,132.0,0.0125917411809132,94.10000610351562,94.10000610351562,0,0,0,1,0,0,0,0,0,0,0,0,0,0,0,0,0,0,1,0,0
220.6294238029501,50.0,132.0,0.0142964519863721,94.10000610351562,94.10000610351562,0,0,0,1,0,0,0,0,0,0,0,0,0,0,0,0,0,0,1,0,0
174.77288927271687,30.0,147.0,0.0060783289470983,74.4000015258789,74.4000015258789,0,0,0,1,0,0,0,0,0,0,0,0,1,0,0,0,0,0,0,0,0
138.53399226752288,30.0,146.5,0.0058254110534772,74.4000015258789,74.4000015258789,0,0,0,1,0,0,0,0,0,0,0,0,1,0,0,0,0,0,0,0,0
973.829740922116,30.0,204.5,0.0154564048388481,74.4000015258789,74.4000015258789,0,0,0,1,0,0,0,0,0,0,0,0,1,0,0,0,0,0,0,0,0
47.7190800089632,15.5531914893617,251.5,0.0166811592854514,74.4000015258789,74.4000015258789,0,0,0,1,0,1,0,0,0,0,0,0,0,0,0,0,0,0,0,0,0
579.6601808979143,15.5531914893617,249.0,0.0165732696550429,74.4000015258789,74.4000015258789,0,0,0,1,0,1,0,0,0,0,0,0,0,0,0,0,0,0,0,0,0
47.8991357051207,15.5531914893617,247.5,0.0164143665808079,74.4000015258789,74.4000015258789,0,0,0,1,0,1,0,0,0,0,0,0,0,0,0,0,0,0,0,0,0
579.6601808979142,15.5531914893617,249.0,0.0165732696550429,74.4000015258789,74.4000015258789,0,0,0,1,0,1,0,0,0,0,0,0,0,0,0,0,0,0,0,0,0
71.20664757297345,33.595391008689084,245.5,0.016164263441242,74.4000015258789,74.4000015258789,0,0,0,1,0,0,0,0,0,0,0,0,1,0,0,0,0,0,0,0,0
27.70633315411979,33.595391008689084,248.0,0.016432869240058,74.4000015258789,74.4000015258789,0,0,0,1,0,0,0,0,0,0,0,0,1,0,0,0,0,0,0,0,0
47.7190800089632,15.5531914893617,251.5,0.0166811592854514,74.4000015258789,74.4000015258789,0,0,0,1,0,1,0,0,0,0,0,0,0,0,0,0,0,0,0,0,0
47.8991357051207,15.5531914893617,247.5,0.0164143665808079,74.4000015258789,74.4000015258789,0,0,0,1,0,1,0,0,0,0,0,0,0,0,0,0,0,0,0,0,0
71.20664757297345,33.595391008689084,245.5,0.016164263441242,74.4000015258789,74.4000015258789,0,0,0,1,0,0,0,0,0,0,0,0,1,0,0,0,0,0,0,0,0
27.70633315411979,33.595391008689084,248.0,0.016432869240058,74.4000015258789,74.4000015258789,0,0,0,1,0,0,0,0,0,0,0,0,1,0,0,0,0,0,0,0,0
12.320467661163368,42.33796296296296,157.0,0.0287012262275626,78.69999694824219,78.69999694824219,0,0,0,1,0,0,0,0,0,0,0,0,0,0,0,0,1,0,0,0,0
25.986289716774664,42.33796296296296,157.0,0.028711127378525,78.69999694824219,78.69999694824219,0,0,0,1,0,0,0,0,0,0,0,0,0,0,0,0,1,0,0,0,0
151.66937810439492,50.0,134.0,0.0123032680382291,94.10000610351562,94.10000610351562,0,0,0,1,0,0,0,0,0,0,0,0,1,0,0,0,0,0,0,0,0
151.6693781043949,50.0,134.0,0.0123032680382291,94.10000610351562,94.10000610351562,0,0,0,1,0,0,0,0,0,0,0,0,1,0,0,0,0,0,0,0,0
311.4158381031999,50.0,133.5,0.0119289744038894,94.10000610351562,94.10000610351562,0,0,0,1,0,0,0,0,0,0,0,0,1,0,0,0,0,0,0,0,0
247.5198015584189,50.0,134.0,0.0111095032611883,94.10000610351562,94.10000610351562,0,0,1,0,0,0,0,0,0,0,0,0,1,0,0,0,0,0,0,0,0
83.72954734340613,50.0,133.5,0.01195415154713,94.10000610351562,94.10000610351562,0,0,1,0,0,0,0,0,0,0,0,0,1,0,0,0,0,0,0,0,0
311.4158381032,50.0,133.5,0.0119289744038894,94.10000610351562,94.10000610351562,0,0,0,1,0,0,0,0,0,0,0,0,1,0,0,0,0,0,0,0,0
675.6347961401125,50.0,133.0,0.0131859829983788,94.10000610351562,94.10000610351562,0,0,0,1,0,0,0,0,0,0,0,0,0,0,0,0,0,0,1,0,0
246.2950655909684,50.0,134.0,0.011832532618669,94.10000610351562,94.10000610351562,0,0,1,0,0,0,0,0,0,0,0,0,0,0,0,0,0,0,1,0,0
83.72954734340613,50.0,133.5,0.01195415154713,94.10000610351562,94.10000610351562,0,0,1,0,0,0,0,0,0,0,0,0,1,0,0,0,0,0,0,0,0
67.8984457448257,30.0,163.0,0.0312452309913931,78.69999694824219,78.69999694824219,0,0,0,1,0,0,0,0,0,0,0,0,1,0,0,0,0,0,0,0,0
236.2788282132224,30.0,161.5,0.0309138749828036,78.69999694824219,78.69999694824219,0,0,0,1,0,0,0,0,0,0,0,0,0,0,0,0,1,0,0,0,0
93.34406763284332,30.0,160.5,0.0314606824885825,78.69999694824219,78.69999694824219,0,1,1,0,0,0,0,0,0,0,0,0,0,0,0,0,1,0,0,0,0
67.89844574482571,30.0,163.0,0.0312452309913931,78.69999694824219,78.69999694824219,0,0,0,1,0,0,0,0,0,0,0,0,1,0,0,0,0,0,0,0,0
21.979190861852526,30.0,133.5,0.008888231243685,86.80000305175781,86.80000305175781,0,0,1,0,0,0,0,0,0,0,0,0,1,0,0,0,0,0,0,0,0
19.367977091763727,30.0,133.5,0.0089307946372942,86.80000305175781,86.80000305175781,0,0,1,0,0,0,0,0,0,0,0,0,1,0,0,0,0,0,0,0,0
9.493719611376832,50.0,136.5,0.0042936135088889,94.10000610351562,94.10000610351562,0,0,0,1,0,0,0,0,0,0,0,0,0,0,1,0,0,0,0,0,0
26.333527217861327,50.0,137.0,0.0041845459670839,94.10000610351562,94.10000610351562,0,0,0,1,0,0,0,0,0,0,0,0,1,0,0,0,0,0,0,0,0
24.944608291571537,50.0,137.5,0.004427119546817,94.10000610351562,94.10000610351562,0,0,0,1,0,0,0,0,0,0,0,0,0,0,0,0,1,0,0,0,0
26.67645864427802,50.0,137.0,0.0045015834755281,94.10000610351562,94.10000610351562,0,0,0,1,0,0,0,0,0,0,0,0,0,0,0,0,1,0,0,0,0
34.69077186623868,50.0,137.0,0.0045984816831565,94.10000610351562,94.10000610351562,0,0,0,1,0,0,0,0,0,0,0,0,0,0,0,0,0,1,0,0,0
105.92027876115426,50.0,135.0,0.0032373555542842,94.10000610351562,94.10000610351562,0,0,0,1,0,0,0,0,0,0,1,0,0,0,0,0,0,0,0,0,0
27.351961018468558,30.0,136.0,0.0044205563411193,94.10000610351562,94.10000610351562,0,0,0,1,0,0,0,0,0,0,0,0,0,0,1,0,0,0,0,0,0
44.31374731262298,30.0,136.0,0.0042429165879754,94.10000610351562,94.10000610351562,0,0,0,1,0,0,0,0,0,0,0,0,0,0,0,1,0,0,0,0,0
34.44198066416594,30.0,135.5,0.0046397047317429,94.10000610351562,94.10000610351562,0,0,0,1,0,0,0,0,0,0,0,0,0,0,1,0,0,0,0,0,0
90.64115279728787,30.0,326.0,0.0285820156642006,78.69999694824219,78.69999694824219,0,0,0,1,0,0,0,0,0,0,0,0,1,0,0,0,0,0,0,0,0
58.65467778137179,30.0,134.5,0.0029278420162458,94.10000610351562,94.10000610351562,0,1,1,0,0,0,0,0,0,0,0,0,1,0,0,0,0,0,0,0,0
150.24135015628897,47.53488372093023,129.5,0.0024259543809544,74.4000015258789,74.4000015258789,0,0,1,0,0,0,0,0,0,0,0,0,0,0,0,0,0,0,1,0,0
24.303697086678618,50.0,174.5,0.0072041618922953,94.10000610351562,94.10000610351562,0,0,0,1,0,0,0,0,0,0,1,0,0,0,0,0,0,0,0,0,0
93.55401332919332,50.0,171.5,0.0065652486748191,94.10000610351562,94.10000610351562,0,0,0,1,0,0,0,0,0,0,1,0,0,0,0,0,0,0,0,0,0
12.169385335003346,50.0,130.0,0.0121217668956671,74.4000015258789,74.4000015258789,0,0,1,0,0,0,0,0,0,0,1,0,0,0,0,0,0,0,0,0,0
27.103162983896237,50.0,129.5,0.0119262069962894,74.4000015258789,74.4000015258789,0,0,1,0,0,0,0,0,0,0,1,0,0,0,0,0,0,0,0,0,0
211.82434012061455,50.8,130.5,0.0118355997464271,74.4000015258789,74.4000015258789,0,0,1,0,0,0,0,0,0,0,0,1,0,0,0,0,0,0,0,0,0
25.498224677437783,50.0,130.0,0.0120231102000664,74.4000015258789,74.4000015258789,0,0,1,0,0,0,0,0,0,0,1,0,0,0,0,0,0,0,0,0,0
20.50284098402231,50.0,129.0,0.0113387316027676,74.4000015258789,74.4000015258789,0,0,1,0,0,0,0,0,0,0,1,0,0,0,0,0,0,0,0,0,0
12.62400951465956,50.0,129.0,0.0113787651738758,74.4000015258789,74.4000015258789,0,0,1,0,0,0,0,0,0,0,1,0,0,0,0,0,0,0,0,0,0
29.81136870527596,50.0,129.0,0.0113078688023277,74.4000015258789,74.4000015258789,0,0,1,0,0,0,0,0,0,0,0,0,0,0,0,0,0,0,1,0,0
49.38320803426561,50.0,129.0,0.0116699198347019,74.4000015258789,74.4000015258789,0,0,1,0,0,0,0,0,0,0,1,0,0,0,0,0,0,0,0,0,0
15.108950734854922,50.0,129.5,0.0115811676224461,74.4000015258789,74.4000015258789,0,0,1,0,0,0,0,0,0,0,1,0,0,0,0,0,0,0,0,0,0
221.14523489699363,50.8,129.5,0.0105252441120317,74.4000015258789,74.4000015258789,0,0,1,0,0,0,0,0,0,0,0,1,0,0,0,0,0,0,0,0,0
21.342760437733222,50.0,129.0,0.0114373800364872,74.4000015258789,74.4000015258789,0,0,1,0,0,0,0,0,0,0,1,0,0,0,0,0,0,0,0,0,0
15.968769529678552,50.0,130.0,0.011607062726634,74.4000015258789,74.4000015258789,0,0,1,0,0,0,0,0,0,0,1,0,0,0,0,0,0,0,0,0,0
38.490129705377,47.53488372093023,130.0,0.0117773365842878,74.4000015258789,74.4000015258789,0,0,1,0,0,0,0,0,0,0,0,0,0,0,0,0,0,0,1,0,0
29.21853340028536,40.0,128.0,0.0015809714334716,74.4000015258789,74.4000015258789,0,0,1,0,0,0,0,0,1,0,0,0,0,0,0,0,0,0,0,0,0
57.36332654381586,40.0,127.5,0.0013713180315014,74.4000015258789,74.4000015258789,0,0,1,0,0,0,0,0,1,0,0,0,0,0,0,0,0,0,0,0,0
1616.9578794671795,100.0,126.5,0.0021372307299329,74.4000015258789,74.4000015258789,1,1,1,0,0,0,0,0,0,0,1,0,0,0,0,0,0,0,0,0,0
46.05531675143501,53.62694300518135,126.5,0.0014267704036613,74.4000015258789,74.4000015258789,0,0,1,0,0,0,0,0,0,0,1,0,0,0,0,0,0,0,0,0,0
203.4459278301809,40.0,130.5,0.0017157908744621,74.4000015258789,74.4000015258789,0,0,1,0,0,0,0,0,1,0,0,0,0,0,0,0,0,0,0,0,0
269.82741385985554,47.53488372093023,128.5,0.0043394461839901,74.4000015258789,74.4000015258789,0,0,1,0,0,0,0,0,0,0,0,0,0,0,0,0,0,0,1,0,0
68.9802668176244,50.0,128.5,0.0051362007723033,74.4000015258789,74.4000015258789,0,0,1,0,0,0,0,0,0,0,0,0,0,0,0,0,0,0,1,0,0
60.55749661852854,50.0,132.5,0.0028270582140581,74.4000015258789,74.4000015258789,0,0,1,0,0,0,0,0,0,0,0,0,0,0,1,0,0,0,0,0,0
51.04381541497705,50.0,133.0,0.0028669657859752,74.4000015258789,74.4000015258789,0,0,1,0,0,0,0,0,0,0,0,0,0,0,1,0,0,0,0,0,0
12.181858165230102,50.0,135.5,0.001231123361752,86.80000305175781,86.80000305175781,0,0,1,0,0,0,0,0,0,0,1,0,0,0,0,0,0,0,0,0,0
42.60734251979078,50.0,138.0,0.0013588005314749,86.80000305175781,86.80000305175781,0,0,1,0,0,0,0,0,0,0,1,0,0,0,0,0,0,0,0,0,0
12.181858165230102,50.0,135.5,0.001231123361752,86.80000305175781,86.80000305175781,0,0,1,0,0,0,0,0,0,0,1,0,0,0,0,0,0,0,0,0,0
45.26838336424337,50.0,144.0,0.0014207790620835,86.80000305175781,86.80000305175781,0,0,1,0,0,0,0,0,0,0,0,1,0,0,0,0,0,0,0,0,0
71.28438911540061,30.0,137.0,0.0012543107581487,86.80000305175781,86.80000305175781,0,0,1,0,0,0,0,0,0,0,1,0,0,0,0,0,0,0,0,0,0
23.25884938639574,70.0,378.0,0.0331434807862009,78.69999694824219,78.69999694824219,0,0,0,1,0,0,0,0,0,0,0,0,0,0,1,0,0,0,0,0,0
921.4671464363436,85.0,342.5,0.0315010757824555,78.69999694824219,78.69999694824219,0,0,0,1,0,0,0,0,0,0,0,0,0,0,1,0,0,0,0,0,0
120.43717095277658,33.595391008689084,133.0,0.0114936516313199,94.10000610351562,94.10000610351562,0,0,0,1,0,0,0,0,0,0,0,0,1,0,0,0,0,0,0,0,0
61.71113780932348,33.595391008689084,134.0,0.0108928909691717,94.10000610351562,94.10000610351562,0,0,0,1,0,0,0,0,0,0,0,0,1,0,0,0,0,0,0,0,0
65.96723629637911,33.595391008689084,135.0,0.0114950551270079,94.10000610351562,94.10000610351562,0,0,0,1,0,0,0,0,0,0,0,0,1,0,0,0,0,0,0,0,0
65.96723629637911,33.595391008689084,135.0,0.0114950551270079,94.10000610351562,94.10000610351562,0,0,0,1,0,0,0,0,0,0,0,0,1,0,0,0,0,0,0,0,0
36.74104144677612,33.595391008689084,136.0,0.0121087482926524,94.10000610351562,94.10000610351562,0,0,0,1,0,0,0,0,0,0,0,0,1,0,0,0,0,0,0,0,0
113.42447141363256,33.595391008689084,135.0,0.0123891573362172,94.10000610351562,94.10000610351562,0,0,0,1,0,0,0,0,0,0,0,0,1,0,0,0,0,0,0,0,0
1142.5253056937725,50.0,128.0,0.0045212859728482,74.4000015258789,74.4000015258789,0,0,1,0,0,0,0,0,0,0,0,0,0,0,0,0,0,0,1,0,0
21.003047954333184,47.53488372093023,131.0,0.0075796103061694,74.4000015258789,74.4000015258789,0,0,1,0,0,0,0,0,0,0,0,0,0,0,0,0,0,0,1,0,0
10.523234697395525,50.0,132.0,0.0098348458502206,74.4000015258789,74.4000015258789,0,0,0,1,0,0,0,0,0,0,0,0,0,0,1,0,0,0,0,0,0
88.38552816141286,50.0,132.5,0.0100659120260477,74.4000015258789,74.4000015258789,0,0,0,1,0,0,0,0,0,0,0,0,0,0,1,0,0,0,0,0,0
29.13088299853405,50.0,132.0,0.0098149842416408,74.4000015258789,74.4000015258789,0,0,0,1,0,0,0,0,0,0,0,0,0,0,0,0,1,0,0,0,0
87.76689782534544,50.0,130.5,0.0023176989864284,74.4000015258789,74.4000015258789,0,0,1,0,0,0,0,0,0,0,0,0,0,0,0,0,0,0,1,0,0
29.199354619274946,50.0,129.5,0.0018330721727056,74.4000015258789,74.4000015258789,0,0,1,0,0,0,0,0,0,0,0,0,0,0,0,0,0,0,1,0,0
22.761544353003394,50.0,129.5,0.0017470700244717,74.4000015258789,74.4000015258789,0,0,1,0,0,0,0,0,0,0,1,0,0,0,0,0,0,0,0,0,0
198.98313038809667,30.0,173.0,0.0232489090470208,78.69999694824219,78.69999694824219,0,0,0,1,0,0,0,0,0,0,0,0,1,0,0,0,0,0,0,0,0
61.87645845252112,50.0,171.5,0.0216673602122079,78.69999694824219,78.69999694824219,0,0,0,1,0,0,0,0,0,0,0,0,0,0,0,0,1,0,0,0,0
374.4346596620665,50.0,181.0,0.0231478285821787,78.69999694824219,78.69999694824219,0,0,0,1,0,0,0,0,0,0,0,0,0,0,0,0,1,0,0,0,0
112.781778864538,30.0,138.5,0.0090041694446315,78.69999694824219,78.69999694824219,0,0,0,1,0,0,0,0,0,0,0,0,1,0,0,0,0,0,0,0,0
45.11336961289955,30.0,139.0,0.0090907581531901,78.69999694824219,78.69999694824219,0,0,0,1,0,0,0,0,0,0,0,0,1,0,0,0,0,0,0,0,0
95.74171857859314,15.5531914893617,138.5,0.0087178073554388,78.69999694824219,78.69999694824219,0,0,0,1,0,1,0,0,0,0,0,0,0,0,0,0,0,0,0,0,0
10.342406079864334,50.0,135.5,0.0063419063744229,94.10000610351562,94.10000610351562,0,0,0,1,0,0,0,0,0,0,0,0,1,0,0,0,0,0,0,0,0
51.00975919880557,50.0,135.5,0.0064590553799469,94.10000610351562,94.10000610351562,0,0,0,1,0,0,0,0,0,0,0,0,1,0,0,0,0,0,0,0,0
215.07523865056007,50.0,136.5,0.015597658014798,78.69999694824219,78.69999694824219,0,0,0,1,0,0,1,0,0,0,0,0,0,0,0,0,0,0,0,0,0
25.48836825085601,33.595391008689084,137.5,0.0137969729716773,74.4000015258789,74.4000015258789,0,0,0,1,0,0,0,0,0,0,0,0,1,0,0,0,0,0,0,0,0
52.869497246768766,50.0,137.0,0.0137741258426282,74.4000015258789,74.4000015258789,0,0,0,1,0,0,0,0,0,0,0,0,0,0,1,0,0,0,0,0,0
38.13047513509367,50.0,137.5,0.0137066025798212,74.4000015258789,74.4000015258789,0,0,0,1,0,0,0,0,0,0,0,0,0,0,1,0,0,0,0,0,0
88.38141799780075,50.0,144.5,0.0152709815001458,78.69999694824219,78.69999694824219,0,0,0,1,0,0,0,0,0,0,0,0,1,0,0,0,0,0,0,0,0
7.730703251972267,30.0,145.0,0.0149667196546779,78.69999694824219,78.69999694824219,0,0,0,1,0,0,0,0,0,0,0,0,1,0,0,0,0,0,0,0,0
70.10067608842442,20.0,144.5,0.0149603670935076,78.69999694824219,78.69999694824219,0,0,0,1,0,0,0,0,0,0,0,0,1,0,0,0,0,0,0,0,0
7.730703251972267,30.0,145.0,0.0149667196546779,78.69999694824219,78.69999694824219,0,0,0,1,0,0,0,0,0,0,0,0,1,0,0,0,0,0,0,0,0
105.9849095218408,30.0,144.0,0.0166700241487804,78.69999694824219,78.69999694824219,0,0,0,1,0,0,0,0,0,0,0,0,1,0,0,0,0,0,0,0,0
16.31535819281033,30.0,138.0,0.0140538163051885,78.69999694824219,78.69999694824219,0,0,0,1,0,0,0,0,0,0,0,0,1,0,0,0,0,0,0,0,0
10.86929887244537,50.0,140.0,0.0144244299001854,74.4000015258789,74.4000015258789,0,0,0,1,0,0,0,0,0,0,0,0,1,0,0,0,0,0,0,0,0
215.2894386186506,50.0,139.5,0.014902698545823,78.69999694824219,78.69999694824219,0,0,0,1,0,0,0,0,0,0,0,0,1,0,0,0,0,0,0,0,0
10.86929887244537,50.0,140.0,0.0144244299001854,74.4000015258789,74.4000015258789,0,0,0,1,0,0,0,0,0,0,0,0,1,0,0,0,0,0,0,0,0
40.76112678537356,30.0,140.0,0.0143140503416074,74.4000015258789,74.4000015258789,0,0,0,1,0,0,0,0,0,0,0,0,1,0,0,0,0,0,0,0,0
39.3347540474777,50.0,139.0,0.014246983924012,74.4000015258789,74.4000015258789,0,0,0,1,0,0,0,0,0,0,0,0,1,0,0,0,0,0,0,0,0
67.67241150768227,30.0,143.0,0.0146529208577316,74.4000015258789,74.4000015258789,0,0,0,1,0,0,0,0,0,0,0,0,1,0,0,0,0,0,0,0,0
25.61064018773116,30.0,145.0,0.0177998330638539,78.69999694824219,78.69999694824219,0,0,0,1,0,0,0,0,0,0,0,0,1,0,0,0,0,0,0,0,0
23.15022280762548,50.0,145.0,0.0177204293577054,78.69999694824219,78.69999694824219,0,0,0,1,0,0,0,0,0,0,0,0,0,0,1,0,0,0,0,0,0
101.98432396630106,50.0,134.0,0.0018097476157616,94.10000610351562,94.10000610351562,0,0,1,0,0,0,0,0,0,0,1,0,0,0,0,0,0,0,0,0,0
100.9684733600524,33.595391008689084,137.5,0.010220141241715,78.69999694824219,78.69999694824219,0,0,0,1,0,0,0,0,0,0,0,0,1,0,0,0,0,0,0,0,0
65.52705033524963,30.0,152.0,0.0112363770969063,94.10000610351562,94.10000610351562,0,0,0,1,0,0,0,0,0,0,0,0,1,0,0,0,0,0,0,0,0
150.64990298252405,30.0,155.5,0.0106414443639553,94.10000610351562,94.10000610351562,0,0,0,1,0,0,0,0,0,0,0,0,1,0,0,0,0,0,0,0,0
118.87809773749068,30.0,149.0,0.0107107069571056,94.10000610351562,94.10000610351562,0,0,0,1,0,0,0,0,0,0,0,0,1,0,0,0,0,0,0,0,0
44.52400592642186,15.5531914893617,143.5,0.0135152380394238,78.69999694824219,78.69999694824219,0,0,0,1,0,1,0,0,0,0,0,0,0,0,0,0,0,0,0,0,0
64.00093308136533,15.5531914893617,144.0,0.0138706224965263,78.69999694824219,78.69999694824219,0,0,0,1,0,1,0,0,0,0,0,0,0,0,0,0,0,0,0,0,0
58.2456677747357,33.595391008689084,143.0,0.0130562015244025,78.69999694824219,78.69999694824219,0,0,0,1,0,0,0,0,0,0,0,0,1,0,0,0,0,0,0,0,0
20.64641757052876,15.5531914893617,143.0,0.013723231765684,78.69999694824219,78.69999694824219,0,0,0,1,0,1,0,0,0,0,0,0,0,0,0,0,0,0,0,0,0
44.52400592642186,15.5531914893617,143.5,0.0135152380394238,78.69999694824219,78.69999694824219,0,0,0,1,0,1,0,0,0,0,0,0,0,0,0,0,0,0,0,0,0
61.71528549730552,15.5531914893617,142.0,0.0131894686234079,78.69999694824219,78.69999694824219,0,0,0,1,0,1,0,0,0,0,0,0,0,0,0,0,0,0,0,0,0
46.53984535386887,30.0,145.0,0.0028805011459443,74.4000015258789,74.4000015258789,0,0,0,1,0,0,0,0,0,0,0,0,1,0,0,0,0,0,0,0,0
311.9778392139356,50.0,138.0,0.0164738657210677,78.69999694824219,78.69999694824219,0,0,0,1,0,0,0,0,0,0,0,0,0,0,1,0,0,0,0,0,0
40.59049726843087,15.5531914893617,127.5,0.0008192901940996,74.4000015258789,74.4000015258789,0,1,1,0,0,1,0,0,0,0,0,0,0,0,0,0,0,0,0,0,0
36.29259276220454,33.595391008689084,135.0,0.0149216298094338,94.10000610351562,94.10000610351562,0,0,0,1,0,0,0,0,0,0,0,0,1,0,0,0,0,0,0,0,0
96.02947459213893,30.0,134.0,0.0151648099375246,94.10000610351562,94.10000610351562,0,0,0,1,0,0,0,0,0,0,0,0,1,0,0,0,0,0,0,0,0
372.897014421914,33.595391008689084,133.0,0.0130134077572782,94.10000610351562,94.10000610351562,0,0,1,0,0,0,0,0,0,0,0,0,1,0,0,0,0,0,0,0,0
90.39361494317286,33.595391008689084,136.5,0.0160739340965757,94.10000610351562,94.10000610351562,0,0,0,1,0,0,0,0,0,0,0,0,1,0,0,0,0,0,0,0,0
209.9139583572142,33.595391008689084,133.5,0.0142142626999902,94.10000610351562,94.10000610351562,0,0,0,1,0,0,0,0,0,0,0,0,1,0,0,0,0,0,0,0,0
96.02947459213893,30.0,134.0,0.0151648099375246,94.10000610351562,94.10000610351562,0,0,0,1,0,0,0,0,0,0,0,0,1,0,0,0,0,0,0,0,0
90.39361494317286,33.595391008689084,136.5,0.0160739340965757,94.10000610351562,94.10000610351562,0,0,0,1,0,0,0,0,0,0,0,0,1,0,0,0,0,0,0,0,0
21.406933248524204,33.595391008689084,132.0,0.0018595312380153,74.4000015258789,74.4000015258789,0,1,1,0,0,0,0,0,0,0,0,0,1,0,0,0,0,0,0,0,0
45.41317296784309,33.595391008689084,132.5,0.0019188296027615,74.4000015258789,74.4000015258789,0,1,1,0,0,0,0,0,0,0,0,0,1,0,0,0,0,0,0,0,0
22.001760834639544,50.0,129.0,0.0030215553648863,74.4000015258789,74.4000015258789,0,0,1,0,0,0,0,0,0,0,1,0,0,0,0,0,0,0,0,0,0
143.32954145705492,50.0,129.5,0.0026290028177321,74.4000015258789,74.4000015258789,0,0,1,0,0,0,0,0,0,0,1,0,0,0,0,0,0,0,0,0,0
36.24131545168515,40.0,129.0,0.0017928750725192,74.4000015258789,74.4000015258789,0,0,1,0,0,0,0,0,1,0,0,0,0,0,0,0,0,0,0,0,0
35.856201532130925,50.0,128.0,0.001795676446922,74.4000015258789,74.4000015258789,0,0,1,0,0,0,0,0,0,0,1,0,0,0,0,0,0,0,0,0,0
62.56245512718348,50.0,129.5,0.0021283527500145,74.4000015258789,74.4000015258789,0,0,1,0,0,0,0,0,0,0,1,0,0,0,0,0,0,0,0,0,0
47.13242331851063,15.5531914893617,128.0,0.0008022973665814,74.4000015258789,74.4000015258789,0,1,1,0,0,1,0,0,0,0,0,0,0,0,0,0,0,0,0,0,0
64.54757570003352,47.53488372093023,131.0,0.0113888611413564,74.4000015258789,74.4000015258789,0,0,1,0,0,0,0,0,0,0,0,0,0,0,0,0,0,0,1,0,0
108.23757591635288,47.53488372093023,129.5,0.0110810686270178,74.4000015258789,74.4000015258789,0,0,1,0,0,0,0,0,0,0,0,0,0,0,0,0,0,0,1,0,0
1747.5615578808358,85.0,135.0,0.0022740983083966,74.4000015258789,74.4000015258789,1,1,1,0,0,0,0,0,0,0,1,0,0,0,0,0,0,0,0,0,0
39.49940176291457,70.0,146.5,0.0012246394916064,74.4000015258789,74.4000015258789,1,0,0,1,0,0,0,0,0,0,0,0,0,0,0,0,0,1,0,0,0
37.16257522196578,70.0,140.0,0.0011140898072314,74.4000015258789,74.4000015258789,1,0,0,1,0,0,0,0,0,0,1,0,0,0,0,0,0,0,0,0,0
48.78714542443322,33.595391008689084,276.5,0.0395311935314876,78.69999694824219,78.69999694824219,0,0,0,1,0,0,0,0,0,0,0,0,1,0,0,0,0,0,0,0,0
15.297470549210765,15.5531914893617,131.0,0.0054602120700318,74.4000015258789,74.4000015258789,0,0,0,1,0,1,0,0,0,0,0,0,0,0,0,0,0,0,0,0,0
22.52867314288215,15.5531914893617,131.0,0.0054602120700318,74.4000015258789,74.4000015258789,0,0,0,1,0,1,0,0,0,0,0,0,0,0,0,0,0,0,0,0,0
64.01379219273477,15.5531914893617,130.5,0.0056085743799527,74.4000015258789,74.4000015258789,0,0,0,1,0,1,0,0,0,0,0,0,0,0,0,0,0,0,0,0,0
21.049776889663324,70.0,155.0,0.0014205638759055,74.4000015258789,74.4000015258789,0,0,0,1,0,0,0,0,0,0,0,0,0,0,0,0,0,1,0,0,0
31.08245466223058,70.0,148.5,0.0012630424877968,74.4000015258789,74.4000015258789,0,0,0,1,0,0,0,0,0,0,0,0,0,0,0,0,0,1,0,0,0
29.9861048077194,70.0,142.0,0.0011763337972813,74.4000015258789,74.4000015258789,0,0,0,1,0,0,0,0,0,0,1,0,0,0,0,0,0,0,0,0,0
37.16257522196578,70.0,140.0,0.0011140898072314,74.4000015258789,74.4000015258789,1,0,0,1,0,0,0,0,0,0,1,0,0,0,0,0,0,0,0,0,0
69.8707511586409,50.0,138.0,0.0096458799207431,78.69999694824219,78.69999694824219,0,0,0,1,0,0,0,0,0,0,0,0,1,0,0,0,0,0,0,0,0
61.05932805071747,50.0,138.5,0.0092203779862282,78.69999694824219,78.69999694824219,0,0,0,1,0,0,0,0,0,0,0,0,1,0,0,0,0,0,0,0,0
7.91938812289902,33.595391008689084,138.0,0.0098296008489713,78.69999694824219,78.69999694824219,0,0,0,1,0,0,0,0,0,0,0,0,1,0,0,0,0,0,0,0,0
48.34444773925857,15.5531914893617,138.5,0.0101557050038328,78.69999694824219,78.69999694824219,0,0,0,1,0,1,0,0,0,0,0,0,0,0,0,0,0,0,0,0,0
37.94757359730113,50.0,139.0,0.0099347037747654,78.69999694824219,78.69999694824219,0,0,0,1,0,0,0,0,0,0,0,0,1,0,0,0,0,0,0,0,0
157.1991312429488,33.595391008689084,159.0,0.0016836016010904,74.4000015258789,74.4000015258789,0,0,0,1,0,0,0,0,0,0,0,0,1,0,0,0,0,0,0,0,0
386.2973496896549,50.0,175.0,0.003698541027162,74.4000015258789,74.4000015258789,0,0,0,1,0,0,0,0,0,0,0,0,0,0,0,0,0,0,0,0,1
40.68731056718704,50.0,140.5,0.0014339068054612,74.4000015258789,74.4000015258789,0,0,0,1,0,0,0,0,0,0,0,0,1,0,0,0,0,0,0,0,0
157.1991312429488,33.595391008689084,159.0,0.0016836016010904,74.4000015258789,74.4000015258789,0,0,0,1,0,0,0,0,0,0,0,0,1,0,0,0,0,0,0,0,0
111.48869858757116,30.0,203.5,0.0333841665838571,78.69999694824219,78.69999694824219,0,0,0,1,0,0,0,0,0,0,0,0,1,0,0,0,0,0,0,0,0
185.9373150523618,30.0,198.0,0.0338231269815514,78.69999694824219,78.69999694824219,0,0,0,1,0,0,0,0,0,0,0,0,1,0,0,0,0,0,0,0,0
461.6982743734228,30.0,218.5,0.031826721897271,78.69999694824219,78.69999694824219,0,0,0,1,0,0,0,0,0,0,0,0,1,0,0,0,0,0,0,0,0
281.6277774609848,30.0,187.5,0.0317714452927625,78.69999694824219,78.69999694824219,0,0,0,1,0,0,0,0,0,0,0,0,1,0,0,0,0,0,0,0,0
51.50649556634816,33.595391008689084,141.0,0.0104427609707818,86.80000305175781,86.80000305175781,0,0,0,1,0,0,0,0,0,0,0,0,1,0,0,0,0,0,0,0,0
59.06331024485101,33.595391008689084,140.0,0.0103569483231878,86.80000305175781,86.80000305175781,0,0,0,1,0,0,0,0,0,0,0,0,1,0,0,0,0,0,0,0,0
91.56365847215729,30.0,137.0,0.0047265324070036,94.10000610351562,94.10000610351562,0,0,0,1,0,0,0,0,0,0,0,0,1,0,0,0,0,0,0,0,0
174.06212541676138,30.0,158.5,0.0078893987918556,94.10000610351562,94.10000610351562,0,0,0,1,0,0,0,0,0,0,0,0,1,0,0,0,0,0,0,0,0
815.0211323124181,33.595391008689084,257.0,0.0138729043425225,94.10000610351562,94.10000610351562,0,0,0,1,0,0,0,0,0,0,0,0,1,0,0,0,0,0,0,0,0
87.36422541846143,15.5531914893617,139.5,0.0025081351931194,74.4000015258789,74.4000015258789,0,0,0,1,0,1,0,0,0,0,0,0,0,0,0,0,0,0,0,0,0
104.56583749201012,30.0,133.0,0.0021900228378946,74.4000015258789,74.4000015258789,0,0,0,1,0,0,0,0,0,0,0,0,1,0,0,0,0,0,0,0,0
184.87295183326725,30.0,139.0,0.0036144553802386,74.4000015258789,74.4000015258789,0,0,0,1,0,0,0,0,0,0,0,0,1,0,0,0,0,0,0,0,0
87.36422541846142,15.5531914893617,139.5,0.0025081351931194,74.4000015258789,74.4000015258789,0,0,0,1,0,1,0,0,0,0,0,0,0,0,0,0,0,0,0,0,0
116.39425703759814,30.0,148.0,0.0052624795950032,74.4000015258789,74.4000015258789,0,0,0,1,0,0,0,0,0,0,0,0,1,0,0,0,0,0,0,0,0
16.685468131594654,30.0,148.0,0.0051942627775903,74.4000015258789,74.4000015258789,0,0,0,1,0,0,0,0,0,0,0,0,1,0,0,0,0,0,0,0,0
49.0884666169389,30.0,148.0,0.0054550994648654,74.4000015258789,74.4000015258789,0,0,0,1,0,0,0,0,0,0,0,0,1,0,0,0,0,0,0,0,0
116.39425703759814,30.0,148.0,0.0052624795950032,74.4000015258789,74.4000015258789,0,0,0,1,0,0,0,0,0,0,0,0,1,0,0,0,0,0,0,0,0
71.27035978007272,50.0,137.0,0.0143101096365931,78.69999694824219,78.69999694824219,0,0,0,1,0,0,0,0,0,0,0,0,0,0,1,0,0,0,0,0,0
32.10475138861412,50.0,137.0,0.0146718632959966,78.69999694824219,78.69999694824219,0,0,0,1,0,0,0,0,0,0,0,0,1,0,0,0,0,0,0,0,0
215.0752386505601,50.0,136.5,0.015597658014798,78.69999694824219,78.69999694824219,0,0,0,1,0,0,0,0,0,0,0,0,0,1,0,0,0,0,0,0,0
27.215705108068,50.0,137.0,0.0147199033035887,78.69999694824219,78.69999694824219,0,0,0,1,0,0,0,0,0,0,0,0,1,0,0,0,0,0,0,0,0
27.4918486821252,50.0,138.0,0.0102225128858301,86.80000305175781,86.80000305175781,0,0,0,1,0,0,0,0,0,0,0,0,1,0,0,0,0,0,0,0,0
21.207703820491684,50.0,138.0,0.010140462313169,86.80000305175781,86.80000305175781,0,0,0,1,0,0,0,0,0,0,0,0,1,0,0,0,0,0,0,0,0
83.54507791353834,33.595391008689084,128.5,0.0017337409669113,86.80000305175781,86.80000305175781,0,0,1,0,0,0,0,0,0,0,0,0,1,0,0,0,0,0,0,0,0
229.2436050238211,50.0,130.0,0.0021346134380636,86.80000305175781,86.80000305175781,0,0,1,0,0,0,0,0,0,0,1,0,0,0,0,0,0,0,0,0,0
50.55010658951988,30.0,133.5,0.0041625457365075,94.10000610351562,94.10000610351562,0,0,0,1,0,0,0,0,0,0,0,0,1,0,0,0,0,0,0,0,0
279.8677794954314,30.0,134.5,0.0052849405545041,94.10000610351562,94.10000610351562,0,0,0,1,0,0,0,0,0,0,0,0,1,0,0,0,0,0,0,0,0
72.85955286477231,25.0,134.0,0.0046582962993082,94.10000610351562,94.10000610351562,0,0,0,1,0,0,0,0,0,0,0,0,1,0,0,0,0,0,0,0,0
226.785582502293,30.0,134.0,0.0036953077376223,94.10000610351562,94.10000610351562,0,0,0,1,0,0,0,0,0,0,0,0,1,0,0,0,0,0,0,0,0
278.75407549198053,30.0,136.5,0.0053228602459659,94.10000610351562,94.10000610351562,0,0,0,1,0,0,0,0,0,0,0,0,1,0,0,0,0,0,0,0,0
279.8677794954315,30.0,134.5,0.0052849405545041,94.10000610351562,94.10000610351562,0,0,0,1,0,0,0,0,0,0,0,0,1,0,0,0,0,0,0,0,0
68.68550470503497,30.0,136.0,0.0056579249855998,94.10000610351562,94.10000610351562,0,0,0,1,0,0,0,0,0,0,0,0,1,0,0,0,0,0,0,0,0
186.80613003552037,30.0,135.0,0.0030746872959845,94.10000610351562,94.10000610351562,0,0,1,0,0,0,0,0,0,0,0,0,1,0,0,0,0,0,0,0,0
50.55010658951988,30.0,133.5,0.0041625457365075,94.10000610351562,94.10000610351562,0,0,0,1,0,0,0,0,0,0,0,0,1,0,0,0,0,0,0,0,0
226.78558250229304,30.0,134.0,0.0036953077376223,94.10000610351562,94.10000610351562,0,0,0,1,0,0,0,0,0,0,0,0,1,0,0,0,0,0,0,0,0
94.6064966861624,30.0,134.5,0.0032299980930383,94.10000610351562,94.10000610351562,0,0,1,0,0,0,0,0,0,0,0,0,1,0,0,0,0,0,0,0,0
22.61329286707086,50.0,130.5,0.0020206728446298,86.80000305175781,86.80000305175781,0,0,1,0,0,0,0,0,0,0,0,0,1,0,0,0,0,0,0,0,0
144.96210714449822,50.0,131.0,0.0020684391324854,86.80000305175781,86.80000305175781,0,0,1,0,0,0,0,0,0,0,1,0,0,0,0,0,0,0,0,0,0
124.8965864152478,15.5531914893617,126.0,0.0018449283779542,86.80000305175781,86.80000305175781,0,0,1,0,0,1,0,0,0,0,0,0,0,0,0,0,0,0,0,0,0
61.370941021317485,15.5531914893617,127.0,0.0019868374411215,86.80000305175781,86.80000305175781,0,0,1,0,0,1,0,0,0,0,0,0,0,0,0,0,0,0,0,0,0
199.148730417791,15.5531914893617,125.5,0.0015859649699692,86.80000305175781,86.80000305175781,0,0,1,0,0,0,1,0,0,0,0,0,0,0,0,0,0,0,0,0,0
61.370941021317485,15.5531914893617,127.0,0.0019868374411215,86.80000305175781,86.80000305175781,0,0,1,0,0,1,0,0,0,0,0,0,0,0,0,0,0,0,0,0,0
110.05420468920494,50.0,130.5,0.0024110600443673,86.80000305175781,86.80000305175781,0,0,1,0,0,0,0,0,0,0,1,0,0,0,0,0,0,0,0,0,0
79.48503349124549,33.595391008689084,140.5,0.0024132722439114,94.10000610351562,94.10000610351562,0,0,0,1,0,0,0,0,0,0,0,0,1,0,0,0,0,0,0,0,0
87.84458805020829,50.0,134.0,0.0095196244592613,94.10000610351562,94.10000610351562,0,0,0,1,0,0,0,0,0,0,0,0,0,0,0,0,0,0,1,0,0
47.48957213740704,50.0,134.0,0.0097340569894392,94.10000610351562,94.10000610351562,0,0,0,1,0,0,0,0,0,0,1,0,0,0,0,0,0,0,0,0,0
19.32811660645879,50.0,134.0,0.0097504110527619,94.10000610351562,94.10000610351562,0,0,0,1,0,0,0,0,0,0,1,0,0,0,0,0,0,0,0,0,0
83.02442581367889,47.53488372093023,134.0,0.0098362430367874,94.10000610351562,94.10000610351562,0,0,1,0,0,0,0,0,0,0,0,0,0,0,0,0,0,0,1,0,0
72.95624428693063,50.0,133.5,0.0104589640942266,94.10000610351562,94.10000610351562,0,0,0,1,0,0,0,0,0,0,0,0,0,0,0,0,0,0,1,0,0
42.000253842940126,47.53488372093023,133.5,0.0103965795630518,94.10000610351562,94.10000610351562,0,0,0,1,0,0,0,0,0,0,0,0,0,0,0,0,0,0,1,0,0
547.2393066801195,70.0,134.0,0.0117276953375505,94.10000610351562,94.10000610351562,0,0,1,0,0,0,0,0,0,0,1,0,0,0,0,0,0,0,0,0,0
91.6002772464655,30.0,141.0,0.0140464803686568,74.4000015258789,74.4000015258789,0,0,0,1,0,0,0,0,0,0,0,0,1,0,0,0,0,0,0,0,0
39.382101588385176,30.0,140.0,0.0143140503416074,74.4000015258789,74.4000015258789,0,0,0,1,0,0,0,0,0,0,0,0,1,0,0,0,0,0,0,0,0
194.24583435000957,50.0,167.0,0.0128136853662648,78.69999694824219,78.69999694824219,0,0,0,1,0,0,0,0,0,0,0,0,0,0,1,0,0,0,0,0,0
49.228382133852335,50.0,156.0,0.0118184277453608,78.69999694824219,78.69999694824219,0,0,0,1,0,0,0,0,0,0,0,0,0,0,1,0,0,0,0,0,0
34.98090041246539,50.0,133.0,0.0105186342843241,94.10000610351562,94.10000610351562,0,0,0,1,0,0,0,0,0,0,1,0,0,0,0,0,0,0,0,0,0
46.05602722566019,50.0,133.0,0.010414353548138,94.10000610351562,94.10000610351562,0,0,0,1,0,0,0,0,0,0,0,0,0,0,0,0,0,0,1,0,0
1020.7438763553462,60.0,134.0,0.0100847104663937,94.10000610351562,94.10000610351562,1,0,1,0,0,0,0,0,0,0,1,0,0,0,0,0,0,0,0,0,0
60.77785859647361,33.595391008689084,131.5,0.0054761842605888,94.10000610351562,94.10000610351562,0,0,0,1,0,0,0,0,0,0,0,0,1,0,0,0,0,0,0,0,0
11.787822945823285,50.0,131.0,0.0058486911384426,94.10000610351562,94.10000610351562,0,0,0,1,0,0,0,0,0,0,0,0,0,0,0,0,1,0,0,0,0
172.91058571209473,50.0,132.5,0.0064237490380809,94.10000610351562,94.10000610351562,0,0,0,1,0,0,0,0,0,0,0,0,0,0,0,0,1,0,0,0,0
44.82885152184542,30.0,131.5,0.0061861565684039,94.10000610351562,94.10000610351562,0,0,0,1,0,0,0,0,0,0,0,0,1,0,0,0,0,0,0,0,0
110.6205585641157,30.0,132.5,0.0071790948885455,94.10000610351562,94.10000610351562,0,0,0,1,0,0,0,0,0,0,0,0,1,0,0,0,0,0,0,0,0
44.82885152184542,30.0,131.5,0.0061861565684039,94.10000610351562,94.10000610351562,0,0,0,1,0,0,0,0,0,0,0,0,1,0,0,0,0,0,0,0,0
109.65577491373575,30.0,135.5,0.0086107686128562,94.10000610351562,94.10000610351562,0,0,0,1,0,0,0,0,0,0,0,0,1,0,0,0,0,0,0,0,0
110.6205585641157,30.0,132.5,0.0071790948885455,94.10000610351562,94.10000610351562,0,0,0,1,0,0,0,0,0,0,0,0,1,0,0,0,0,0,0,0,0
201.18823963934437,33.595391008689084,132.5,0.0071790948885455,94.10000610351562,94.10000610351562,0,0,0,1,0,0,0,0,0,0,0,0,1,0,0,0,0,0,0,0,0
140.97998926630365,30.0,145.5,0.0183708253122017,78.69999694824219,78.69999694824219,0,0,0,1,0,0,0,0,0,0,0,0,1,0,0,0,0,0,0,0,0
71.59790955231028,33.595391008689084,150.0,0.0160924086808805,78.69999694824219,78.69999694824219,0,0,0,1,0,0,0,0,0,0,0,0,1,0,0,0,0,0,0,0,0
184.47005641476773,33.595391008689084,149.0,0.0153961909794777,78.69999694824219,78.69999694824219,0,0,0,1,0,0,0,0,0,0,0,0,1,0,0,0,0,0,0,0,0
67.67241150768227,30.0,143.0,0.0146529208577316,74.4000015258789,74.4000015258789,0,0,0,1,0,0,0,0,0,0,0,0,1,0,0,0,0,0,0,0,0
110.4121773705402,30.0,147.0,0.0147869763621495,74.4000015258789,74.4000015258789,0,0,0,1,0,0,0,0,0,0,0,0,1,0,0,0,0,0,0,0,0
27.125308920346654,50.0,139.0,0.0055353931460717,94.10000610351562,94.10000610351562,0,0,0,1,0,0,0,0,0,0,0,0,0,0,0,0,1,0,0,0,0
54.70205500966529,50.0,138.5,0.0050142749585413,94.10000610351562,94.10000610351562,0,0,0,1,0,0,0,0,0,0,0,0,0,0,0,0,1,0,0,0,0
33.569730584107106,50.0,138.0,0.0012248350258982,86.80000305175781,86.80000305175781,0,0,1,0,0,0,0,0,0,0,1,0,0,0,0,0,0,0,0,0,0
18.46451287169346,50.0,146.5,0.0015775130827661,86.80000305175781,86.80000305175781,0,0,1,0,0,0,0,0,0,0,1,0,0,0,0,0,0,0,0,0,0
104.5049908592172,50.0,152.0,0.0017858348581135,86.80000305175781,86.80000305175781,0,0,0,1,0,0,0,0,0,0,1,0,0,0,0,0,0,0,0,0,0
26.258067084231435,42.33796296296296,131.0,0.0082032437162536,94.10000610351562,94.10000610351562,0,0,1,0,0,0,0,0,0,0,0,0,0,0,0,0,1,0,0,0,0
120.43717095277658,33.595391008689084,133.0,0.0114936516313199,94.10000610351562,94.10000610351562,0,0,0,1,0,0,0,0,0,0,0,0,1,0,0,0,0,0,0,0,0
4.518877981046608,33.595391008689084,132.0,0.0119137582536777,94.10000610351562,94.10000610351562,0,0,0,1,0,0,0,0,0,0,0,0,1,0,0,0,0,0,0,0,0
117.29500338299414,33.595391008689084,132.5,0.0112376327215685,94.10000610351562,94.10000610351562,0,0,0,1,0,0,0,0,0,0,0,0,1,0,0,0,0,0,0,0,0
9.048783914039252,33.595391008689084,135.0,0.0131487251473463,94.10000610351562,94.10000610351562,0,0,0,1,0,0,0,0,0,0,0,0,1,0,0,0,0,0,0,0,0
40.13058676694766,33.595391008689084,134.5,0.0130061853708604,94.10000610351562,94.10000610351562,0,0,0,1,0,0,0,0,0,0,0,0,1,0,0,0,0,0,0,0,0
72.49915370420766,33.595391008689084,134.0,0.0133830249566384,94.10000610351562,94.10000610351562,0,0,0,1,0,0,0,0,0,0,0,0,1,0,0,0,0,0,0,0,0
38.50156094045309,30.0,141.5,0.0175063484121825,94.10000610351562,94.10000610351562,0,0,0,1,0,0,0,0,0,0,0,0,0,0,0,0,1,0,0,0,0
107.8380699894637,30.0,140.0,0.0168629553498645,94.10000610351562,94.10000610351562,0,0,0,1,0,0,0,0,0,0,0,0,0,0,0,0,1,0,0,0,0
128.39959487721313,50.0,140.0,0.0170766972552992,94.10000610351562,94.10000610351562,0,0,0,1,0,0,0,0,0,0,0,0,0,0,0,0,1,0,0,0,0
20.075000681521168,30.0,142.5,0.0165924941831103,94.10000610351562,94.10000610351562,0,0,0,1,0,0,0,0,0,0,0,0,1,0,0,0,0,0,0,0,0
100.9086886301024,30.0,138.5,0.0161945308631655,94.10000610351562,94.10000610351562,0,0,0,1,0,0,0,0,0,0,0,0,1,0,0,0,0,0,0,0,0
45.424032163955545,33.595391008689084,138.5,0.0164847105638295,94.10000610351562,94.10000610351562,0,0,0,1,0,0,0,0,0,0,0,0,1,0,0,0,0,0,0,0,0
20.15428222765466,33.595391008689084,138.0,0.0164786790837946,94.10000610351562,94.10000610351562,0,0,0,1,0,0,0,0,0,0,0,0,1,0,0,0,0,0,0,0,0
41.44961559917135,33.595391008689084,142.0,0.0166157257584535,94.10000610351562,94.10000610351562,0,0,0,1,0,0,0,0,0,0,0,0,1,0,0,0,0,0,0,0,0
45.424032163955545,33.595391008689084,138.5,0.0164847105638295,94.10000610351562,94.10000610351562,0,0,0,1,0,0,0,0,0,0,0,0,1,0,0,0,0,0,0,0,0
23.519599428545952,50.0,133.0,0.011769053339988,94.10000610351562,94.10000610351562,0,0,0,1,0,0,0,0,0,0,1,0,0,0,0,0,0,0,0,0,0
16.346177166219398,50.0,133.0,0.0118745671230878,94.10000610351562,94.10000610351562,0,0,0,1,0,0,0,0,0,0,0,0,0,0,0,0,1,0,0,0,0
28.207074739237484,50.0,132.0,0.0076124210623837,94.10000610351562,94.10000610351562,0,0,0,1,0,0,0,0,0,0,1,0,0,0,0,0,0,0,0,0,0
48.144452334127685,50.0,132.0,0.0074818812226466,94.10000610351562,94.10000610351562,0,0,0,1,0,0,0,0,0,0,0,1,0,0,0,0,0,0,0,0,0
54.46915431787968,50.0,132.5,0.0072685727224226,94.10000610351562,94.10000610351562,0,0,0,1,0,0,0,0,0,0,1,0,0,0,0,0,0,0,0,0,0
13.10762000715797,30.0,147.0,0.0194601671785446,94.10000610351562,94.10000610351562,0,0,0,1,0,0,0,0,0,0,0,0,0,0,0,0,1,0,0,0,0
48.2978532891069,30.0,146.0,0.0191141075477915,94.10000610351562,94.10000610351562,0,0,0,1,0,0,0,0,0,0,0,0,1,0,0,0,0,0,0,0,0
4.383740907423237,30.0,149.0,0.020022082880293,94.10000610351562,94.10000610351562,0,0,0,1,0,0,0,0,0,0,0,0,1,0,0,0,0,0,0,0,0
60.928647643410045,30.0,148.0,0.0198860675296101,94.10000610351562,94.10000610351562,0,0,0,1,0,0,0,0,0,0,0,0,1,0,0,0,0,0,0,0,0
76.09072977814222,15.5531914893617,152.0,0.0204766756776344,94.10000610351562,94.10000610351562,0,0,0,1,0,1,0,0,0,0,0,0,0,0,0,0,0,0,0,0,0
16.90941551479945,30.0,157.0,0.0234035504229575,94.10000610351562,94.10000610351562,0,0,0,1,0,0,0,0,0,0,0,0,0,0,0,0,1,0,0,0,0
23.037578876001135,30.0,157.0,0.0236446633582856,94.10000610351562,94.10000610351562,0,0,0,1,0,0,0,0,0,0,0,0,0,0,0,0,1,0,0,0,0
266.69907922237434,30.0,174.0,0.0237239040787663,94.10000610351562,94.10000610351562,0,0,0,1,0,0,0,0,0,0,0,0,1,0,0,0,0,0,0,0,0
81.4894249135922,30.0,143.5,0.0182544576673543,94.10000610351562,94.10000610351562,0,0,0,1,0,0,0,0,0,0,0,0,0,0,0,0,1,0,0,0,0
38.50156094045309,30.0,141.5,0.0175063484121825,94.10000610351562,94.10000610351562,0,0,0,1,0,0,0,0,0,0,0,0,0,0,0,0,1,0,0,0,0
67.10403859464483,5.0,142.0,0.0180267481024818,94.10000610351562,94.10000610351562,0,0,0,1,0,1,0,0,0,0,0,0,0,0,0,0,0,0,0,0,0
41.89341974443399,30.0,143.5,0.0185363456168055,94.10000610351562,94.10000610351562,0,0,0,1,0,0,0,0,0,0,0,0,1,0,0,0,0,0,0,0,0
67.10403859464483,5.0,142.0,0.0180267481024818,94.10000610351562,94.10000610351562,0,0,0,1,0,1,0,0,0,0,0,0,0,0,0,0,0,0,0,0,0
210.1444473014722,33.595391008689084,137.0,0.0099019314820971,74.4000015258789,74.4000015258789,0,0,1,0,0,0,0,0,0,0,0,0,1,0,0,0,0,0,0,0,0
82.06594445769966,33.595391008689084,136.5,0.0107542288002138,74.4000015258789,74.4000015258789,0,0,1,0,0,0,0,0,0,0,0,0,1,0,0,0,0,0,0,0,0
119.03076317029442,33.595391008689084,141.0,0.0112473653925957,74.4000015258789,74.4000015258789,0,0,0,1,0,0,0,0,0,0,0,0,1,0,0,0,0,0,0,0,0
101.96987240621648,30.0,131.5,0.0106589710695252,74.4000015258789,74.4000015258789,0,0,1,0,0,0,0,0,0,0,0,0,0,0,1,0,0,0,0,0,0
181.7528499811984,30.0,133.5,0.0099497741688707,74.4000015258789,74.4000015258789,0,0,1,0,0,0,0,0,0,0,0,0,0,0,1,0,0,0,0,0,0
82.06594445769966,33.595391008689084,136.5,0.0107542288002138,74.4000015258789,74.4000015258789,0,0,1,0,0,0,0,0,0,0,0,0,1,0,0,0,0,0,0,0,0
157.95376184704145,33.595391008689084,137.0,0.0046589789897772,94.10000610351562,94.10000610351562,0,0,0,1,0,0,0,0,0,0,0,0,1,0,0,0,0,0,0,0,0
38.59729620872529,33.595391008689084,136.0,0.005816835092102,94.10000610351562,94.10000610351562,0,0,0,1,0,0,0,0,0,0,0,0,1,0,0,0,0,0,0,0,0
131.91887137899587,33.595391008689084,137.0,0.0055268362209751,94.10000610351562,94.10000610351562,0,0,0,1,0,0,0,0,0,0,0,0,1,0,0,0,0,0,0,0,0
169.40346595411393,50.0,129.5,0.0022692832200323,86.80000305175781,86.80000305175781,0,0,1,0,0,0,0,0,0,0,1,0,0,0,0,0,0,0,0,0,0
22.956075405280806,50.0,128.5,0.0019625750006658,86.80000305175781,86.80000305175781,1,1,1,0,0,0,0,0,0,0,1,0,0,0,0,0,0,0,0,0,0
9.577474927774288,50.0,127.0,0.0017888796437563,86.80000305175781,86.80000305175781,1,1,1,0,0,0,0,0,0,0,1,0,0,0,0,0,0,0,0,0,0
13.442906014519416,50.0,129.0,0.0023823581223998,86.80000305175781,86.80000305175781,0,0,1,0,0,0,0,0,0,0,0,0,1,0,0,0,0,0,0,0,0
214.50226643258603,50.0,129.5,0.002268417528966,86.80000305175781,86.80000305175781,0,0,1,0,0,0,0,0,0,0,1,0,0,0,0,0,0,0,0,0,0
392.817686052062,50.0,131.5,0.0026747754003996,86.80000305175781,86.80000305175781,0,0,1,0,0,0,0,0,0,0,1,0,0,0,0,0,0,0,0,0,0
11.302488408495131,30.0,131.5,0.0159190241784514,94.10000610351562,94.10000610351562,0,0,0,1,0,0,0,0,0,0,0,0,1,0,0,0,0,0,0,0,0
35.38489147832464,15.5531914893617,131.5,0.015692967451853,94.10000610351562,94.10000610351562,0,0,0,1,0,1,0,0,0,0,0,0,0,0,0,0,0,0,0,0,0
47.74348880986043,15.5531914893617,131.0,0.0154778682527801,94.10000610351562,94.10000610351562,0,0,0,1,0,1,0,0,0,0,0,0,0,0,0,0,0,0,0,0,0
47.74348880986043,15.5531914893617,131.0,0.0154778682527801,94.10000610351562,94.10000610351562,0,0,0,1,0,1,0,0,0,0,0,0,0,0,0,0,0,0,0,0,0
14.024137455642736,30.0,132.0,0.0159001361092467,94.10000610351562,94.10000610351562,0,0,0,1,0,0,0,0,0,0,0,0,1,0,0,0,0,0,0,0,0
11.302488408495131,30.0,131.5,0.0159190241784514,94.10000610351562,94.10000610351562,0,0,0,1,0,0,0,0,0,0,0,0,1,0,0,0,0,0,0,0,0
35.38489147832464,15.5531914893617,131.5,0.015692967451853,94.10000610351562,94.10000610351562,0,0,0,1,0,1,0,0,0,0,0,0,0,0,0,0,0,0,0,0,0
43.91943831352701,15.5531914893617,132.5,0.0148482416170615,94.10000610351562,94.10000610351562,0,0,0,1,0,1,0,0,0,0,0,0,0,0,0,0,0,0,0,0,0
43.91943831352701,15.5531914893617,132.5,0.0148482416170615,94.10000610351562,94.10000610351562,0,0,0,1,0,1,0,0,0,0,0,0,0,0,0,0,0,0,0,0,0
18.18283039314737,15.5531914893617,132.0,0.0152081159571058,94.10000610351562,94.10000610351562,0,0,0,1,0,1,0,0,0,0,0,0,0,0,0,0,0,0,0,0,0
28.66937322915547,15.5531914893617,132.0,0.0152081159571058,94.10000610351562,94.10000610351562,0,0,0,1,0,1,0,0,0,0,0,0,0,0,0,0,0,0,0,0,0
40.58409409652277,15.5531914893617,133.0,0.0155485040698359,94.10000610351562,94.10000610351562,0,0,0,1,0,1,0,0,0,0,0,0,0,0,0,0,0,0,0,0,0
18.18283039314737,15.5531914893617,132.0,0.0152081159571058,94.10000610351562,94.10000610351562,0,0,0,1,0,1,0,0,0,0,0,0,0,0,0,0,0,0,0,0,0
28.669373229155475,15.5531914893617,132.0,0.0152081159571058,94.10000610351562,94.10000610351562,0,0,0,1,0,1,0,0,0,0,0,0,0,0,0,0,0,0,0,0,0
65.09830176201258,30.0,134.5,0.0157311256066546,94.10000610351562,94.10000610351562,0,0,0,1,0,0,0,0,0,0,0,0,1,0,0,0,0,0,0,0,0
40.58409409652277,15.5531914893617,133.0,0.0155485040698359,94.10000610351562,94.10000610351562,0,0,0,1,0,1,0,0,0,0,0,0,0,0,0,0,0,0,0,0,0
64.51447467860068,30.0,133.0,0.0158454337705421,94.10000610351562,94.10000610351562,0,0,0,1,0,0,0,0,0,0,0,0,1,0,0,0,0,0,0,0,0
62.05071916116077,15.5531914893617,133.5,0.0143691801089859,94.10000610351562,94.10000610351562,0,0,0,1,0,1,0,0,0,0,0,0,0,0,0,0,0,0,0,0,0
62.05071916116077,15.5531914893617,133.5,0.0143691801089859,94.10000610351562,94.10000610351562,0,0,0,1,0,1,0,0,0,0,0,0,0,0,0,0,0,0,0,0,0
25.867173083589662,15.5531914893617,134.0,0.0148528643635799,94.10000610351562,94.10000610351562,0,0,0,1,0,1,0,0,0,0,0,0,0,0,0,0,0,0,0,0,0
23.0776334244608,15.5531914893617,134.0,0.0148528643635799,94.10000610351562,94.10000610351562,0,0,0,1,0,1,0,0,0,0,0,0,0,0,0,0,0,0,0,0,0
56.40966743426724,15.5531914893617,134.5,0.0153105937509392,94.10000610351562,94.10000610351562,0,0,0,1,0,1,0,0,0,0,0,0,0,0,0,0,0,0,0,0,0
25.867173083589662,15.5531914893617,134.0,0.0148528643635799,94.10000610351562,94.10000610351562,0,0,0,1,0,1,0,0,0,0,0,0,0,0,0,0,0,0,0,0,0
23.0776334244608,15.5531914893617,134.0,0.0148528643635799,94.10000610351562,94.10000610351562,0,0,0,1,0,1,0,0,0,0,0,0,0,0,0,0,0,0,0,0,0
65.09830176201258,30.0,134.5,0.0157311256066546,94.10000610351562,94.10000610351562,0,0,0,1,0,0,0,0,0,0,0,0,1,0,0,0,0,0,0,0,0
56.40966743426724,15.5531914893617,134.5,0.0153105937509392,94.10000610351562,94.10000610351562,0,0,0,1,0,1,0,0,0,0,0,0,0,0,0,0,0,0,0,0,0
115.1263351166056,30.0,136.0,0.015636838618314,94.10000610351562,94.10000610351562,0,0,0,1,0,0,0,0,0,0,0,0,1,0,0,0,0,0,0,0,0
106.55094411782284,30.0,138.0,0.0071530165865024,74.4000015258789,74.4000015258789,0,0,0,1,0,0,0,0,0,0,0,0,1,0,0,0,0,0,0,0,0
511.4918974676296,50.0,150.0,0.0090416800282625,74.4000015258789,74.4000015258789,0,0,0,1,0,0,0,0,0,0,0,0,1,0,0,0,0,0,0,0,0
38.850444024597024,50.0,151.5,0.0105643160184475,74.4000015258789,74.4000015258789,0,0,0,1,0,0,0,0,0,0,0,0,1,0,0,0,0,0,0,0,0
36.75915083245633,30.0,149.5,0.010437413720328,74.4000015258789,74.4000015258789,0,0,0,1,0,0,0,0,0,0,0,0,0,0,0,0,0,0,1,0,0
348.3697147413884,50.0,161.5,0.0125662381604071,74.4000015258789,74.4000015258789,0,0,0,1,0,0,0,0,0,0,0,0,1,0,0,0,0,0,0,0,0
16.517285964291634,50.0,136.0,0.0019068477631731,86.80000305175781,86.80000305175781,0,0,0,1,0,0,0,0,0,0,0,0,0,0,0,0,1,0,0,0,0
138.19198878092465,50.0,135.0,0.0017052370243243,86.80000305175781,86.80000305175781,0,0,1,0,0,0,0,0,0,0,1,0,0,0,0,0,0,0,0,0,0
19.61620453414228,50.0,136.0,0.0018264286490558,86.80000305175781,86.80000305175781,0,0,0,1,0,0,0,0,0,0,1,0,0,0,0,0,0,0,0,0,0
196.51463357174816,47.53488372093023,130.0,0.0026426816455521,74.4000015258789,74.4000015258789,0,0,1,0,0,0,0,0,0,0,0,0,0,0,0,0,0,0,1,0,0
1146.55298994405,50.0,133.0,0.0016891349705848,74.4000015258789,74.4000015258789,0,1,1,0,0,0,0,0,0,0,0,0,0,0,1,0,0,0,0,0,0
196.51463357174816,47.53488372093023,130.0,0.0026426816455521,74.4000015258789,74.4000015258789,0,0,1,0,0,0,0,0,0,0,0,0,0,0,0,0,0,0,1,0,0
159.80503988348062,50.0,129.0,0.001699323227487,74.4000015258789,74.4000015258789,0,0,1,0,0,0,0,0,0,0,0,0,0,0,1,0,0,0,0,0,0
52.16176209458577,50.0,134.0,0.0098896603570084,94.10000610351562,94.10000610351562,0,0,0,1,0,0,0,0,0,0,0,0,0,0,0,0,0,0,1,0,0
47.48957213740704,50.0,134.0,0.0097340569894392,94.10000610351562,94.10000610351562,0,0,0,1,0,0,0,0,0,0,1,0,0,0,0,0,0,0,0,0,0
51.46734772562248,50.0,134.5,0.0097116530322506,94.10000610351562,94.10000610351562,0,0,0,1,0,0,0,0,0,0,1,0,0,0,0,0,0,0,0,0,0
45.15870110105893,30.0,270.0,0.0397884971658703,78.69999694824219,78.69999694824219,0,0,0,1,0,0,0,0,0,0,0,0,1,0,0,0,0,0,0,0,0
45.15870110105893,30.0,270.0,0.0397884971658703,78.69999694824219,78.69999694824219,0,0,0,1,0,0,0,0,0,0,0,0,1,0,0,0,0,0,0,0,0
104.01561524725408,30.0,267.0,0.0394708756797715,78.69999694824219,78.69999694824219,0,0,0,1,0,0,0,0,0,0,0,0,1,0,0,0,0,0,0,0,0
24.9742960744588,15.5531914893617,275.5,0.0394859668983542,78.69999694824219,78.69999694824219,0,0,0,1,0,1,0,0,0,0,0,0,0,0,0,0,0,0,0,0,0
65.75936724384955,15.5531914893617,274.5,0.0398227994284096,78.69999694824219,78.69999694824219,0,0,0,1,0,1,0,0,0,0,0,0,0,0,0,0,0,0,0,0,0
17.533460890609096,15.5531914893617,275.0,0.0395470144090444,78.69999694824219,78.69999694824219,0,0,0,1,0,1,0,0,0,0,0,0,0,0,0,0,0,0,0,0,0
8.212250518666195,30.0,265.0,0.0405715212519868,78.69999694824219,78.69999694824219,0,0,0,1,0,0,0,0,0,0,0,0,1,0,0,0,0,0,0,0,0
62.17911000783024,30.0,263.0,0.0403872156651126,78.69999694824219,78.69999694824219,0,0,0,1,0,0,0,0,0,0,0,0,1,0,0,0,0,0,0,0,0
55.20722082711399,30.0,263.5,0.0406952621234459,78.69999694824219,78.69999694824219,0,0,0,1,0,0,0,0,0,0,0,0,1,0,0,0,0,0,0,0,0
51.5075535845551,30.0,271.0,0.0405658132704723,78.69999694824219,78.69999694824219,0,0,0,1,0,0,0,0,0,0,0,0,1,0,0,0,0,0,0,0,0
51.50755358455509,30.0,271.0,0.0405658132704723,78.69999694824219,78.69999694824219,0,0,0,1,0,0,0,0,0,0,0,0,1,0,0,0,0,0,0,0,0
96.90919578159196,30.0,269.0,0.0404764660432356,78.69999694824219,78.69999694824219,0,0,0,1,0,0,0,0,0,0,0,0,1,0,0,0,0,0,0,0,0
11.476889408582997,30.0,266.0,0.0402547657801469,78.69999694824219,78.69999694824219,0,0,0,1,0,0,0,0,0,0,0,0,1,0,0,0,0,0,0,0,0
71.88981288952479,30.0,265.5,0.0403757613402182,78.69999694824219,78.69999694824219,0,0,0,1,0,0,0,0,0,0,0,0,1,0,0,0,0,0,0,0,0
93.91165179758008,30.0,263.0,0.0399492142395368,78.69999694824219,78.69999694824219,0,0,0,1,0,0,0,0,0,0,0,0,1,0,0,0,0,0,0,0,0
54.4717962722504,15.5531914893617,267.0,0.0428325710439808,78.69999694824219,78.69999694824219,0,0,0,1,0,1,0,0,0,0,0,0,0,0,0,0,0,0,0,0,0
26.098579049237863,15.5531914893617,267.0,0.04279030301973,78.69999694824219,78.69999694824219,0,0,0,1,0,1,0,0,0,0,0,0,0,0,0,0,0,0,0,0,0
58.3298916129555,15.5531914893617,266.0,0.0427044873407596,78.69999694824219,78.69999694824219,0,0,0,1,0,1,0,0,0,0,0,0,0,0,0,0,0,0,0,0,0
26.098579049237863,15.5531914893617,267.0,0.04279030301973,78.69999694824219,78.69999694824219,0,0,0,1,0,1,0,0,0,0,0,0,0,0,0,0,0,0,0,0,0
28.49830322827936,7.0,270.0,0.0420719905884213,78.69999694824219,78.69999694824219,0,0,0,1,0,1,0,0,0,0,0,0,0,0,0,0,0,0,0,0,0
10.93750978544739,7.0,270.5,0.0419662875073617,78.69999694824219,78.69999694824219,0,0,0,1,0,1,0,0,0,0,0,0,0,0,0,0,0,0,0,0,0
108.31106439102292,15.5531914893617,270.5,0.0418714305941314,78.69999694824219,78.69999694824219,0,0,0,1,0,1,0,0,0,0,0,0,0,0,0,0,0,0,0,0,0
28.142047296013263,7.0,272.0,0.041485222326492,78.69999694824219,78.69999694824219,0,0,0,1,0,1,0,0,0,0,0,0,0,0,0,0,0,0,0,0,0
11.757873856695882,7.0,272.0,0.0413776991436811,78.69999694824219,78.69999694824219,0,0,0,1,0,1,0,0,0,0,0,0,0,0,0,0,0,0,0,0,0
92.0824486228559,15.5531914893617,272.5,0.0411419580084803,78.69999694824219,78.69999694824219,0,0,0,1,0,1,0,0,0,0,0,0,0,0,0,0,0,0,0,0,0
32.78980114674072,15.5531914893617,273.0,0.0406502355560646,78.69999694824219,78.69999694824219,0,0,0,1,0,1,0,0,0,0,0,0,0,0,0,0,0,0,0,0,0
20.991258386352683,15.5531914893617,273.0,0.0406502355560646,78.69999694824219,78.69999694824219,0,0,0,1,0,1,0,0,0,0,0,0,0,0,0,0,0,0,0,0,0
21.319828591641738,15.5531914893617,273.5,0.0405138968813514,78.69999694824219,78.69999694824219,0,0,0,1,0,1,0,0,0,0,0,0,0,0,0,0,0,0,0,0,0
66.89181426972078,15.5531914893617,274.5,0.0402447568664023,78.69999694824219,78.69999694824219,0,0,0,1,0,1,0,0,0,0,0,0,0,0,0,0,0,0,0,0,0
27.826108019059312,15.5531914893617,176.0,0.0104247169687873,94.10000610351562,94.10000610351562,0,0,0,1,0,1,0,0,0,0,0,0,0,0,0,0,0,0,0,0,0
225.9843372386063,10.0,176.0,0.0095967474489656,94.10000610351562,94.10000610351562,0,0,0,1,0,0,0,0,0,0,0,0,1,0,0,0,0,0,0,0,0
92.5992999649865,30.0,179.5,0.0109667284315127,94.10000610351562,94.10000610351562,0,0,0,1,0,0,0,0,0,0,0,0,0,0,0,0,1,0,0,0,0
103.96891927620707,40.0,174.0,0.009717317531348,94.10000610351562,94.10000610351562,0,0,0,1,0,0,0,0,0,0,0,0,0,0,0,0,1,0,0,0,0
1.6769793163242608,15.5531914893617,289.0,0.0339149502388692,78.69999694824219,78.69999694824219,0,0,0,1,0,1,0,0,0,0,0,0,0,0,0,0,0,0,0,0,0
28.42779014752745,15.5531914893617,289.0,0.0340913668715349,78.69999694824219,78.69999694824219,0,0,0,1,0,1,0,0,0,0,0,0,0,0,0,0,0,0,0,0,0
6.036032286819759,30.0,291.5,0.0336623157842632,78.69999694824219,78.69999694824219,0,0,0,1,0,0,0,0,0,0,0,0,1,0,0,0,0,0,0,0,0
37.46180543004073,30.0,290.5,0.033807994359436,78.69999694824219,78.69999694824219,0,0,0,1,0,0,0,0,0,0,0,0,1,0,0,0,0,0,0,0,0
70.81906276484979,30.0,293.0,0.0339656604395891,78.69999694824219,78.69999694824219,0,0,0,1,0,0,0,0,0,0,0,0,1,0,0,0,0,0,0,0,0
21.931517701335,50.0,135.0,0.0066052878129419,94.10000610351562,94.10000610351562,0,0,0,1,0,0,0,0,0,0,0,0,1,0,0,0,0,0,0,0,0
51.00975919880557,50.0,135.5,0.0064590553799469,94.10000610351562,94.10000610351562,0,0,0,1,0,0,0,0,0,0,0,0,1,0,0,0,0,0,0,0,0
103.70605422812336,50.0,132.0,0.0054798201081583,86.80000305175781,86.80000305175781,0,0,1,0,0,0,0,0,0,0,0,0,0,0,1,0,0,0,0,0,0
151.31101388774823,50.0,131.0,0.0037350432843879,86.80000305175781,86.80000305175781,0,0,1,0,0,0,0,0,0,0,0,0,0,0,1,0,0,0,0,0,0
54.88058644149882,30.0,302.5,0.0323166905081482,78.69999694824219,78.69999694824219,0,0,0,1,0,0,0,0,0,0,0,0,1,0,0,0,0,0,0,0,0
104.5618132981562,30.0,305.5,0.0318756791406816,78.69999694824219,78.69999694824219,0,0,0,1,0,0,0,0,0,0,0,0,1,0,0,0,0,0,0,0,0
201.6894113909144,30.0,300.5,0.0324534033946602,78.69999694824219,78.69999694824219,0,0,0,1,0,0,0,0,0,0,0,0,1,0,0,0,0,0,0,0,0
62.87340166354154,30.0,297.0,0.0327010621907268,78.69999694824219,78.69999694824219,0,0,0,1,0,0,0,0,0,0,0,0,1,0,0,0,0,0,0,0,0
66.98848503335361,30.0,205.0,0.0330061041346565,78.69999694824219,78.69999694824219,0,0,0,1,0,0,0,0,0,0,0,0,1,0,0,0,0,0,0,0,0
137.69113519710174,33.595391008689084,205.0,0.0330061041346565,78.69999694824219,78.69999694824219,0,0,0,1,0,0,0,0,0,0,0,0,1,0,0,0,0,0,0,0,0
183.8648086386512,30.0,202.0,0.031803043463918,78.69999694824219,78.69999694824219,0,0,0,1,0,0,0,0,0,0,0,0,1,0,0,0,0,0,0,0,0
1201.002436136683,47.53488372093023,273.5,0.0160775357431235,94.10000610351562,94.10000610351562,0,0,0,1,0,0,0,0,0,0,0,0,0,0,0,0,0,0,1,0,0
13.76107597702261,33.595391008689084,186.0,0.0065918531615751,86.80000305175781,86.80000305175781,0,0,0,1,0,0,0,0,0,0,0,0,1,0,0,0,0,0,0,0,0
7.819851021143364,33.595391008689084,186.0,0.0065239644580478,86.80000305175781,86.80000305175781,0,0,0,1,0,0,0,0,0,0,0,0,1,0,0,0,0,0,0,0,0
24.10255311686621,33.595391008689084,186.0,0.0066737110760393,86.80000305175781,86.80000305175781,0,0,0,1,0,0,0,0,0,0,0,0,1,0,0,0,0,0,0,0,0
35.42518578589589,30.0,258.0,0.0419689064843124,78.69999694824219,78.69999694824219,0,0,0,1,0,0,0,0,0,0,0,0,1,0,0,0,0,0,0,0,0
90.27809206047468,33.595391008689084,260.0,0.0420796424282939,78.69999694824219,78.69999694824219,0,0,0,1,0,0,0,0,0,0,0,0,1,0,0,0,0,0,0,0,0
856.4662006953578,30.0,264.5,0.0364419133721377,78.69999694824219,78.69999694824219,0,0,0,1,0,0,0,0,0,0,0,0,1,0,0,0,0,0,0,0,0
35.42518578589589,30.0,258.0,0.0419689064843124,78.69999694824219,78.69999694824219,0,0,0,1,0,0,0,0,0,0,0,0,1,0,0,0,0,0,0,0,0
39.57543156701058,33.595391008689084,258.0,0.0425503383786591,78.69999694824219,78.69999694824219,0,0,0,1,0,0,0,0,0,0,0,0,1,0,0,0,0,0,0,0,0
56.4848577890653,33.595391008689084,258.0,0.0424454524126326,78.69999694824219,78.69999694824219,0,0,0,1,0,0,0,0,0,0,0,0,1,0,0,0,0,0,0,0,0
90.27809206047468,33.595391008689084,260.0,0.0420796424282939,78.69999694824219,78.69999694824219,0,0,0,1,0,0,0,0,0,0,0,0,1,0,0,0,0,0,0,0,0
39.57543156701058,33.595391008689084,258.0,0.0425503383786591,78.69999694824219,78.69999694824219,0,0,0,1,0,0,0,0,0,0,0,0,1,0,0,0,0,0,0,0,0
56.4848577890653,33.595391008689084,258.0,0.0424454524126326,78.69999694824219,78.69999694824219,0,0,0,1,0,0,0,0,0,0,0,0,1,0,0,0,0,0,0,0,0
29.429026451842716,33.595391008689084,264.0,0.0298520054253384,78.69999694824219,78.69999694824219,0,0,0,1,0,0,0,0,0,0,0,0,1,0,0,0,0,0,0,0,0
45.672090423269786,33.595391008689084,262.0,0.0296071157194607,78.69999694824219,78.69999694824219,0,0,0,1,0,0,0,0,0,0,0,0,1,0,0,0,0,0,0,0,0
33.54399858609099,33.595391008689084,264.0,0.0299969899540471,78.69999694824219,78.69999694824219,0,0,0,1,0,0,0,0,0,0,0,0,1,0,0,0,0,0,0,0,0
45.672090423269786,33.595391008689084,262.0,0.0296071157194607,78.69999694824219,78.69999694824219,0,0,0,1,0,0,0,0,0,0,0,0,1,0,0,0,0,0,0,0,0
28.03649795610648,50.0,260.0,0.0294575178972398,78.69999694824219,78.69999694824219,0,0,0,1,0,0,0,0,0,0,0,0,1,0,0,0,0,0,0,0,0
17.089780023062183,15.5531914893617,267.0,0.0208335673888072,78.69999694824219,78.69999694824219,0,0,0,1,0,1,0,0,0,0,0,0,0,0,0,0,0,0,0,0,0
629.5463016470361,30.0,181.5,0.0303423802700476,78.69999694824219,78.69999694824219,0,0,0,1,0,0,0,0,0,0,0,0,0,1,0,0,0,0,0,0,0
22.87349975297337,30.0,169.0,0.031047195473007,78.69999694824219,78.69999694824219,0,0,0,1,0,0,0,0,0,0,0,0,1,0,0,0,0,0,0,0,0
52.75957339132155,20.0,166.0,0.0293504447878719,78.69999694824219,78.69999694824219,0,0,0,1,0,0,0,0,0,0,0,0,1,0,0,0,0,0,0,0,0
155.7264942475732,33.595391008689084,158.0,0.0133099353640711,78.69999694824219,78.69999694824219,0,0,0,1,0,0,0,0,0,0,0,0,1,0,0,0,0,0,0,0,0
33.05178829876143,33.595391008689084,148.5,0.0176331559748804,78.69999694824219,78.69999694824219,0,0,0,1,0,0,0,0,0,0,0,0,1,0,0,0,0,0,0,0,0
248.07614948865265,30.0,153.5,0.0161763452321582,78.69999694824219,78.69999694824219,0,0,0,1,0,0,0,0,0,0,0,0,1,0,0,0,0,0,0,0,0
85.4246583446722,50.0,151.5,0.0186431827109734,78.69999694824219,78.69999694824219,0,0,0,1,0,0,0,0,0,0,0,0,0,0,0,0,1,0,0,0,0
46.80729055843657,50.0,148.0,0.0181000702359119,78.69999694824219,78.69999694824219,0,0,0,1,0,0,0,0,0,0,0,0,0,0,0,0,1,0,0,0,0
9.827348356837764,50.0,160.0,0.0053438446236211,94.10000610351562,94.10000610351562,0,0,0,1,0,0,0,0,0,0,0,0,1,0,0,0,0,0,0,0,0
137.76982953057322,33.595391008689084,153.0,0.0047094925129448,94.10000610351562,94.10000610351562,0,0,0,1,0,0,0,0,0,0,0,0,1,0,0,0,0,0,0,0,0
82.04962837975552,50.0,161.5,0.0058918619319059,94.10000610351562,94.10000610351562,0,0,0,1,0,0,0,0,0,0,0,0,1,0,0,0,0,0,0,0,0
48.392239299071534,33.595391008689084,153.0,0.0044593420777547,94.10000610351562,94.10000610351562,0,0,0,1,0,0,0,0,0,0,0,0,1,0,0,0,0,0,0,0,0
47.02877242256656,50.0,158.5,0.0050195280429874,94.10000610351562,94.10000610351562,0,0,0,1,0,0,0,0,0,0,0,0,1,0,0,0,0,0,0,0,0
64.53295633839859,33.595391008689084,162.5,0.0063712149119462,94.10000610351562,94.10000610351562,0,0,0,1,0,0,0,0,0,0,0,0,1,0,0,0,0,0,0,0,0
44.93418029222978,30.0,159.0,0.0072121322152749,94.10000610351562,94.10000610351562,0,0,0,1,0,0,0,0,0,0,0,0,1,0,0,0,0,0,0,0,0
235.3626321834528,30.0,178.06953433307024,0.0035024316426632,74.4000015258789,74.4000015258789,0,0,0,1,0,0,0,0,0,0,0,0,1,0,0,0,0,0,0,0,0
68.61431535556923,33.595391008689084,159.0,0.0176565080660133,78.69999694824219,78.69999694824219,0,0,0,1,0,0,0,0,0,0,0,0,1,0,0,0,0,0,0,0,0
9.213791051212516,33.595391008689084,160.0,0.0171506476853962,78.69999694824219,78.69999694824219,0,0,0,1,0,0,0,0,0,0,0,0,1,0,0,0,0,0,0,0,0
66.67904603028502,15.5531914893617,158.0,0.017191492195729,78.69999694824219,78.69999694824219,0,0,0,1,0,1,0,0,0,0,0,0,0,0,0,0,0,0,0,0,0
103.13182529093196,33.595391008689084,130.5,0.0013186896809249,74.4000015258789,74.4000015258789,0,1,1,0,0,0,0,0,0,0,0,0,1,0,0,0,0,0,0,0,0
61.643013334149565,33.595391008689084,156.0,0.0142662858735272,78.69999694824219,78.69999694824219,0,0,0,1,0,0,0,0,0,0,0,0,1,0,0,0,0,0,0,0,0
20.29915846743963,50.0,134.0,0.0045483209323455,94.10000610351562,94.10000610351562,0,1,1,0,0,0,0,0,0,0,0,0,0,0,0,0,0,1,0,0,0
22.27895391029385,50.0,134.0,0.0046851085685221,94.10000610351562,94.10000610351562,0,1,1,0,0,0,0,0,0,0,0,0,0,0,0,0,1,0,0,0,0
61.9761091468306,50.0,134.0,0.0041430138914337,94.10000610351562,94.10000610351562,0,1,1,0,0,0,0,0,0,0,0,0,0,0,0,0,1,0,0,0,0
11.788647974607963,50.0,129.5,0.0018667554009517,94.10000610351562,94.10000610351562,0,0,0,1,0,0,0,0,0,0,0,0,0,0,0,0,1,0,0,0,0
420.4961440754839,50.0,128.5,0.0017328236146056,94.10000610351562,94.10000610351562,0,1,1,0,0,0,0,0,0,0,1,0,0,0,0,0,0,0,0,0,0
13.840338061770176,50.0,129.5,0.0018704532344718,94.10000610351562,94.10000610351562,0,0,0,1,0,0,0,0,0,0,0,0,0,0,0,0,1,0,0,0,0
53.54116382888347,50.0,131.5,0.0019713699176685,94.10000610351562,94.10000610351562,0,0,0,1,0,0,0,0,0,0,1,0,0,0,0,0,0,0,0,0,0
30.968408277130965,30.0,138.0,0.0127184639346504,78.69999694824219,78.69999694824219,0,0,0,1,0,0,0,0,0,0,0,0,1,0,0,0,0,0,0,0,0
32.08881796875396,30.0,139.5,0.0124958414419931,78.69999694824219,78.69999694824219,0,0,0,1,0,0,0,0,0,0,0,0,1,0,0,0,0,0,0,0,0
28.87920681189885,30.0,138.0,0.012774833698462,78.69999694824219,78.69999694824219,0,0,0,1,0,0,0,0,0,0,0,0,1,0,0,0,0,0,0,0,0
71.0396889229892,30.0,134.0,0.0026173090808889,94.10000610351562,94.10000610351562,0,1,1,0,0,0,0,0,0,0,0,0,1,0,0,0,0,0,0,0,0
6.15776508540192,50.0,137.0,0.0084274636359296,94.10000610351562,94.10000610351562,0,1,1,0,0,0,0,0,0,0,0,0,0,0,1,0,0,0,0,0,0
199.1336317545317,50.0,136.0,0.0070732353304644,94.10000610351562,94.10000610351562,0,1,1,0,0,0,0,0,0,0,0,0,0,0,0,0,1,0,0,0,0
97.60249375703955,30.0,137.0,0.0081667755490495,94.10000610351562,94.10000610351562,0,0,0,1,0,0,0,0,0,0,0,0,0,0,1,0,0,0,0,0,0
347.5989135854198,30.0,138.0,0.0097487887143425,78.69999694824219,78.69999694824219,0,1,1,0,0,0,0,0,0,0,0,0,1,0,0,0,0,0,0,0,0
20.287196238819355,33.595391008689084,137.0,0.0099913585193405,78.69999694824219,78.69999694824219,0,1,1,0,0,0,0,0,0,0,0,0,1,0,0,0,0,0,0,0,0
197.1474771764897,30.0,142.0,0.0127952581863285,78.69999694824219,78.69999694824219,0,0,0,1,0,0,0,0,0,0,0,0,1,0,0,0,0,0,0,0,0
122.9080365390179,30.0,140.0,0.0110898424788116,78.69999694824219,78.69999694824219,0,0,0,1,0,0,0,0,0,0,0,0,1,0,0,0,0,0,0,0,0
257.9996124998674,30.0,141.5,0.0131820465443922,78.69999694824219,78.69999694824219,0,0,0,1,0,0,0,0,0,0,0,0,1,0,0,0,0,0,0,0,0
143.97400166316424,33.595391008689084,213.0,0.0077935421978867,74.4000015258789,74.4000015258789,0,0,0,1,0,0,0,0,0,0,0,0,1,0,0,0,0,0,0,0,0
12.31375347184694,30.0,159.0,0.0069153403270953,94.10000610351562,94.10000610351562,0,0,0,1,0,0,0,0,0,0,0,0,1,0,0,0,0,0,0,0,0
402.389212373148,30.0,159.0,0.0081278430793733,94.10000610351562,94.10000610351562,0,0,0,1,0,0,0,0,0,0,0,0,1,0,0,0,0,0,0,0,0
5.632287260030693,50.0,165.0,0.0073612907921865,94.10000610351562,94.10000610351562,0,0,0,1,0,0,0,0,0,0,0,0,1,0,0,0,0,0,0,0,0
14.883476978942229,33.595391008689084,165.0,0.0073797427454331,94.10000610351562,94.10000610351562,0,0,0,1,0,0,0,0,0,0,0,0,1,0,0,0,0,0,0,0,0
39.40836647596251,50.0,166.5,0.0076376841022415,94.10000610351562,94.10000610351562,0,0,0,1,0,0,0,0,0,0,0,0,1,0,0,0,0,0,0,0,0
80.3653775290403,30.0,202.5,0.0143705981096732,78.69999694824219,78.69999694824219,0,0,0,1,0,0,0,0,0,0,0,0,1,0,0,0,0,0,0,0,0
275.80417680858585,30.0,197.5,0.0144030234206649,78.69999694824219,78.69999694824219,0,0,0,1,0,0,0,0,0,0,0,0,1,0,0,0,0,0,0,0,0
20.203956669301974,30.0,203.0,0.0138483261523391,78.69999694824219,78.69999694824219,0,0,0,1,0,0,0,0,0,0,0,0,1,0,0,0,0,0,0,0,0
20.203956669301974,30.0,203.0,0.0138483261523391,78.69999694824219,78.69999694824219,0,0,0,1,0,0,0,0,0,0,0,0,1,0,0,0,0,0,0,0,0
40.76653545459226,15.5531914893617,252.0,0.0226729132178331,78.69999694824219,78.69999694824219,0,0,0,1,0,1,0,0,0,0,0,0,0,0,0,0,0,0,0,0,0
9.432966333667329,15.5531914893617,252.0,0.0226012194292549,78.69999694824219,78.69999694824219,0,0,0,1,0,1,0,0,0,0,0,0,0,0,0,0,0,0,0,0,0
141.91736190268642,15.5531914893617,252.0,0.0224903992036121,78.69999694824219,78.69999694824219,0,0,0,1,0,1,0,0,0,0,0,0,0,0,0,0,0,0,0,0,0
40.76653545459226,15.5531914893617,252.0,0.0226729132178331,78.69999694824219,78.69999694824219,0,0,0,1,0,1,0,0,0,0,0,0,0,0,0,0,0,0,0,0,0
11.571152772339898,33.595391008689084,170.0,0.0046262591269814,74.4000015258789,74.4000015258789,0,0,0,1,0,0,0,0,0,0,0,0,1,0,0,0,0,0,0,0,0
124.23174804353546,33.595391008689084,177.0,0.0052015436618813,74.4000015258789,74.4000015258789,0,0,0,1,0,0,0,0,0,0,0,0,1,0,0,0,0,0,0,0,0
136.02300594115246,30.0,170.5,0.0046241147434128,74.4000015258789,74.4000015258789,0,0,0,1,0,0,0,0,0,0,0,0,1,0,0,0,0,0,0,0,0
99.11042423364265,30.0,202.5,0.0065715756416593,74.4000015258789,74.4000015258789,0,0,0,1,0,0,0,0,0,0,0,0,1,0,0,0,0,0,0,0,0
50.54621129026921,30.0,207.0,0.0074790997507672,74.4000015258789,74.4000015258789,0,0,0,1,0,0,0,0,0,0,0,0,1,0,0,0,0,0,0,0,0
50.54621129026921,30.0,207.0,0.0074790997507672,74.4000015258789,74.4000015258789,0,0,0,1,0,0,0,0,0,0,0,0,1,0,0,0,0,0,0,0,0
274.7194167125827,30.0,219.5,0.0093925730981766,74.4000015258789,74.4000015258789,0,0,0,1,0,0,0,0,0,0,0,0,1,0,0,0,0,0,0,0,0
90.45315756395983,33.595391008689084,152.0,0.0110231305177254,78.69999694824219,78.69999694824219,0,0,0,1,0,0,0,0,0,0,0,0,1,0,0,0,0,0,0,0,0
36.23385988243007,30.0,154.5,0.0115058772386733,78.69999694824219,78.69999694824219,0,0,0,1,0,0,0,0,0,0,0,0,1,0,0,0,0,0,0,0,0
80.08345174635384,30.0,154.5,0.0110966426118764,78.69999694824219,78.69999694824219,0,0,0,1,0,0,0,0,0,0,0,0,1,0,0,0,0,0,0,0,0
270.6059911921389,30.0,149.0,0.0101759496886762,78.69999694824219,78.69999694824219,0,0,0,1,0,0,0,0,0,0,0,0,1,0,0,0,0,0,0,0,0
92.04998435284593,33.595391008689084,154.0,0.0106588735040786,78.69999694824219,78.69999694824219,0,0,0,1,0,0,0,0,0,0,0,0,1,0,0,0,0,0,0,0,0
80.08345174635384,30.0,154.5,0.0110966426118764,78.69999694824219,78.69999694824219,0,0,0,1,0,0,0,0,0,0,0,0,1,0,0,0,0,0,0,0,0
90.45315756395983,33.595391008689084,152.0,0.0110231305177254,78.69999694824219,78.69999694824219,0,0,0,1,0,0,0,0,0,0,0,0,1,0,0,0,0,0,0,0,0
88.19983492189607,15.5531914893617,133.0,0.0070688021325958,74.4000015258789,74.4000015258789,0,0,0,1,0,1,0,0,0,0,0,0,0,0,0,0,0,0,0,0,0
13.20347569090219,15.5531914893617,132.0,0.0041416560549196,74.4000015258789,74.4000015258789,0,0,1,0,0,1,0,0,0,0,0,0,0,0,0,0,0,0,0,0,0
22.808498624814607,15.5531914893617,132.0,0.0042942038447399,74.4000015258789,74.4000015258789,0,0,1,0,0,1,0,0,0,0,0,0,0,0,0,0,0,0,0,0,0
33.484048536155896,15.5531914893617,132.0,0.0043107617964262,74.4000015258789,74.4000015258789,0,0,1,0,0,1,0,0,0,0,0,0,0,0,0,0,0,0,0,0,0
237.71442694166385,33.595391008689084,133.5,0.0057942256111799,94.10000610351562,94.10000610351562,0,0,1,0,0,0,0,0,0,0,0,0,1,0,0,0,0,0,0,0,0
237.71442694166385,33.595391008689084,133.5,0.0057942256111799,94.10000610351562,94.10000610351562,0,0,1,0,0,0,0,0,0,0,0,0,1,0,0,0,0,0,0,0,0
72.34086846542803,50.0,133.5,0.0069227103500835,94.10000610351562,94.10000610351562,0,0,1,0,0,0,0,0,0,0,0,0,1,0,0,0,0,0,0,0,0
29.57980243848771,50.0,134.0,0.0069366810600527,94.10000610351562,94.10000610351562,0,0,1,0,0,0,0,0,0,0,0,0,1,0,0,0,0,0,0,0,0
54.42197466641357,15.5531914893617,175.0,0.0101239456833691,94.10000610351562,94.10000610351562,0,0,0,1,0,1,0,0,0,0,0,0,0,0,0,0,0,0,0,0,0
127.42492885605574,15.5531914893617,175.5,0.0102039704436788,94.10000610351562,94.10000610351562,0,0,0,1,0,1,0,0,0,0,0,0,0,0,0,0,0,0,0,0,0
27.826108019059312,15.5531914893617,176.0,0.0104247169687873,94.10000610351562,94.10000610351562,0,0,0,1,0,1,0,0,0,0,0,0,0,0,0,0,0,0,0,0,0
76.72202030049021,15.5531914893617,174.5,0.0098562085767833,94.10000610351562,94.10000610351562,0,0,0,1,0,1,0,0,0,0,0,0,0,0,0,0,0,0,0,0,0
54.42197466641357,15.5531914893617,175.0,0.0101239456833691,94.10000610351562,94.10000610351562,0,0,0,1,0,1,0,0,0,0,0,0,0,0,0,0,0,0,0,0,0
51.37989632325471,15.5531914893617,173.0,0.0094510947586229,94.10000610351562,94.10000610351562,0,0,0,1,0,1,0,0,0,0,0,0,0,0,0,0,0,0,0,0,0
74.96069453141469,15.5531914893617,172.5,0.0092046055339122,94.10000610351562,94.10000610351562,0,0,0,1,0,1,0,0,0,0,0,0,0,0,0,0,0,0,0,0,0
51.37989632325471,15.5531914893617,173.0,0.0094510947586229,94.10000610351562,94.10000610351562,0,0,0,1,0,1,0,0,0,0,0,0,0,0,0,0,0,0,0,0,0
26.79159862437552,15.5531914893617,172.0,0.0090914571880791,94.10000610351562,94.10000610351562,0,0,0,1,0,1,0,0,0,0,0,0,0,0,0,0,0,0,0,0,0
48.71072732954176,15.5531914893617,267.5,0.0227087266864844,78.69999694824219,78.69999694824219,0,0,0,1,0,1,0,0,0,0,0,0,0,0,0,0,0,0,0,0,0
63.13561301486511,15.5531914893617,267.5,0.0227560567643066,78.69999694824219,78.69999694824219,0,0,0,1,0,1,0,0,0,0,0,0,0,0,0,0,0,0,0,0,0
117.55954160072866,15.5531914893617,267.5,0.0227560567643066,78.69999694824219,78.69999694824219,0,0,0,1,0,1,0,0,0,0,0,0,0,0,0,0,0,0,0,0,0
63.13561301486511,15.5531914893617,267.5,0.0227560567643066,78.69999694824219,78.69999694824219,0,0,0,1,0,1,0,0,0,0,0,0,0,0,0,0,0,0,0,0,0
51.856665450968336,33.595391008689084,152.0,0.0053061747131939,74.4000015258789,74.4000015258789,0,0,0,1,0,0,0,0,0,0,0,0,1,0,0,0,0,0,0,0,0
49.41289292656165,15.5531914893617,128.5,0.0031925160290118,74.4000015258789,74.4000015258789,0,0,1,0,0,1,0,0,0,0,0,0,0,0,0,0,0,0,0,0,0
78.93897709242323,15.5531914893617,129.0,0.0030824178920078,74.4000015258789,74.4000015258789,0,0,1,0,0,1,0,0,0,0,0,0,0,0,0,0,0,0,0,0,0
22.907897326004267,15.5531914893617,128.0,0.0031623186638729,74.4000015258789,74.4000015258789,0,0,1,0,0,1,0,0,0,0,0,0,0,0,0,0,0,0,0,0,0
30.66556700107138,50.0,132.0,0.0032042592157763,74.4000015258789,74.4000015258789,0,0,1,0,0,0,0,0,0,0,0,0,0,0,1,0,0,0,0,0,0
229.36916812217103,50.0,131.0,0.0035711475959614,74.4000015258789,74.4000015258789,0,0,1,0,0,0,0,0,0,0,0,0,0,0,1,0,0,0,0,0,0
31.787470575457355,50.0,132.0,0.0031054019658922,74.4000015258789,74.4000015258789,0,0,1,0,0,0,0,0,0,0,0,0,0,0,1,0,0,0,0,0,0
22.4191141754458,50.0,132.0,0.0031160690704757,74.4000015258789,74.4000015258789,0,0,1,0,0,0,0,0,0,0,0,0,0,0,1,0,0,0,0,0,0
46.11419482468308,15.5531914893617,133.5,0.007717279388389,74.4000015258789,74.4000015258789,0,0,0,1,0,1,0,0,0,0,0,0,0,0,0,0,0,0,0,0,0
10.657352889277686,15.5531914893617,134.0,0.0074874140689622,74.4000015258789,74.4000015258789,0,0,0,1,0,1,0,0,0,0,0,0,0,0,0,0,0,0,0,0,0
96.75442143200569,15.5531914893617,134.5,0.0074769698053799,74.4000015258789,74.4000015258789,0,0,0,1,0,1,0,0,0,0,0,0,0,0,0,0,0,0,0,0,0
14.99648224083654,15.5531914893617,134.0,0.0074895951152508,74.4000015258789,74.4000015258789,0,0,0,1,0,1,0,0,0,0,0,0,0,0,0,0,0,0,0,0,0
28.456705784267164,15.5531914893617,134.5,0.0074048012451816,74.4000015258789,74.4000015258789,0,0,0,1,0,1,0,0,0,0,0,0,0,0,0,0,0,0,0,0,0
23.46628549064939,15.5531914893617,134.0,0.0074518977897261,74.4000015258789,74.4000015258789,0,0,0,1,0,1,0,0,0,0,0,0,0,0,0,0,0,0,0,0,0
28.456705784267164,15.5531914893617,134.5,0.0074048012451816,74.4000015258789,74.4000015258789,0,0,0,1,0,1,0,0,0,0,0,0,0,0,0,0,0,0,0,0,0
41.56991471992898,15.5531914893617,265.5,0.0404152373198003,78.69999694824219,78.69999694824219,0,0,0,1,0,1,0,0,0,0,0,0,0,0,0,0,0,0,0,0,0
29.2517521318611,15.5531914893617,266.0,0.040586394725961,78.69999694824219,78.69999694824219,0,0,0,1,0,1,0,0,0,0,0,0,0,0,0,0,0,0,0,0,0
47.9122899057904,15.5531914893617,267.0,0.0409100599877877,78.69999694824219,78.69999694824219,0,0,0,1,0,1,0,0,0,0,0,0,0,0,0,0,0,0,0,0,0
41.56991471992898,15.5531914893617,265.5,0.0404152373198003,78.69999694824219,78.69999694824219,0,0,0,1,0,1,0,0,0,0,0,0,0,0,0,0,0,0,0,0,0
50.03920493155445,15.5531914893617,265.0,0.0399078102543863,78.69999694824219,78.69999694824219,0,0,0,1,0,1,0,0,0,0,0,0,0,0,0,0,0,0,0,0,0
76.0112160473532,15.5531914893617,266.0,0.0398855735681401,78.69999694824219,78.69999694824219,0,0,0,1,0,1,0,0,0,0,0,0,0,0,0,0,0,0,0,0,0
159.35115601085496,15.5531914893617,264.5,0.040909725683912,78.69999694824219,78.69999694824219,0,0,0,1,0,1,0,0,0,0,0,0,0,0,0,0,0,0,0,0,0
104.68204474851753,15.5531914893617,266.0,0.0414045483518994,78.69999694824219,78.69999694824219,0,0,0,1,0,1,0,0,0,0,0,0,0,0,0,0,0,0,0,0,0
159.35115601085496,15.5531914893617,264.5,0.040909725683912,78.69999694824219,78.69999694824219,0,0,0,1,0,1,0,0,0,0,0,0,0,0,0,0,0,0,0,0,0
48.22707420952196,15.5531914893617,265.0,0.0418837171292405,78.69999694824219,78.69999694824219,0,0,0,1,0,1,0,0,0,0,0,0,0,0,0,0,0,0,0,0,0
4.234775514844567,15.5531914893617,267.0,0.0395629467454651,78.69999694824219,78.69999694824219,0,0,0,1,0,1,0,0,0,0,0,0,0,0,0,0,0,0,0,0,0
73.53738873660427,15.5531914893617,267.0,0.0392352187415891,78.69999694824219,78.69999694824219,0,0,0,1,0,1,0,0,0,0,0,0,0,0,0,0,0,0,0,0,0
90.30448935103658,15.5531914893617,270.0,0.0390742967177303,78.69999694824219,78.69999694824219,0,0,0,1,0,1,0,0,0,0,0,0,0,0,0,0,0,0,0,0,0
29.2517521318611,15.5531914893617,266.0,0.040586394725961,78.69999694824219,78.69999694824219,0,0,0,1,0,1,0,0,0,0,0,0,0,0,0,0,0,0,0,0,0
4.234775514844567,15.5531914893617,267.0,0.0395629467454651,78.69999694824219,78.69999694824219,0,0,0,1,0,1,0,0,0,0,0,0,0,0,0,0,0,0,0,0,0
76.0112160473532,15.5531914893617,266.0,0.0398855735681401,78.69999694824219,78.69999694824219,0,0,0,1,0,1,0,0,0,0,0,0,0,0,0,0,0,0,0,0,0
95.83230097420824,15.5531914893617,270.0,0.0399765055410249,78.69999694824219,78.69999694824219,0,0,0,1,0,1,0,0,0,0,0,0,0,0,0,0,0,0,0,0,0
21.556791297619547,33.595391008689084,266.0,0.0420768015878547,78.69999694824219,78.69999694824219,0,0,0,1,0,0,0,0,0,0,0,0,1,0,0,0,0,0,0,0,0
138.87121072430503,33.595391008689084,265.0,0.0427381030511515,78.69999694824219,78.69999694824219,0,0,0,1,0,0,0,0,0,0,0,0,1,0,0,0,0,0,0,0,0
48.22707420952196,15.5531914893617,265.0,0.0418837171292405,78.69999694824219,78.69999694824219,0,0,0,1,0,1,0,0,0,0,0,0,0,0,0,0,0,0,0,0,0
50.03920493155445,15.5531914893617,265.0,0.0399078102543863,78.69999694824219,78.69999694824219,0,0,0,1,0,1,0,0,0,0,0,0,0,0,0,0,0,0,0,0,0
73.53738873660427,15.5531914893617,267.0,0.0392352187415891,78.69999694824219,78.69999694824219,0,0,0,1,0,1,0,0,0,0,0,0,0,0,0,0,0,0,0,0,0
104.68204474851753,15.5531914893617,266.0,0.0414045483518994,78.69999694824219,78.69999694824219,0,0,0,1,0,1,0,0,0,0,0,0,0,0,0,0,0,0,0,0,0
47.9122899057904,15.5531914893617,267.0,0.0409100599877877,78.69999694824219,78.69999694824219,0,0,0,1,0,1,0,0,0,0,0,0,0,0,0,0,0,0,0,0,0
46.902208631994085,15.5531914893617,269.0,0.04130604386391,78.69999694824219,78.69999694824219,0,0,0,1,0,1,0,0,0,0,0,0,0,0,0,0,0,0,0,0,0
33.066905585791964,15.5531914893617,251.0,0.021899677590029,78.69999694824219,78.69999694824219,0,0,0,1,0,1,0,0,0,0,0,0,0,0,0,0,0,0,0,0,0
191.91355587437565,15.5531914893617,251.0,0.0220232514765734,78.69999694824219,78.69999694824219,0,0,0,1,0,1,0,0,0,0,0,0,0,0,0,0,0,0,0,0,0
191.91355587437565,15.5531914893617,251.0,0.0220232514765734,78.69999694824219,78.69999694824219,0,0,0,1,0,1,0,0,0,0,0,0,0,0,0,0,0,0,0,0,0
34.782590121100064,30.0,251.0,0.0216836359972742,78.69999694824219,78.69999694824219,0,0,0,1,0,0,0,0,0,0,0,0,1,0,0,0,0,0,0,0,0
131.04150973188726,15.5531914893617,251.0,0.0216836359972742,78.69999694824219,78.69999694824219,0,0,0,1,0,1,0,0,0,0,0,0,0,0,0,0,0,0,0,0,0
33.066905585791964,15.5531914893617,251.0,0.021899677590029,78.69999694824219,78.69999694824219,0,0,0,1,0,1,0,0,0,0,0,0,0,0,0,0,0,0,0,0,0
39.14131411521823,30.0,251.5,0.0218817886293802,78.69999694824219,78.69999694824219,0,0,0,1,0,0,0,0,0,0,0,0,1,0,0,0,0,0,0,0,0
21.50048476520622,30.0,250.5,0.021534405792367,78.69999694824219,78.69999694824219,0,0,0,1,0,0,0,0,0,0,0,0,1,0,0,0,0,0,0,0,0
34.782590121100064,30.0,251.0,0.0216836359972742,78.69999694824219,78.69999694824219,0,0,0,1,0,0,0,0,0,0,0,0,1,0,0,0,0,0,0,0,0
131.04150973188726,15.5531914893617,251.0,0.0216836359972742,78.69999694824219,78.69999694824219,0,0,0,1,0,1,0,0,0,0,0,0,0,0,0,0,0,0,0,0,0
125.23539623085588,15.5531914893617,255.0,0.0207529360237197,78.69999694824219,78.69999694824219,0,0,0,1,0,1,0,0,0,0,0,0,0,0,0,0,0,0,0,0,0
125.23539623085588,15.5531914893617,255.0,0.0207529360237197,78.69999694824219,78.69999694824219,0,0,0,1,0,1,0,0,0,0,0,0,0,0,0,0,0,0,0,0,0
28.544429044253267,15.5531914893617,255.5,0.0206678287841971,78.69999694824219,78.69999694824219,0,0,0,1,0,1,0,0,0,0,0,0,0,0,0,0,0,0,0,0,0
28.544429044253267,15.5531914893617,255.5,0.0206678287841971,78.69999694824219,78.69999694824219,0,0,0,1,0,1,0,0,0,0,0,0,0,0,0,0,0,0,0,0,0
27.7857460885818,15.5531914893617,256.0,0.0204707066948878,78.69999694824219,78.69999694824219,0,0,0,1,0,1,0,0,0,0,0,0,0,0,0,0,0,0,0,0,0
33.95110692207695,15.5531914893617,256.0,0.0206701170620346,78.69999694824219,78.69999694824219,0,0,0,1,0,1,0,0,0,0,0,0,0,0,0,0,0,0,0,0,0
160.1963460602293,15.5531914893617,256.0,0.0203586918451012,78.69999694824219,78.69999694824219,0,0,0,1,0,1,0,0,0,0,0,0,0,0,0,0,0,0,0,0,0
160.1963460602293,15.5531914893617,256.0,0.0203586918451012,78.69999694824219,78.69999694824219,0,0,0,1,0,1,0,0,0,0,0,0,0,0,0,0,0,0,0,0,0
27.7857460885818,15.5531914893617,256.0,0.0204707066948878,78.69999694824219,78.69999694824219,0,0,0,1,0,1,0,0,0,0,0,0,0,0,0,0,0,0,0,0,0
80.95699113364404,33.595391008689084,178.5,0.0068579594663389,94.10000610351562,94.10000610351562,0,0,0,1,0,0,0,0,0,0,0,0,1,0,0,0,0,0,0,0,0
75.28510092500244,30.0,180.5,0.0072944205898623,94.10000610351562,94.10000610351562,0,0,0,1,0,0,0,0,0,0,0,0,1,0,0,0,0,0,0,0,0
69.74406199405983,30.0,181.0,0.0066006408954311,94.10000610351562,94.10000610351562,0,0,0,1,0,0,0,0,0,0,0,0,1,0,0,0,0,0,0,0,0
80.95699113364404,33.595391008689084,178.5,0.0068579594663389,94.10000610351562,94.10000610351562,0,0,0,1,0,0,0,0,0,0,0,0,1,0,0,0,0,0,0,0,0
80.63565667961674,30.0,187.5,0.0099238657435309,94.10000610351562,94.10000610351562,0,0,0,1,0,0,0,0,0,0,0,0,1,0,0,0,0,0,0,0,0
9.287355819332651,50.0,135.0,0.0096734202996983,86.80000305175781,86.80000305175781,0,0,0,1,0,0,0,0,0,0,0,0,0,0,1,0,0,0,0,0,0
19.31410694618087,33.595391008689084,135.0,0.0096665752002774,86.80000305175781,86.80000305175781,0,0,0,1,0,0,0,0,0,0,0,0,1,0,0,0,0,0,0,0,0
41.36624228846308,30.0,128.5,0.0015074443488649,74.4000015258789,74.4000015258789,0,0,1,0,0,0,0,0,0,0,0,0,1,0,0,0,0,0,0,0,0
25.50018738372399,30.0,130.0,0.0018066932350291,74.4000015258789,74.4000015258789,0,0,1,0,0,0,0,0,0,0,0,0,1,0,0,0,0,0,0,0,0
203.3464180098813,30.0,130.0,0.0017949890092184,74.4000015258789,74.4000015258789,0,0,1,0,0,0,0,0,0,0,0,0,1,0,0,0,0,0,0,0,0
150.5870012617022,50.0,137.5,0.0102808481036946,86.80000305175781,86.80000305175781,0,0,0,1,0,0,0,0,0,0,0,0,0,0,1,0,0,0,0,0,0
34.10695659032545,33.595391008689084,135.5,0.0096178300487514,86.80000305175781,86.80000305175781,0,0,0,1,0,0,0,0,0,0,0,0,1,0,0,0,0,0,0,0,0
66.64405173396108,33.595391008689084,137.0,0.0097575524736196,78.69999694824219,78.69999694824219,0,0,0,1,0,0,0,0,0,0,0,0,1,0,0,0,0,0,0,0,0
41.139544361483296,30.0,135.0,0.0092225107503404,78.69999694824219,78.69999694824219,0,0,1,0,0,0,0,0,0,0,0,0,1,0,0,0,0,0,0,0,0
28.16799915846969,30.0,133.0,0.0087805210919537,86.80000305175781,86.80000305175781,0,0,1,0,0,0,0,0,0,0,0,0,1,0,0,0,0,0,0,0,0
34.15623311349738,30.0,133.0,0.0086821288277486,86.80000305175781,86.80000305175781,0,0,1,0,0,0,0,0,0,0,0,0,1,0,0,0,0,0,0,0,0
62.1970750759648,50.0,133.0,0.008775500011511,86.80000305175781,86.80000305175781,0,0,1,0,0,0,0,0,0,0,0,0,1,0,0,0,0,0,0,0,0
19.898108525006734,50.0,134.0,0.0049746006311203,94.10000610351562,94.10000610351562,0,1,1,0,0,0,0,0,0,0,0,0,1,0,0,0,0,0,0,0,0
210.08947076286975,30.0,133.5,0.0048006135613885,94.10000610351562,94.10000610351562,0,1,1,0,0,0,0,0,0,0,0,0,1,0,0,0,0,0,0,0,0
17.458686086278327,50.0,134.0,0.0048715493346632,94.10000610351562,94.10000610351562,0,1,1,0,0,0,0,0,0,0,0,0,1,0,0,0,0,0,0,0,0
41.279853040632375,30.0,256.5,0.0340491570702313,78.69999694824219,78.69999694824219,0,0,0,1,0,0,0,0,0,0,0,0,1,0,0,0,0,0,0,0,0
55.237093465052965,30.0,257.0,0.0342987469765528,78.69999694824219,78.69999694824219,0,0,0,1,0,0,0,0,0,0,0,0,1,0,0,0,0,0,0,0,0
28.127040254072835,30.0,135.0,0.0077805570429085,74.4000015258789,74.4000015258789,0,0,0,1,0,0,0,0,0,0,0,0,1,0,0,0,0,0,0,0,0
26.633171452626787,30.0,134.5,0.007676233852679,74.4000015258789,74.4000015258789,0,0,0,1,0,0,0,0,0,0,0,0,1,0,0,0,0,0,0,0,0
274.68793828892467,30.0,135.0,0.0082169274976272,74.4000015258789,74.4000015258789,0,0,0,1,0,0,0,0,0,0,0,0,1,0,0,0,0,0,0,0,0
59.01581091908338,15.5531914893617,131.0,0.0063594837941703,74.4000015258789,74.4000015258789,0,0,0,1,0,1,0,0,0,0,0,0,0,0,0,0,0,0,0,0,0
59.015810919083385,15.5531914893617,131.0,0.0063594837941703,74.4000015258789,74.4000015258789,0,0,0,1,0,1,0,0,0,0,0,0,0,0,0,0,0,0,0,0,0
68.55762836970464,15.5531914893617,131.0,0.0060649285050707,74.4000015258789,74.4000015258789,0,0,0,1,0,1,0,0,0,0,0,0,0,0,0,0,0,0,0,0,0
55.66190134164079,15.5531914893617,131.0,0.0042799237436569,74.4000015258789,74.4000015258789,0,0,0,1,0,1,0,0,0,0,0,0,0,0,0,0,0,0,0,0,0
55.66190134164079,15.5531914893617,131.0,0.0042799237436569,74.4000015258789,74.4000015258789,0,0,0,1,0,1,0,0,0,0,0,0,0,0,0,0,0,0,0,0,0
69.70499887645906,15.5531914893617,131.0,0.0044643851631952,74.4000015258789,74.4000015258789,0,0,0,1,0,1,0,0,0,0,0,0,0,0,0,0,0,0,0,0,0
10.56885366945806,33.595391008689084,131.0,0.004225805425061,74.4000015258789,74.4000015258789,0,0,0,1,0,0,0,0,0,0,0,0,1,0,0,0,0,0,0,0,0
100.25716689110466,33.595391008689084,131.0,0.0038081500879876,74.4000015258789,74.4000015258789,0,0,1,0,0,0,0,0,0,0,0,0,1,0,0,0,0,0,0,0,0
68.16323635688316,33.595391008689084,130.5,0.0042261543383289,74.4000015258789,74.4000015258789,0,0,0,1,0,0,0,0,0,0,0,0,1,0,0,0,0,0,0,0,0
11.74898898687012,33.595391008689084,133.0,0.0016046840072931,74.4000015258789,74.4000015258789,0,0,1,0,0,0,0,0,0,0,0,0,1,0,0,0,0,0,0,0,0
45.873864781240655,33.595391008689084,133.0,0.0018594455945826,74.4000015258789,74.4000015258789,0,0,1,0,0,0,0,0,0,0,0,0,1,0,0,0,0,0,0,0,0
62.92825712317392,33.595391008689084,133.0,0.0018526211966943,74.4000015258789,74.4000015258789,0,0,1,0,0,0,0,0,0,0,0,0,1,0,0,0,0,0,0,0,0
122.39208599482834,33.595391008689084,130.0,0.0010676759401436,74.4000015258789,74.4000015258789,0,1,1,0,0,0,0,0,0,0,0,0,1,0,0,0,0,0,0,0,0
38.274008672222095,47.53488372093023,130.0,0.0117399092559666,74.4000015258789,74.4000015258789,0,0,1,0,0,0,0,0,0,0,0,0,0,0,0,0,0,0,1,0,0
331.25152495652844,47.53488372093023,129.5,0.0110096423824381,74.4000015258789,74.4000015258789,0,0,1,0,0,0,0,0,0,0,0,0,0,0,0,0,0,0,1,0,0
33.90288414552377,33.595391008689084,133.0,0.0020555716414469,74.4000015258789,74.4000015258789,0,0,1,0,0,0,0,0,0,0,0,0,1,0,0,0,0,0,0,0,0
26.88456468753388,33.595391008689084,133.0,0.002109551053776,74.4000015258789,74.4000015258789,0,0,1,0,0,0,0,0,0,0,0,0,1,0,0,0,0,0,0,0,0
62.92825712317392,33.595391008689084,133.0,0.0018526211966943,74.4000015258789,74.4000015258789,0,0,1,0,0,0,0,0,0,0,0,0,1,0,0,0,0,0,0,0,0
248.22638490324857,15.5531914893617,262.0,0.0208001905327634,78.69999694824219,78.69999694824219,0,0,0,1,0,1,0,0,0,0,0,0,0,0,0,0,0,0,0,0,0
31.8566619552578,44.583333333333336,257.5,0.0208370359143039,74.4000015258789,74.4000015258789,0,0,0,1,0,0,0,0,1,0,0,0,0,0,0,0,0,0,0,0,0
21.28076837583692,44.583333333333336,259.0,0.0206135861342372,74.4000015258789,74.4000015258789,0,0,0,1,0,0,0,0,1,0,0,0,0,0,0,0,0,0,0,0,0
4766.275157174047,80.0,293.5,0.0240011224184134,86.80000305175781,86.80000305175781,1,1,1,0,0,0,0,1,0,0,0,0,0,0,0,0,0,0,0,0,0
27.041672744197516,44.583333333333336,257.0,0.0206316530818419,74.4000015258789,74.4000015258789,0,0,0,1,0,0,0,0,1,0,0,0,0,0,0,0,0,0,0,0,0
35.955698766211896,80.0,255.5,0.0207577932460824,74.4000015258789,74.4000015258789,0,0,0,1,0,0,0,1,0,0,0,0,0,0,0,0,0,0,0,0,0
98.4428165874371,30.0,193.5,0.0216582975391361,78.69999694824219,78.69999694824219,0,0,0,1,0,0,0,0,0,0,0,0,1,0,0,0,0,0,0,0,0
28.858483928157145,70.0,132.0,0.0035012458061126,74.4000015258789,74.4000015258789,0,0,1,0,0,0,0,0,0,0,1,0,0,0,0,0,0,0,0,0,0
36.11502123572847,70.0,132.0,0.0035682374463521,74.4000015258789,74.4000015258789,0,0,1,0,0,0,0,0,0,0,1,0,0,0,0,0,0,0,0,0,0
24.58660773014036,100.0,132.0,0.0036358037024822,74.4000015258789,74.4000015258789,0,0,1,0,0,0,0,0,0,0,0,0,0,0,0,0,0,0,1,0,0
36.11502123572847,70.0,132.0,0.0035682374463521,74.4000015258789,74.4000015258789,0,0,1,0,0,0,0,0,0,0,1,0,0,0,0,0,0,0,0,0,0
1101.4530194581084,70.0,130.5,0.0068673724662933,74.4000015258789,74.4000015258789,0,0,1,0,0,0,0,0,0,0,1,0,0,0,0,0,0,0,0,0,0
39.35551158622575,100.0,132.0,0.0036740593423611,74.4000015258789,74.4000015258789,0,0,1,0,0,0,0,0,0,0,0,0,0,0,0,0,0,0,1,0,0
35.54162953785395,100.0,132.0,0.0038945297344238,74.4000015258789,74.4000015258789,0,0,1,0,0,0,0,0,0,0,0,0,0,0,0,0,0,0,1,0,0
194.03829691574435,75.0,131.5,0.0046184594136663,74.4000015258789,74.4000015258789,0,0,1,0,0,0,0,0,0,0,0,0,0,0,0,0,0,0,1,0,0
40.90372094023532,100.0,132.0,0.0038623069782883,74.4000015258789,74.4000015258789,0,0,1,0,0,0,0,0,0,0,0,0,0,0,0,0,0,0,1,0,0
18.971980918241428,100.0,132.0,0.0036035809463467,74.4000015258789,74.4000015258789,0,0,1,0,0,0,0,0,0,0,0,0,0,0,0,0,0,0,1,0,0
30.212391046104837,100.0,132.0,0.0035748449459861,74.4000015258789,74.4000015258789,0,0,1,0,0,0,0,0,0,0,0,0,0,0,0,0,0,0,1,0,0
31.768835822813628,50.0,129.0,0.0054708445012672,74.4000015258789,74.4000015258789,0,0,1,0,0,0,0,0,0,0,1,0,0,0,0,0,0,0,0,0,0
303.0962351388512,50.0,129.0,0.004334870469651,74.4000015258789,74.4000015258789,0,0,1,0,0,0,0,0,0,0,1,0,0,0,0,0,0,0,0,0,0
53.35588702973305,50.0,129.0,0.006079604061157,74.4000015258789,74.4000015258789,0,0,1,0,0,0,0,0,0,0,0,0,0,0,0,0,0,0,1,0,0
31.24239398833147,50.0,129.0,0.0057703603221608,74.4000015258789,74.4000015258789,0,0,1,0,0,0,0,0,0,0,0,0,0,0,0,0,0,0,1,0,0
9.888729595373556,33.595391008689084,191.0,0.037079280576864,78.69999694824219,78.69999694824219,0,0,0,1,0,0,0,0,0,0,0,0,1,0,0,0,0,0,0,0,0
122.21208565849294,33.595391008689084,191.5,0.0364847903627886,78.69999694824219,78.69999694824219,0,0,0,1,0,0,0,0,0,0,0,0,1,0,0,0,0,0,0,0,0
80.5172457277808,33.595391008689084,198.0,0.0367817220777742,78.69999694824219,78.69999694824219,0,0,0,1,0,0,0,0,0,0,0,0,1,0,0,0,0,0,0,0,0
103.54418276987607,33.595391008689084,208.0,0.0369965034807051,78.69999694824219,78.69999694824219,0,0,0,1,0,0,0,0,0,0,0,0,1,0,0,0,0,0,0,0,0
42.14654460702345,33.595391008689084,204.5,0.0363443295451971,78.69999694824219,78.69999694824219,0,0,0,1,0,0,0,0,0,0,0,0,1,0,0,0,0,0,0,0,0
80.51724572778079,33.595391008689084,198.0,0.0367817220777742,78.69999694824219,78.69999694824219,0,0,0,1,0,0,0,0,0,0,0,0,1,0,0,0,0,0,0,0,0
24.244469315259806,50.0,130.0,0.0021399575784511,86.80000305175781,86.80000305175781,0,0,1,0,0,0,0,0,0,0,1,0,0,0,0,0,0,0,0,0,0
8.842272736655772,50.0,130.0,0.0022000555716446,86.80000305175781,86.80000305175781,0,0,1,0,0,0,0,0,0,0,1,0,0,0,0,0,0,0,0,0,0
114.80721999359449,50.0,250.0,0.0244138030792686,78.69999694824219,78.69999694824219,0,0,0,1,0,0,0,0,0,0,0,0,0,0,1,0,0,0,0,0,0
80.85175995330297,30.0,247.0,0.0240478254061798,78.69999694824219,78.69999694824219,0,0,0,1,0,0,0,0,0,0,0,0,1,0,0,0,0,0,0,0,0
59.121936704419056,50.0,245.0,0.0236453550097668,78.69999694824219,78.69999694824219,0,0,0,1,0,0,0,0,0,0,0,0,0,0,1,0,0,0,0,0,0
84.62017368480214,30.0,131.0,0.0065328270173213,74.4000015258789,74.4000015258789,0,0,1,0,0,0,0,0,0,0,0,0,1,0,0,0,0,0,0,0,0
21.671197267097075,30.0,133.5,0.0062459252741327,74.4000015258789,74.4000015258789,0,0,1,0,0,0,0,0,0,0,0,0,1,0,0,0,0,0,0,0,0
36.67246739328501,30.0,134.0,0.0065547925446536,74.4000015258789,74.4000015258789,0,0,0,1,0,0,0,0,0,0,0,0,1,0,0,0,0,0,0,0,0
10.517060086214954,50.0,134.0,0.0067773775435463,74.4000015258789,74.4000015258789,0,0,0,1,0,0,0,0,0,0,0,0,0,0,1,0,0,0,0,0,0
108.0419315255862,50.0,132.0,0.0070684586561554,74.4000015258789,74.4000015258789,0,0,1,0,0,0,0,0,0,0,0,0,0,0,1,0,0,0,0,0,0
34.54925031636386,30.0,134.0,0.0065776394174329,74.4000015258789,74.4000015258789,0,0,0,1,0,0,0,0,0,0,0,0,1,0,0,0,0,0,0,0,0
544.2286984743455,30.0,147.0,0.004174489127028,74.4000015258789,74.4000015258789,0,0,1,0,0,0,0,0,0,0,0,0,1,0,0,0,0,0,0,0,0
47.6498793750954,33.595391008689084,148.0,0.0049080967285884,74.4000015258789,74.4000015258789,0,0,0,1,0,0,0,0,0,0,0,0,1,0,0,0,0,0,0,0,0
115.12764443047924,30.0,134.0,0.0061874592755218,74.4000015258789,74.4000015258789,0,0,0,1,0,0,0,0,0,0,0,0,1,0,0,0,0,0,0,0,0
85.10336763278025,30.0,134.5,0.0066798732277793,74.4000015258789,74.4000015258789,0,0,1,0,0,0,0,0,0,0,0,0,1,0,0,0,0,0,0,0,0
83.08148014562276,30.0,133.0,0.0059344365438545,74.4000015258789,74.4000015258789,0,0,1,0,0,0,0,0,0,0,0,0,1,0,0,0,0,0,0,0,0
11.892449380941398,33.595391008689084,128.0,0.0012649227892886,86.80000305175781,86.80000305175781,0,0,1,0,0,0,0,0,0,0,0,0,1,0,0,0,0,0,0,0,0
36.20083847359344,33.595391008689084,129.0,0.0013720494922614,86.80000305175781,86.80000305175781,0,0,1,0,0,0,0,0,0,0,0,0,1,0,0,0,0,0,0,0,0
67.71814440321394,33.595391008689084,130.0,0.0016694772469644,86.80000305175781,86.80000305175781,0,0,1,0,0,0,0,0,0,0,0,0,1,0,0,0,0,0,0,0,0
57.33805195704805,50.0,138.5,0.0049698556544323,94.10000610351562,94.10000610351562,0,0,0,1,0,0,0,0,0,0,0,0,0,0,0,0,1,0,0,0,0
34.19467365824586,50.0,136.5,0.0039884221922294,94.10000610351562,94.10000610351562,0,0,0,1,0,0,0,0,0,0,0,0,1,0,0,0,0,0,0,0,0
28.695869065797517,50.0,136.5,0.0040674451094323,94.10000610351562,94.10000610351562,0,0,0,1,0,0,0,0,0,0,1,0,0,0,0,0,0,0,0,0,0
26.333527217861324,50.0,137.0,0.0041845459670839,94.10000610351562,94.10000610351562,0,0,0,1,0,0,0,0,0,0,0,0,1,0,0,0,0,0,0,0,0
208.78140637688412,40.0,137.0,0.003567744717514,94.10000610351562,94.10000610351562,0,0,0,1,0,0,0,0,0,0,0,0,1,0,0,0,0,0,0,0,0
40.35184508039791,50.0,137.5,0.0043480966296141,94.10000610351562,94.10000610351562,0,0,0,1,0,0,0,0,0,0,0,0,0,0,0,0,0,1,0,0,0
21.28076837583692,44.583333333333336,259.0,0.0206135861342372,74.4000015258789,74.4000015258789,0,0,0,1,0,0,0,0,1,0,0,0,0,0,0,0,0,0,0,0,0
11.53957738573624,42.33796296296296,137.0,0.0098286025229245,78.69999694824219,78.69999694824219,0,1,1,0,0,0,0,0,0,0,0,0,0,0,0,0,1,0,0,0,0
40.22082948742637,50.0,135.0,0.0094140425685197,86.80000305175781,86.80000305175781,0,0,0,1,0,0,0,0,0,0,0,0,0,0,1,0,0,0,0,0,0
45.06282467116999,33.595391008689084,135.5,0.0094200014792398,86.80000305175781,86.80000305175781,0,0,0,1,0,0,0,0,0,0,0,0,1,0,0,0,0,0,0,0,0
19.74613805586021,50.0,129.0,0.0018956744026512,94.10000610351562,94.10000610351562,0,0,1,0,0,0,0,0,0,0,0,1,0,0,0,0,0,0,0,0,0
138.9440804212956,50.0,131.0,0.0018171427931769,94.10000610351562,94.10000610351562,0,0,1,0,0,0,0,0,0,0,1,0,0,0,0,0,0,0,0,0,0
205.85940702294027,70.0,132.5,0.0123137268647792,94.10000610351562,94.10000610351562,0,0,0,1,0,0,0,0,0,0,1,0,0,0,0,0,0,0,0,0,0
36.98345346389981,50.0,133.0,0.0119618541589071,94.10000610351562,94.10000610351562,0,0,0,1,0,0,0,0,0,0,0,1,0,0,0,0,0,0,0,0,0
26.06255718555422,50.0,133.0,0.0118241012293037,94.10000610351562,94.10000610351562,0,0,0,1,0,0,0,0,0,0,1,0,0,0,0,0,0,0,0,0,0
79.81183320250767,50.0,129.5,0.0014604676437044,94.10000610351562,94.10000610351562,0,0,1,0,0,0,0,0,0,0,1,0,0,0,0,0,0,0,0,0,0
54.13140036938748,50.0,130.5,0.0018330774929916,94.10000610351562,94.10000610351562,0,1,1,0,0,0,0,0,0,0,1,0,0,0,0,0,0,0,0,0,0
27.498511068486767,50.0,131.0,0.0018114132623068,94.10000610351562,94.10000610351562,0,0,1,0,0,0,0,0,0,0,1,0,0,0,0,0,0,0,0,0,0
19.744214324291804,50.0,129.0,0.0015460214621885,94.10000610351562,94.10000610351562,0,0,1,0,0,0,0,0,0,0,1,0,0,0,0,0,0,0,0,0,0
26.496379059950502,50.0,129.0,0.001464014279329,94.10000610351562,94.10000610351562,0,0,1,0,0,0,0,0,0,0,1,0,0,0,0,0,0,0,0,0,0
45.57886626110562,33.595391008689084,145.0,0.0150179538824701,78.69999694824219,78.69999694824219,0,0,0,1,0,0,0,0,0,0,0,0,1,0,0,0,0,0,0,0,0
101.9104984674186,50.0,145.0,0.0148062489666639,78.69999694824219,78.69999694824219,0,0,0,1,0,0,0,0,0,0,0,0,1,0,0,0,0,0,0,0,0
47.94160035538681,50.0,144.0,0.0147024918260142,78.69999694824219,78.69999694824219,0,0,0,1,0,0,0,0,0,0,0,0,1,0,0,0,0,0,0,0,0
40.55503331951672,50.0,130.0,0.0030998533404194,74.4000015258789,74.4000015258789,0,0,1,0,0,0,0,0,1,0,0,0,0,0,0,0,0,0,0,0,0
303.0962351388513,50.0,129.0,0.004334870469651,74.4000015258789,74.4000015258789,0,0,1,0,0,0,0,0,0,0,1,0,0,0,0,0,0,0,0,0,0
40.037185695759405,50.0,129.0,0.0032027603612079,74.4000015258789,74.4000015258789,0,0,1,0,0,0,0,0,0,0,1,0,0,0,0,0,0,0,0,0,0
22.001760834639544,50.0,129.0,0.0030215553648863,74.4000015258789,74.4000015258789,0,0,1,0,0,0,0,0,0,0,1,0,0,0,0,0,0,0,0,0,0
40.037185695759405,50.0,129.0,0.0032027603612079,74.4000015258789,74.4000015258789,0,0,1,0,0,0,0,0,0,0,1,0,0,0,0,0,0,0,0,0,0
25.712842894685355,50.0,130.0,0.0029839744853363,74.4000015258789,74.4000015258789,0,0,1,0,0,0,0,0,1,0,0,0,0,0,0,0,0,0,0,0,0
237.4038708752393,44.583333333333336,130.5,0.001730224745613,74.4000015258789,74.4000015258789,0,0,1,0,0,0,0,0,1,0,0,0,0,0,0,0,0,0,0,0,0
54.48500942957497,44.583333333333336,130.0,0.0027698233206148,74.4000015258789,74.4000015258789,0,0,1,0,0,0,0,0,1,0,0,0,0,0,0,0,0,0,0,0,0
46.82248952802333,44.583333333333336,130.0,0.0028351494618533,74.4000015258789,74.4000015258789,0,0,1,0,0,0,0,0,1,0,0,0,0,0,0,0,0,0,0,0,0
551.9461129152972,30.0,128.5,0.0046652321518461,74.4000015258789,74.4000015258789,0,0,1,0,0,0,0,0,0,0,0,0,1,0,0,0,0,0,0,0,0
186.69082061548625,50.0,129.0,0.0023907261519732,74.4000015258789,74.4000015258789,0,0,1,0,0,0,0,0,0,0,1,0,0,0,0,0,0,0,0,0,0
417.8306810832343,40.0,131.5,0.0013815276944543,74.4000015258789,74.4000015258789,1,0,1,0,0,0,0,0,0,0,1,0,0,0,0,0,0,0,0,0,0
10.313936896963767,50.0,133.5,0.0062259654671694,86.80000305175781,86.80000305175781,0,0,1,0,0,0,0,0,0,0,0,0,0,0,1,0,0,0,0,0,0
19.66425413707059,30.0,135.0,0.0095408571306463,86.80000305175781,86.80000305175781,0,0,0,1,0,0,0,0,0,0,0,0,1,0,0,0,0,0,0,0,0
19.676506998580344,50.0,135.0,0.0095363845252741,86.80000305175781,86.80000305175781,0,0,0,1,0,0,0,0,0,0,0,0,0,0,1,0,0,0,0,0,0
17.968696247491398,50.0,137.0,0.0140361551889771,78.69999694824219,78.69999694824219,0,0,0,1,0,0,0,0,0,0,0,0,0,0,1,0,0,0,0,0,0
36.2465880427682,33.595391008689084,137.0,0.0141329486959291,78.69999694824219,78.69999694824219,0,0,0,1,0,0,0,0,0,0,0,0,1,0,0,0,0,0,0,0,0
30.806864373369336,33.595391008689084,137.0,0.014044603402202,78.69999694824219,78.69999694824219,0,0,0,1,0,0,0,0,0,0,0,0,1,0,0,0,0,0,0,0,0
28.59087127409267,33.595391008689084,137.0,0.0140783831401711,78.69999694824219,78.69999694824219,0,0,0,1,0,0,0,0,0,0,0,0,1,0,0,0,0,0,0,0,0
520.0508137078706,33.595391008689084,135.5,0.0131920002324861,74.4000015258789,74.4000015258789,0,0,0,1,0,0,0,0,0,0,0,0,1,0,0,0,0,0,0,0,0
97.68195139469104,33.595391008689084,272.0,0.035670899342708,78.69999694824219,78.69999694824219,0,0,0,1,0,0,0,0,0,0,0,0,1,0,0,0,0,0,0,0,0
22.141240835665972,30.0,259.0,0.0532715593146429,78.69999694824219,78.69999694824219,0,0,0,1,0,0,0,0,0,0,0,0,1,0,0,0,0,0,0,0,0
73.83705802080273,33.595391008689084,258.5,0.0535355565796174,78.69999694824219,78.69999694824219,0,0,0,1,0,0,0,0,0,0,0,0,1,0,0,0,0,0,0,0,0
90.97460270093453,30.0,253.5,0.0537557436573291,78.69999694824219,78.69999694824219,0,0,0,1,0,0,0,0,0,0,0,0,1,0,0,0,0,0,0,0,0
73.83705802080273,33.595391008689084,258.5,0.0535355565796174,78.69999694824219,78.69999694824219,0,0,0,1,0,0,0,0,0,0,0,0,1,0,0,0,0,0,0,0,0
20.21980769981788,30.0,250.0,0.0497820107055813,78.69999694824219,78.69999694824219,0,0,0,1,0,0,0,0,0,0,0,0,0,0,0,0,1,0,0,0,0
136.87171795449046,33.595391008689084,247.0,0.0493553212630392,78.69999694824219,78.69999694824219,0,0,0,1,0,0,0,0,0,0,0,0,1,0,0,0,0,0,0,0,0
55.29098701853052,30.0,250.5,0.0500982259166494,78.69999694824219,78.69999694824219,0,0,0,1,0,0,0,0,0,0,0,0,0,0,0,0,1,0,0,0,0
49.0884666169389,30.0,148.0,0.0054550994648654,74.4000015258789,74.4000015258789,0,0,0,1,0,0,0,0,0,0,0,0,1,0,0,0,0,0,0,0,0
27.111715058806386,50.0,148.0,0.0058067471744129,74.4000015258789,74.4000015258789,0,0,0,1,0,0,0,0,0,0,0,0,1,0,0,0,0,0,0,0,0
366.9292185835861,47.53488372093023,132.0,0.0084180050601485,94.10000610351562,94.10000610351562,0,0,1,0,0,0,0,0,0,0,0,0,0,0,0,0,0,0,1,0,0
11.516814359581772,50.0,132.0,0.0075620337287723,94.10000610351562,94.10000610351562,0,0,1,0,0,0,0,0,0,0,0,0,1,0,0,0,0,0,0,0,0
41.53065813332304,50.0,132.0,0.0076212989626077,94.10000610351562,94.10000610351562,0,0,1,0,0,0,0,0,0,0,0,0,1,0,0,0,0,0,0,0,0
9.93090679018626,50.0,132.0,0.0073697109848552,94.10000610351562,94.10000610351562,0,0,1,0,0,0,0,0,0,0,0,0,1,0,0,0,0,0,0,0,0
33.37512382218042,50.0,132.0,0.0072058670737614,94.10000610351562,94.10000610351562,0,0,1,0,0,0,0,0,0,0,0,0,1,0,0,0,0,0,0,0,0
32.1794011795033,50.0,132.0,0.0075645490987279,94.10000610351562,94.10000610351562,0,0,1,0,0,0,0,0,0,0,0,0,1,0,0,0,0,0,0,0,0
115.40119804251704,33.595391008689084,132.5,0.0065007674406897,94.10000610351562,94.10000610351562,0,0,1,0,0,0,0,0,0,0,0,0,1,0,0,0,0,0,0,0,0
34.6416395904233,50.0,132.0,0.0072123102090221,94.10000610351562,94.10000610351562,0,0,1,0,0,0,0,0,0,0,0,0,1,0,0,0,0,0,0,0,0
9.93865103334385,50.0,132.0,0.0074736645977603,94.10000610351562,94.10000610351562,0,0,1,0,0,0,0,0,0,0,0,0,1,0,0,0,0,0,0,0,0
46.34328126122904,50.0,132.0,0.0074372176473467,94.10000610351562,94.10000610351562,0,0,1,0,0,0,0,0,0,0,0,0,1,0,0,0,0,0,0,0,0
45.485779104990726,50.0,132.0,0.0073915300547838,94.10000610351562,94.10000610351562,0,0,1,0,0,0,0,0,0,0,0,0,1,0,0,0,0,0,0,0,0
248.28911079777595,50.0,133.0,0.0071486278951056,94.10000610351562,94.10000610351562,0,0,1,0,0,0,0,0,0,0,0,0,1,0,0,0,0,0,0,0,0
521.7008394504231,50.0,133.0,0.0085962281222775,94.10000610351562,94.10000610351562,0,0,1,0,0,0,0,0,0,0,0,0,0,0,0,0,0,0,1,0,0
41.82655725100924,50.0,132.0,0.007669011240968,94.10000610351562,94.10000610351562,0,0,1,0,0,0,0,0,0,0,0,0,1,0,0,0,0,0,0,0,0
12.13454197558293,50.0,132.0,0.007395622427396,94.10000610351562,94.10000610351562,0,0,1,0,0,0,0,0,0,0,0,0,1,0,0,0,0,0,0,0,0
17.453330658576142,50.0,132.0,0.0074452377852639,94.10000610351562,94.10000610351562,0,0,1,0,0,0,0,0,0,0,0,0,1,0,0,0,0,0,0,0,0
95.21839417743604,50.0,240.0,0.0459331389537901,78.69999694824219,78.69999694824219,0,0,0,1,0,0,0,0,0,0,0,0,1,0,0,0,0,0,0,0,0
526.5005552691467,50.0,218.0,0.0468864132793472,78.69999694824219,78.69999694824219,0,0,0,1,0,0,0,0,0,0,0,0,1,0,0,0,0,0,0,0,0
160.49274359835104,33.595391008689084,236.0,0.0450232913886263,78.69999694824219,78.69999694824219,0,0,0,1,0,0,0,0,0,0,0,0,1,0,0,0,0,0,0,0,0
49.821835629443065,15.5531914893617,247.5,0.0441753949343706,78.69999694824219,78.69999694824219,0,0,0,1,0,1,0,0,0,0,0,0,0,0,0,0,0,0,0,0,0
33.97212576400453,50.0,194.0,0.046715880910134,78.69999694824219,78.69999694824219,0,0,0,1,0,0,0,0,0,0,0,0,0,0,0,0,0,1,0,0,0
30.02410041626437,70.0,194.0,0.0466510065444615,78.69999694824219,78.69999694824219,0,0,0,1,0,0,0,0,0,0,0,0,0,0,1,0,0,0,0,0,0
1353.289302809292,60.0,185.5,0.0411048929389134,78.69999694824219,78.69999694824219,0,0,0,1,0,0,0,0,0,0,0,0,0,0,1,0,0,0,0,0,0
6.265170289140004,70.0,196.5,0.0467457923825686,78.69999694824219,78.69999694824219,0,0,0,1,0,0,0,0,0,0,0,0,0,0,1,0,0,0,0,0,0
19.869323540093056,50.0,194.0,0.0467950008889031,78.69999694824219,78.69999694824219,0,0,0,1,0,0,0,0,0,0,0,0,0,0,0,0,0,1,0,0,0
30.02410041626437,70.0,194.0,0.0466510065444615,78.69999694824219,78.69999694824219,0,0,0,1,0,0,0,0,0,0,0,0,0,0,1,0,0,0,0,0,0
6.265170289140004,70.0,196.5,0.0467457923825686,78.69999694824219,78.69999694824219,0,0,0,1,0,0,0,0,0,0,0,0,0,0,1,0,0,0,0,0,0
153.68430474833482,70.0,203.0,0.046872284107971,78.69999694824219,78.69999694824219,0,0,0,1,0,0,0,0,0,0,0,0,0,0,1,0,0,0,0,0,0
159.7723258416119,70.0,265.5,0.0372149338121646,78.69999694824219,78.69999694824219,0,0,0,1,0,0,0,0,0,0,0,0,0,0,1,0,0,0,0,0,0
117.78165775251104,70.0,259.5,0.0384697151157279,78.69999694824219,78.69999694824219,0,0,0,1,0,0,0,0,0,0,0,0,0,0,1,0,0,0,0,0,0
29.331641314205573,50.0,256.5,0.0392194881780852,78.69999694824219,78.69999694824219,0,0,0,1,0,0,0,0,0,0,0,0,0,0,0,0,0,1,0,0,0
54.16056085674927,42.33796296296296,255.0,0.0391497558631399,78.69999694824219,78.69999694824219,0,0,0,1,0,0,0,0,0,0,0,0,0,0,0,0,1,0,0,0,0
62.68553841455827,50.0,257.0,0.0391628202405256,78.69999694824219,78.69999694824219,0,0,0,1,0,0,0,0,0,0,0,0,0,0,0,0,0,1,0,0,0
28.59063720301179,70.0,255.0,0.0394779300037463,78.69999694824219,78.69999694824219,0,0,0,1,0,0,0,0,0,0,0,0,0,0,1,0,0,0,0,0,0
33.015215294529995,50.0,256.0,0.0392719212180297,78.69999694824219,78.69999694824219,0,0,0,1,0,0,0,0,0,0,0,0,0,0,0,0,0,1,0,0,0
10.589325327802936,70.0,256.5,0.03921525328047,78.69999694824219,78.69999694824219,0,0,0,1,0,0,0,0,0,0,0,0,0,0,1,0,0,0,0,0,0
117.78165775251104,70.0,259.5,0.0384697151157279,78.69999694824219,78.69999694824219,0,0,0,1,0,0,0,0,0,0,0,0,0,0,1,0,0,0,0,0,0
10.589325327802936,70.0,256.5,0.03921525328047,78.69999694824219,78.69999694824219,0,0,0,1,0,0,0,0,0,0,0,0,0,0,1,0,0,0,0,0,0
28.59063720301179,70.0,255.0,0.0394779300037463,78.69999694824219,78.69999694824219,0,0,0,1,0,0,0,0,0,0,0,0,0,0,1,0,0,0,0,0,0
48.23189127015452,50.0,256.0,0.039463833553271,78.69999694824219,78.69999694824219,0,0,0,1,0,0,0,0,0,0,0,0,0,0,0,0,0,1,0,0,0
1058.8292086290885,70.0,231.0,0.0433264761565115,78.69999694824219,78.69999694824219,0,0,0,1,0,0,0,0,0,0,0,0,0,0,1,0,0,0,0,0,0
23.618416350735043,80.0,139.0,0.0018855643193535,74.4000015258789,74.4000015258789,1,0,0,1,0,0,0,1,0,0,0,0,0,0,0,0,0,0,0,0,0
472.22206208408255,80.0,135.0,0.0016401669506751,74.4000015258789,74.4000015258789,1,1,1,0,0,0,0,1,0,0,0,0,0,0,0,0,0,0,0,0,0
23.618416350735043,80.0,139.0,0.0018855643193535,74.4000015258789,74.4000015258789,1,0,0,1,0,0,0,1,0,0,0,0,0,0,0,0,0,0,0,0,0
174.99751176965952,80.0,132.0,0.0010064427373368,74.4000015258789,74.4000015258789,0,0,1,0,0,0,0,1,0,0,0,0,0,0,0,0,0,0,0,0,0
202.97012449457387,44.583333333333336,132.5,0.0020084604327886,74.4000015258789,74.4000015258789,0,0,1,0,0,0,0,0,1,0,0,0,0,0,0,0,0,0,0,0,0
27.40822106279525,50.0,145.0,0.0142247344550053,78.69999694824219,78.69999694824219,0,0,0,1,0,0,0,0,0,0,0,0,0,0,1,0,0,0,0,0,0
28.04076929002624,33.595391008689084,145.0,0.0140604502102744,78.69999694824219,78.69999694824219,0,0,0,1,0,0,0,0,0,0,0,0,1,0,0,0,0,0,0,0,0
14.854829694402651,70.0,130.0,0.0096432487534944,74.4000015258789,74.4000015258789,0,0,1,0,0,0,0,0,0,0,1,0,0,0,0,0,0,0,0,0,0
467.4390711607388,70.0,130.5,0.0106271328980516,74.4000015258789,74.4000015258789,1,0,1,0,0,0,0,0,0,0,1,0,0,0,0,0,0,0,0,0,0
76.89082856827075,15.5531914893617,129.5,0.0014337932204334,74.4000015258789,74.4000015258789,0,0,1,0,0,1,0,0,0,0,0,0,0,0,0,0,0,0,0,0,0
124.56733708130554,30.0,132.5,0.0055117501019787,74.4000015258789,74.4000015258789,0,0,1,0,0,0,0,0,0,0,0,0,0,0,1,0,0,0,0,0,0
217.95755705770185,30.0,129.5,0.0040683783564767,74.4000015258789,74.4000015258789,0,0,1,0,0,0,0,0,0,0,0,0,0,0,1,0,0,0,0,0,0
32.418817156044256,30.0,129.0,0.0030333416782331,74.4000015258789,74.4000015258789,0,0,1,0,0,0,0,0,0,0,0,0,0,0,1,0,0,0,0,0,0
33.10161842217103,15.5531914893617,129.0,0.0031402197056649,74.4000015258789,74.4000015258789,0,0,1,0,0,1,0,0,0,0,0,0,0,0,0,0,0,0,0,0,0
217.95755705770185,30.0,129.5,0.0040683783564767,74.4000015258789,74.4000015258789,0,0,1,0,0,0,0,0,0,0,0,0,0,0,1,0,0,0,0,0,0
162.32150177060143,30.0,133.5,0.0028282812056076,94.10000610351562,94.10000610351562,0,1,1,0,0,0,0,0,0,0,0,0,1,0,0,0,0,0,0,0,0
620.6016275571438,50.0,133.5,0.0020026928653616,94.10000610351562,94.10000610351562,0,0,0,1,0,0,0,0,0,0,1,0,0,0,0,0,0,0,0,0,0
9.307378847342347,42.33796296296296,172.0,0.0084403956945846,94.10000610351562,94.10000610351562,0,0,0,1,0,0,0,0,0,0,0,0,0,0,0,0,1,0,0,0,0
14.31700270900206,30.0,172.0,0.0084461353279212,94.10000610351562,94.10000610351562,0,0,0,1,0,0,0,0,0,0,0,0,0,0,0,0,1,0,0,0,0
5.349707668087467,42.33796296296296,172.0,0.0084998555340103,94.10000610351562,94.10000610351562,0,0,0,1,0,0,0,0,0,0,0,0,0,0,0,0,1,0,0,0,0
9.277912075046729,42.33796296296296,172.0,0.0082613425649565,94.10000610351562,94.10000610351562,0,0,0,1,0,0,0,0,0,0,0,0,0,0,0,0,1,0,0,0,0
29.885427172095987,30.0,170.0,0.0080619278717561,94.10000610351562,94.10000610351562,0,0,0,1,0,0,0,0,0,0,0,0,1,0,0,0,0,0,0,0,0
7.484531468151608,42.33796296296296,172.0,0.0082658764771253,94.10000610351562,94.10000610351562,0,0,0,1,0,0,0,0,0,0,0,0,0,0,0,0,1,0,0,0,0
228.08522309367103,33.595391008689084,166.5,0.0201333555170083,78.69999694824219,78.69999694824219,0,0,0,1,0,0,0,0,0,0,0,0,1,0,0,0,0,0,0,0,0
29.73251538066836,15.5531914893617,167.0,0.0220191662450521,78.69999694824219,78.69999694824219,0,0,0,1,0,1,0,0,0,0,0,0,0,0,0,0,0,0,0,0,0
51.583416139620496,15.5531914893617,169.0,0.0232663330228459,78.69999694824219,78.69999694824219,0,0,0,1,0,1,0,0,0,0,0,0,0,0,0,0,0,0,0,0,0
51.583416139620496,15.5531914893617,169.0,0.0232663330228459,78.69999694824219,78.69999694824219,0,0,0,1,0,1,0,0,0,0,0,0,0,0,0,0,0,0,0,0,0
134.0472770135769,15.5531914893617,167.5,0.0226506352016495,78.69999694824219,78.69999694824219,0,0,0,1,0,1,0,0,0,0,0,0,0,0,0,0,0,0,0,0,0
18.65211927477793,15.5531914893617,171.0,0.0234901605034344,78.69999694824219,78.69999694824219,0,0,0,1,0,1,0,0,0,0,0,0,0,0,0,0,0,0,0,0,0
19.4044042367968,30.0,171.5,0.0232399820632379,78.69999694824219,78.69999694824219,0,0,0,1,0,0,0,0,0,0,0,0,1,0,0,0,0,0,0,0,0
29.73251538066836,15.5531914893617,167.0,0.0220191662450521,78.69999694824219,78.69999694824219,0,0,0,1,0,1,0,0,0,0,0,0,0,0,0,0,0,0,0,0,0
302.840890095162,30.0,165.0,0.0202509580056467,78.69999694824219,78.69999694824219,0,0,0,1,0,0,1,0,0,0,0,0,0,0,0,0,0,0,0,0,0
134.04727701357686,15.5531914893617,167.5,0.0226506352016495,78.69999694824219,78.69999694824219,0,0,0,1,0,1,0,0,0,0,0,0,0,0,0,0,0,0,0,0,0
20.072671329815645,30.0,171.5,0.0232399820632379,78.69999694824219,78.69999694824219,0,0,0,1,0,0,0,0,0,0,0,0,1,0,0,0,0,0,0,0,0
205.2435760090913,30.0,170.0,0.0218032909867132,78.69999694824219,78.69999694824219,0,0,0,1,0,0,0,0,0,0,0,0,1,0,0,0,0,0,0,0,0
28.174898576780613,15.5531914893617,172.5,0.0238275934663453,78.69999694824219,78.69999694824219,0,0,0,1,0,1,0,0,0,0,0,0,0,0,0,0,0,0,0,0,0
16.972219672274093,15.5531914893617,172.5,0.0239369512638839,78.69999694824219,78.69999694824219,0,0,0,1,0,1,0,0,0,0,0,0,0,0,0,0,0,0,0,0,0
50.07769820507032,15.5531914893617,170.5,0.0242384128694691,78.69999694824219,78.69999694824219,0,0,0,1,0,1,0,0,0,0,0,0,0,0,0,0,0,0,0,0,0
50.07769820507032,15.5531914893617,170.5,0.0242384128694691,78.69999694824219,78.69999694824219,0,0,0,1,0,1,0,0,0,0,0,0,0,0,0,0,0,0,0,0,0
48.77090327067541,15.5531914893617,170.5,0.0239522363575392,78.69999694824219,78.69999694824219,0,0,0,1,0,1,0,0,0,0,0,0,0,0,0,0,0,0,0,0,0
18.65211927477793,15.5531914893617,171.0,0.0234901605034344,78.69999694824219,78.69999694824219,0,0,0,1,0,1,0,0,0,0,0,0,0,0,0,0,0,0,0,0,0
48.77090327067541,15.5531914893617,170.5,0.0239522363575392,78.69999694824219,78.69999694824219,0,0,0,1,0,1,0,0,0,0,0,0,0,0,0,0,0,0,0,0,0
65.45029820912436,15.5531914893617,170.0,0.0235735066218811,78.69999694824219,78.69999694824219,0,0,0,1,0,1,0,0,0,0,0,0,0,0,0,0,0,0,0,0,0
28.63424271107653,15.5531914893617,172.0,0.0236901268123207,78.69999694824219,78.69999694824219,0,0,0,1,0,1,0,0,0,0,0,0,0,0,0,0,0,0,0,0,0
54.689123379175655,15.5531914893617,172.5,0.0241380333966731,78.69999694824219,78.69999694824219,0,0,0,1,0,1,0,0,0,0,0,0,0,0,0,0,0,0,0,0,0
65.45029820912436,15.5531914893617,170.0,0.0235735066218811,78.69999694824219,78.69999694824219,0,0,0,1,0,1,0,0,0,0,0,0,0,0,0,0,0,0,0,0,0
28.174898576780613,15.5531914893617,172.5,0.0238275934663453,78.69999694824219,78.69999694824219,0,0,0,1,0,1,0,0,0,0,0,0,0,0,0,0,0,0,0,0,0
54.689123379175655,15.5531914893617,172.5,0.0241380333966731,78.69999694824219,78.69999694824219,0,0,0,1,0,1,0,0,0,0,0,0,0,0,0,0,0,0,0,0,0
28.63424271107653,15.5531914893617,172.0,0.0236901268123207,78.69999694824219,78.69999694824219,0,0,0,1,0,1,0,0,0,0,0,0,0,0,0,0,0,0,0,0,0
10.875342898280843,50.0,277.0,0.0392992009970881,78.69999694824219,78.69999694824219,0,0,0,1,0,0,0,0,0,0,0,0,1,0,0,0,0,0,0,0,0
19.633219886988176,50.0,278.0,0.0391919017675722,78.69999694824219,78.69999694824219,0,0,0,1,0,0,0,0,0,0,0,0,1,0,0,0,0,0,0,0,0
65.72862585373574,30.0,145.0,0.0183483298554243,78.69999694824219,78.69999694824219,0,0,0,1,0,0,0,0,0,0,0,0,1,0,0,0,0,0,0,0,0
12.70133185710228,30.0,145.0,0.0178391818906426,78.69999694824219,78.69999694824219,0,0,0,1,0,0,0,0,0,0,0,0,1,0,0,0,0,0,0,0,0
10.563199176627789,50.0,145.0,0.0177643472114154,78.69999694824219,78.69999694824219,0,0,0,1,0,0,0,0,0,0,0,0,0,0,1,0,0,0,0,0,0
12.70133185710228,30.0,145.0,0.0178391818906426,78.69999694824219,78.69999694824219,0,0,0,1,0,0,0,0,0,0,0,0,1,0,0,0,0,0,0,0,0
42.41682635802124,33.595391008689084,156.5,0.0046410756339365,94.10000610351562,94.10000610351562,0,0,0,1,0,0,0,0,0,0,0,0,1,0,0,0,0,0,0,0,0
40.85143212231919,50.0,154.5,0.0044030558279189,94.10000610351562,94.10000610351562,0,0,0,1,0,0,0,0,0,0,1,0,0,0,0,0,0,0,0,0,0
210.6303873674353,50.0,163.0,0.0052990447839256,94.10000610351562,94.10000610351562,0,0,0,1,0,0,0,0,0,0,1,0,0,0,0,0,0,0,0,0,0
34.90967042721847,50.0,132.0,0.0023269362704229,94.10000610351562,94.10000610351562,0,0,0,1,0,0,0,0,0,0,1,0,0,0,0,0,0,0,0,0,0
41.07793668001964,50.8,132.5,0.0025003243115134,94.10000610351562,94.10000610351562,0,0,0,1,0,0,0,0,0,0,0,1,0,0,0,0,0,0,0,0,0
460.2066356674889,33.595391008689084,132.0,0.0041519075749287,74.4000015258789,74.4000015258789,0,0,1,0,0,0,0,0,0,0,0,0,1,0,0,0,0,0,0,0,0
345.2116756923846,50.0,131.5,0.0020796280166624,74.4000015258789,74.4000015258789,0,0,1,0,0,0,0,0,0,0,1,0,0,0,0,0,0,0,0,0,0
40.092243169361225,50.0,131.0,0.003169173906157,74.4000015258789,74.4000015258789,0,0,1,0,0,0,0,0,0,0,0,0,1,0,0,0,0,0,0,0,0
17.853884444854742,50.0,131.0,0.0030159707818949,74.4000015258789,74.4000015258789,0,0,1,0,0,0,0,0,0,0,1,0,0,0,0,0,0,0,0,0,0
51.81855639161431,30.0,130.5,0.0021605259448395,74.4000015258789,74.4000015258789,0,0,1,0,0,0,0,0,0,0,0,0,1,0,0,0,0,0,0,0,0
193.58452308319136,50.0,131.5,0.0026624452681925,74.4000015258789,74.4000015258789,0,0,1,0,0,0,0,0,0,0,1,0,0,0,0,0,0,0,0,0,0
11.956620184132358,50.0,131.5,0.0029765243626736,74.4000015258789,74.4000015258789,0,0,1,0,0,0,0,0,0,0,0,0,1,0,0,0,0,0,0,0,0
107.40188519241448,50.0,131.5,0.0027786390896742,74.4000015258789,74.4000015258789,0,0,1,0,0,0,0,0,0,0,1,0,0,0,0,0,0,0,0,0,0
10.27940622770952,50.0,131.0,0.0033768073945107,74.4000015258789,74.4000015258789,0,0,1,0,0,0,0,0,0,0,0,0,1,0,0,0,0,0,0,0,0
35.77372780927516,50.0,131.0,0.0031702732262306,74.4000015258789,74.4000015258789,0,0,1,0,0,0,0,0,0,0,0,0,1,0,0,0,0,0,0,0,0
32.844753890633086,50.0,131.0,0.0031787671797309,74.4000015258789,74.4000015258789,0,0,1,0,0,0,0,0,0,0,0,0,1,0,0,0,0,0,0,0,0
12.461491393705582,50.0,131.0,0.0030170701019685,74.4000015258789,74.4000015258789,0,0,1,0,0,0,0,0,0,0,1,0,0,0,0,0,0,0,0,0,0
11.197311007345869,50.0,131.5,0.0029680304091733,74.4000015258789,74.4000015258789,0,0,1,0,0,0,0,0,0,0,0,0,1,0,0,0,0,0,0,0,0
241.6874579679276,50.0,131.5,0.0026559774847532,74.4000015258789,74.4000015258789,0,0,1,0,0,0,0,0,0,0,1,0,0,0,0,0,0,0,0,0,0
67.71814440321394,33.595391008689084,130.0,0.0016694772469644,86.80000305175781,86.80000305175781,0,0,1,0,0,0,0,0,0,0,0,0,1,0,0,0,0,0,0,0,0
154.32135518582868,50.0,131.5,0.0019842932720716,86.80000305175781,86.80000305175781,0,0,1,0,0,0,0,0,0,0,1,0,0,0,0,0,0,0,0,0,0
28.619264887686583,50.0,132.0,0.0021059286238358,86.80000305175781,86.80000305175781,0,0,1,0,0,0,0,0,0,0,0,1,0,0,0,0,0,0,0,0,0
28.76020485489054,50.0,132.0,0.0020320595599272,86.80000305175781,86.80000305175781,0,0,1,0,0,0,0,0,0,0,0,1,0,0,0,0,0,0,0,0,0
52.25927012727831,50.0,132.0,0.002124584125392,86.80000305175781,86.80000305175781,0,0,1,0,0,0,0,0,0,0,1,0,0,0,0,0,0,0,0,0,0
30.590020173477704,50.0,154.0,0.0019638103940706,86.80000305175781,86.80000305175781,0,0,0,1,0,0,0,0,0,0,1,0,0,0,0,0,0,0,0,0,0
104.50499085921716,50.0,152.0,0.0017858348581135,86.80000305175781,86.80000305175781,0,0,0,1,0,0,0,0,0,0,1,0,0,0,0,0,0,0,0,0,0
29.122756751644623,50.0,154.0,0.0018318256633593,86.80000305175781,86.80000305175781,0,0,0,1,0,0,0,0,0,0,1,0,0,0,0,0,0,0,0,0,0
25.26212716449241,50.0,129.0,0.0026932437041739,86.80000305175781,86.80000305175781,0,0,0,1,0,0,0,0,0,0,1,0,0,0,0,0,0,0,0,0,0
26.215827334145104,50.0,129.0,0.0028068735728765,86.80000305175781,86.80000305175781,0,0,0,1,0,0,0,0,0,0,0,0,0,0,0,1,0,0,0,0,0
25.4623133126678,50.0,131.0,0.0033163431208522,86.80000305175781,86.80000305175781,0,0,1,0,0,0,0,0,0,0,0,0,1,0,0,0,0,0,0,0,0
19.95724275271988,50.0,130.0,0.0032117039571132,86.80000305175781,86.80000305175781,0,0,1,0,0,0,0,0,0,0,1,0,0,0,0,0,0,0,0,0,0
20.07425463259616,50.0,131.0,0.0032545719004364,86.80000305175781,86.80000305175781,0,0,1,0,0,0,0,0,0,0,1,0,0,0,0,0,0,0,0,0,0
11.985499908662014,50.0,130.0,0.0031642036805363,86.80000305175781,86.80000305175781,0,0,1,0,0,0,0,0,0,0,0,0,1,0,0,0,0,0,0,0,0
8.865159690026609,50.0,130.0,0.003232969112271,86.80000305175781,86.80000305175781,0,0,1,0,0,0,0,0,0,0,1,0,0,0,0,0,0,0,0,0,0
16.303345790599508,50.0,131.0,0.0033314135611024,86.80000305175781,86.80000305175781,0,0,1,0,0,0,0,0,0,0,0,0,1,0,0,0,0,0,0,0,0
33.65687005906735,50.0,132.0,0.0036836274534378,86.80000305175781,86.80000305175781,0,0,1,0,0,0,0,0,0,0,0,0,1,0,0,0,0,0,0,0,0
20.263336938099048,50.0,133.0,0.0040258973620244,94.10000610351562,94.10000610351562,0,0,1,0,0,0,0,0,0,0,0,0,1,0,0,0,0,0,0,0,0
35.51932473100514,50.0,132.0,0.0036664067371726,86.80000305175781,86.80000305175781,0,0,1,0,0,0,0,0,0,0,0,0,1,0,0,0,0,0,0,0,0
33.64023475969907,50.0,137.5,0.0147756451029766,78.69999694824219,78.69999694824219,0,0,0,1,0,0,0,0,0,0,0,0,0,0,1,0,0,0,0,0,0
34.05823768735859,50.0,138.0,0.0147352731129306,78.69999694824219,78.69999694824219,0,0,0,1,0,0,0,0,0,0,0,0,0,0,0,1,0,0,0,0,0
62.117691296830834,50.0,138.5,0.0142335018115001,78.69999694824219,78.69999694824219,0,0,0,1,0,0,0,0,0,0,0,0,0,0,1,0,0,0,0,0,0
39.09019500287127,15.5531914893617,154.0,0.012775725897363,94.10000610351562,94.10000610351562,0,0,0,1,0,1,0,0,0,0,0,0,0,0,0,0,0,0,0,0,0
21.94934679899499,30.0,154.0,0.0129356661139316,94.10000610351562,94.10000610351562,0,0,0,1,0,0,0,0,0,0,0,0,1,0,0,0,0,0,0,0,0
158.09236415528426,30.0,129.0,0.0074877033980458,74.4000015258789,74.4000015258789,0,0,1,0,0,0,0,0,0,0,0,0,1,0,0,0,0,0,0,0,0
10.50909690824752,50.0,130.0,0.0073079194548848,74.4000015258789,74.4000015258789,0,0,1,0,0,0,0,0,0,0,0,0,0,0,1,0,0,0,0,0,0
108.0419315255862,50.0,132.0,0.0070684586561554,74.4000015258789,74.4000015258789,0,0,1,0,0,0,0,0,0,0,0,0,0,0,1,0,0,0,0,0,0
47.77827354716392,30.0,130.0,0.0075916856157167,74.4000015258789,74.4000015258789,0,0,1,0,0,0,0,0,0,0,0,0,0,0,1,0,0,0,0,0,0
44.67630112155406,30.0,130.0,0.0075629121746164,74.4000015258789,74.4000015258789,0,0,1,0,0,0,0,0,0,0,0,0,0,0,1,0,0,0,0,0,0
86.65584999994945,30.0,129.5,0.0082286582022388,74.4000015258789,74.4000015258789,0,0,1,0,0,0,0,0,0,0,0,0,0,0,1,0,0,0,0,0,0
10.50909690824752,50.0,130.0,0.0073079194548848,74.4000015258789,74.4000015258789,0,0,1,0,0,0,0,0,0,0,0,0,0,0,1,0,0,0,0,0,0
293.2542186018888,50.0,129.0,0.0055846246245873,74.4000015258789,74.4000015258789,0,0,1,0,0,0,0,0,0,0,0,0,0,0,1,0,0,0,0,0,0
36.913396093739024,70.0,128.0,0.0027646564462812,74.4000015258789,74.4000015258789,0,0,1,0,0,0,0,0,0,0,1,0,0,0,0,0,0,0,0,0,0
38.66240117925507,50.0,128.0,0.0029020540045633,74.4000015258789,74.4000015258789,0,0,1,0,0,0,0,0,0,0,0,0,0,0,0,1,0,0,0,0,0
51.836084085368185,50.0,128.0,0.0035628793145567,74.4000015258789,74.4000015258789,0,0,1,0,0,0,0,0,0,0,0,0,0,0,1,0,0,0,0,0,0
293.25421860188874,50.0,129.0,0.0055846246245873,74.4000015258789,74.4000015258789,0,0,1,0,0,0,0,0,0,0,0,0,0,0,1,0,0,0,0,0,0
37.19015568191183,70.0,127.5,0.0029524653522288,74.4000015258789,74.4000015258789,0,0,1,0,0,0,0,0,0,0,1,0,0,0,0,0,0,0,0,0,0
1616.9578794671795,100.0,126.5,0.0021372307299329,74.4000015258789,74.4000015258789,1,1,1,0,0,0,0,0,0,0,1,0,0,0,0,0,0,0,0,0,0
57.16501851776104,50.0,128.0,0.0035062422991186,74.4000015258789,74.4000015258789,0,0,1,0,0,0,0,0,0,0,0,0,0,0,1,0,0,0,0,0,0
46.6730152751667,50.0,127.5,0.003146499925949,74.4000015258789,74.4000015258789,0,0,1,0,0,0,0,0,0,0,0,0,0,0,0,1,0,0,0,0,0
29.206218578244727,50.0,128.0,0.0030416208200031,74.4000015258789,74.4000015258789,0,0,1,0,0,0,0,0,0,0,0,0,0,0,1,0,0,0,0,0,0
43.18908111729511,15.5531914893617,252.5,0.0403318731563077,78.69999694824219,78.69999694824219,0,0,0,1,0,1,0,0,0,0,0,0,0,0,0,0,0,0,0,0,0
38.00908691492418,15.5531914893617,253.5,0.0400651778662657,78.69999694824219,78.69999694824219,0,0,0,1,0,1,0,0,0,0,0,0,0,0,0,0,0,0,0,0,0
92.34418793869534,15.5531914893617,252.0,0.0408550663974782,78.69999694824219,78.69999694824219,0,0,0,1,0,1,0,0,0,0,0,0,0,0,0,0,0,0,0,0,0
42.3402493052984,15.5531914893617,254.0,0.0401494569574022,78.69999694824219,78.69999694824219,0,0,0,1,0,1,0,0,0,0,0,0,0,0,0,0,0,0,0,0,0
38.00908691492418,15.5531914893617,253.5,0.0400651778662657,78.69999694824219,78.69999694824219,0,0,0,1,0,1,0,0,0,0,0,0,0,0,0,0,0,0,0,0,0
42.3402493052984,15.5531914893617,254.0,0.0401494569574022,78.69999694824219,78.69999694824219,0,0,0,1,0,1,0,0,0,0,0,0,0,0,0,0,0,0,0,0,0
87.24081741085357,33.595391008689084,146.5,0.0148071977051786,74.4000015258789,74.4000015258789,0,0,0,1,0,0,0,0,0,0,0,0,1,0,0,0,0,0,0,0,0
599.1192743791635,50.0,134.0,0.0134709719743324,74.4000015258789,74.4000015258789,0,0,1,0,0,0,0,0,0,0,0,0,0,0,0,0,0,0,0,0,1
371.5263629826842,50.0,138.5,0.0128939416963722,74.4000015258789,74.4000015258789,0,0,0,1,0,0,0,0,0,0,0,0,1,0,0,0,0,0,0,0,0
185.26642308077533,50.0,141.0,0.0145887090532806,74.4000015258789,74.4000015258789,0,0,0,1,0,0,0,0,0,0,0,0,1,0,0,0,0,0,0,0,0
71.8334682456466,33.595391008689084,132.0,0.0107721373977324,74.4000015258789,74.4000015258789,0,0,0,1,0,0,0,0,0,0,0,0,1,0,0,0,0,0,0,0,0
124.8482264768084,33.595391008689084,132.0,0.0107721373977324,74.4000015258789,74.4000015258789,0,0,0,1,0,0,0,0,0,0,0,0,1,0,0,0,0,0,0,0,0
97.31235605212817,33.595391008689084,135.0,0.0109437785933291,74.4000015258789,74.4000015258789,0,0,0,1,0,0,0,0,0,0,0,0,1,0,0,0,0,0,0,0,0
124.84822647680838,33.595391008689084,132.0,0.0107721373977324,74.4000015258789,74.4000015258789,0,0,0,1,0,0,0,0,0,0,0,0,1,0,0,0,0,0,0,0,0
71.83346824564659,33.595391008689084,132.0,0.0107721373977324,74.4000015258789,74.4000015258789,0,0,0,1,0,0,0,0,0,0,0,0,1,0,0,0,0,0,0,0,0
24.78948719352067,33.595391008689084,132.0,0.0105290638533304,74.4000015258789,74.4000015258789,0,0,0,1,0,0,0,0,0,0,0,0,1,0,0,0,0,0,0,0,0
6.222749905771116,50.0,133.0,0.0058112298926053,86.80000305175781,86.80000305175781,0,0,1,0,0,0,0,0,0,0,0,0,0,0,1,0,0,0,0,0,0
120.45190445192,50.0,135.0,0.0024190716971731,86.80000305175781,86.80000305175781,0,0,0,1,0,0,0,0,0,0,0,0,0,0,0,0,1,0,0,0,0
15.456209485193517,50.0,136.0,0.0019959332901468,86.80000305175781,86.80000305175781,0,0,0,1,0,0,0,0,0,0,0,0,0,0,0,0,1,0,0,0,0
20.313050607789563,50.0,132.5,0.0030141265187788,86.80000305175781,86.80000305175781,0,0,1,0,0,0,0,0,0,0,0,0,1,0,0,0,0,0,0,0,0
36.158907696032685,50.0,132.0,0.0028226505887534,86.80000305175781,86.80000305175781,0,0,1,0,0,0,0,0,0,0,0,0,0,0,1,0,0,0,0,0,0
51.09657295357389,50.0,131.0,0.0028447016002037,86.80000305175781,86.80000305175781,0,0,1,0,0,0,0,0,0,0,0,0,0,0,0,1,0,0,0,0,0
28.3679343323425,33.595391008689084,143.0,0.0171503134556419,78.69999694824219,78.69999694824219,0,0,0,1,0,0,0,0,0,0,0,0,1,0,0,0,0,0,0,0,0
18.796361530034687,50.0,143.0,0.0170961734889911,78.69999694824219,78.69999694824219,0,0,0,1,0,0,0,0,0,0,0,0,1,0,0,0,0,0,0,0,0
426.0304177961957,50.0,144.0,0.0173259157951756,78.69999694824219,78.69999694824219,0,0,0,1,0,0,0,0,0,0,0,0,0,0,1,0,0,0,0,0,0
32.20757376802291,50.0,134.5,0.0078614647427686,74.4000015258789,74.4000015258789,0,0,0,1,0,0,0,0,0,0,0,0,0,0,0,1,0,0,0,0,0
209.2598859248445,50.0,133.5,0.0087673678418971,74.4000015258789,74.4000015258789,0,0,0,1,0,0,0,0,0,0,0,0,0,0,1,0,0,0,0,0,0
118.7593143437887,15.5531914893617,139.0,0.0126187252709163,74.4000015258789,74.4000015258789,0,0,0,1,0,1,0,0,0,0,0,0,0,0,0,0,0,0,0,0,0
20.1335632860422,15.5531914893617,140.5,0.0126162761916536,74.4000015258789,74.4000015258789,0,0,0,1,0,1,0,0,0,0,0,0,0,0,0,0,0,0,0,0,0
27.951859973538337,50.0,135.0,0.0065205766299814,94.10000610351562,94.10000610351562,0,0,0,1,0,0,0,0,0,0,0,0,1,0,0,0,0,0,0,0,0
20.770308526742664,50.0,135.0,0.0065052077438266,94.10000610351562,94.10000610351562,0,0,0,1,0,0,0,0,0,0,0,0,1,0,0,0,0,0,0,0,0
9.164763428038096,50.0,135.0,0.0066889762811202,94.10000610351562,94.10000610351562,0,0,0,1,0,0,0,0,0,0,0,0,1,0,0,0,0,0,0,0,0
18.365885554732643,50.0,135.0,0.0066482008531094,94.10000610351562,94.10000610351562,0,0,0,1,0,0,0,0,0,0,0,0,1,0,0,0,0,0,0,0,0
52.5736406436364,50.0,135.0,0.0067341998221253,94.10000610351562,94.10000610351562,0,0,0,1,0,0,0,0,0,0,0,0,1,0,0,0,0,0,0,0,0
29.40977822106021,30.0,135.0,0.0068098240811304,94.10000610351562,94.10000610351562,0,0,0,1,0,0,0,0,0,0,0,0,1,0,0,0,0,0,0,0,0
52.9400818143761,50.0,135.0,0.0067918553394386,94.10000610351562,94.10000610351562,0,0,0,1,0,0,0,0,0,0,0,0,1,0,0,0,0,0,0,0,0
10.399829096317394,50.0,135.0,0.0067363206349595,94.10000610351562,94.10000610351562,0,0,0,1,0,0,0,0,0,0,0,0,1,0,0,0,0,0,0,0,0
17.104287786508152,50.0,135.0,0.0068451585524762,94.10000610351562,94.10000610351562,0,0,0,1,0,0,0,0,0,0,0,0,1,0,0,0,0,0,0,0,0
8.967746602169187,50.0,135.0,0.0066733214185216,94.10000610351562,94.10000610351562,0,0,0,1,0,0,0,0,0,0,0,0,1,0,0,0,0,0,0,0,0
22.790517790878734,50.0,135.0,0.0066594870690536,94.10000610351562,94.10000610351562,0,0,0,1,0,0,0,0,0,0,0,0,1,0,0,0,0,0,0,0,0
29.56067218461541,50.0,154.0,0.0018309432093301,86.80000305175781,86.80000305175781,0,0,0,1,0,0,0,0,0,0,1,0,0,0,0,0,0,0,0,0,0
30.590020173477704,50.0,154.0,0.0019638103940706,86.80000305175781,86.80000305175781,0,0,0,1,0,0,0,0,0,0,1,0,0,0,0,0,0,0,0,0,0
154.11204179689287,50.0,155.5,0.0020176461692286,86.80000305175781,86.80000305175781,0,0,0,1,0,0,0,0,0,0,1,0,0,0,0,0,0,0,0,0,0
106.48016582360168,50.0,133.5,0.0103201399053559,74.4000015258789,74.4000015258789,0,0,0,1,0,0,0,0,0,0,0,0,1,0,0,0,0,0,0,0,0
23.686174826720787,50.0,133.0,0.0104538222294893,74.4000015258789,74.4000015258789,0,0,0,1,0,0,0,0,0,0,0,0,1,0,0,0,0,0,0,0,0
15.957273775969632,50.0,133.0,0.0104651530041648,74.4000015258789,74.4000015258789,0,0,0,1,0,0,0,0,0,0,0,0,1,0,0,0,0,0,0,0,0
26.999437117821813,49.333333333333336,145.0,0.0144912270051659,78.69999694824219,78.69999694824219,0,0,0,1,0,0,0,0,0,0,0,0,0,0,0,1,0,0,0,0,0
36.59553046750216,50.0,145.0,0.014326942760435,78.69999694824219,78.69999694824219,0,0,0,1,0,0,0,0,0,0,0,0,0,0,1,0,0,0,0,0,0
8.014455849602571,50.0,144.5,0.0144686622623202,78.69999694824219,78.69999694824219,0,0,0,1,0,0,0,0,0,0,0,0,0,0,1,0,0,0,0,0,0
43.3763785190578,15.5531914893617,143.5,0.0141553615321325,78.69999694824219,78.69999694824219,0,0,0,1,0,1,0,0,0,0,0,0,0,0,0,0,0,0,0,0,0
48.90483949076591,50.0,144.0,0.0143714482094112,78.69999694824219,78.69999694824219,0,0,0,1,0,0,0,0,0,0,0,0,1,0,0,0,0,0,0,0,0
100.07520182822763,50.0,143.5,0.014571634769684,78.69999694824219,78.69999694824219,0,0,0,1,0,0,0,0,0,0,0,0,1,0,0,0,0,0,0,0,0
30.264056160963364,33.595391008689084,140.5,0.0088659671665216,94.10000610351562,94.10000610351562,0,0,0,1,0,0,0,0,0,0,0,0,1,0,0,0,0,0,0,0,0
24.47507353439681,50.0,140.5,0.0088318733407048,94.10000610351562,94.10000610351562,0,0,0,1,0,0,0,0,0,0,0,0,0,0,1,0,0,0,0,0,0
33.39848635853496,33.595391008689084,140.0,0.0087512744604342,94.10000610351562,94.10000610351562,0,0,0,1,0,0,0,0,0,0,0,0,1,0,0,0,0,0,0,0,0
64.78237174042647,50.0,139.5,0.0088994004948387,94.10000610351562,94.10000610351562,0,0,0,1,0,0,0,0,0,0,0,0,1,0,0,0,0,0,0,0,0
56.6867063818976,33.595391008689084,140.0,0.0086259771703513,94.10000610351562,94.10000610351562,0,0,0,1,0,0,0,0,0,0,0,0,1,0,0,0,0,0,0,0,0
13.25161595771356,50.0,140.0,0.008572312260304,94.10000610351562,94.10000610351562,0,0,0,1,0,0,0,0,0,0,0,0,0,0,1,0,0,0,0,0,0
19.96415407649611,33.595391008689084,140.0,0.0086976095503868,94.10000610351562,94.10000610351562,0,0,0,1,0,0,0,0,0,0,0,0,1,0,0,0,0,0,0,0,0
44.6905082053876,50.0,140.5,0.0084333125110077,94.10000610351562,94.10000610351562,0,0,0,1,0,0,0,0,0,0,0,0,1,0,0,0,0,0,0,0,0
230.53355672212675,50.0,139.0,0.0068967916184546,94.10000610351562,94.10000610351562,0,0,0,1,0,0,0,0,0,0,0,0,0,0,1,0,0,0,0,0,0
214.64909440366213,10.0,132.5,0.0022242582528065,94.10000610351562,94.10000610351562,0,0,1,0,0,0,0,0,0,0,0,0,0,0,0,0,0,0,0,0,1
17.456706030194326,50.0,138.0,0.0145149543710052,78.69999694824219,78.69999694824219,0,0,0,1,0,0,0,0,0,0,0,0,0,0,0,1,0,0,0,0,0
16.839861540502376,50.0,137.5,0.0146088720653316,78.69999694824219,78.69999694824219,0,0,0,1,0,0,0,0,0,0,0,0,0,0,0,1,0,0,0,0,0
14.431575553734234,50.0,137.5,0.014632537577074,78.69999694824219,78.69999694824219,0,0,0,1,0,0,0,0,0,0,0,0,1,0,0,0,0,0,0,0,0
15.245392465300313,50.0,137.0,0.0145775385360432,78.69999694824219,78.69999694824219,0,0,0,1,0,0,0,0,0,0,0,0,0,0,1,0,0,0,0,0,0
26.48641421137392,50.0,137.5,0.0145316608493089,78.69999694824219,78.69999694824219,0,0,0,1,0,0,0,0,0,0,0,0,0,0,1,0,0,0,0,0,0
265.4392297608405,47.53488372093023,131.5,0.0075713025485521,94.10000610351562,94.10000610351562,0,1,1,0,0,0,0,0,0,0,0,0,0,0,0,0,0,0,1,0,0
23.73328526499575,50.0,132.0,0.0092253863219809,94.10000610351562,94.10000610351562,0,0,1,0,0,0,0,0,0,0,0,0,0,0,0,0,0,0,1,0,0
80.20836187704228,50.0,132.0,0.0088542933016396,94.10000610351562,94.10000610351562,0,0,1,0,0,0,0,0,0,0,1,0,0,0,0,0,0,0,0,0,0
20.83171060759425,50.0,132.0,0.0023896667878679,94.10000610351562,94.10000610351562,0,1,1,0,0,0,0,0,0,0,0,0,0,0,0,0,1,0,0,0,0
30.228268718958336,50.0,130.5,0.0020901792500982,94.10000610351562,94.10000610351562,0,1,1,0,0,0,0,0,0,0,0,0,0,0,0,0,1,0,0,0,0
24.141788755960768,50.0,130.5,0.0019368508799875,94.10000610351562,94.10000610351562,0,0,0,1,0,0,0,0,0,0,1,0,0,0,0,0,0,0,0,0,0
113.03819881371356,30.0,136.5,0.012146389951332,74.4000015258789,74.4000015258789,0,0,0,1,0,0,0,0,0,0,0,0,1,0,0,0,0,0,0,0,0
648.288570823008,50.0,182.5,0.016789990770023,78.69999694824219,78.69999694824219,0,0,0,1,0,0,0,0,0,0,0,0,0,0,1,0,0,0,0,0,0
82.61958681763329,50.0,172.0,0.0145318792313486,78.69999694824219,78.69999694824219,0,0,0,1,0,0,0,0,0,0,0,0,0,0,1,0,0,0,0,0,0
239.0693085437436,30.0,145.5,0.0112008871333505,78.69999694824219,78.69999694824219,0,0,0,1,0,0,0,0,0,0,0,0,0,0,1,0,0,0,0,0,0
20.47899575739953,50.0,153.5,0.0114043253794656,78.69999694824219,78.69999694824219,0,0,0,1,0,0,0,0,0,0,0,0,1,0,0,0,0,0,0,0,0
30.440706611495894,50.0,153.0,0.0113577913475037,78.69999694824219,78.69999694824219,0,0,0,1,0,0,0,0,0,0,0,0,0,0,1,0,0,0,0,0,0
253.37637083387733,30.0,153.0,0.0119883793567267,78.69999694824219,78.69999694824219,0,0,0,1,0,0,0,0,0,0,0,0,1,0,0,0,0,0,0,0,0
34.83311043137158,30.0,153.5,0.0114605404584697,78.69999694824219,78.69999694824219,0,0,0,1,0,0,0,0,0,0,0,0,1,0,0,0,0,0,0,0,0
45.57886626110562,33.595391008689084,145.0,0.0150179538824701,78.69999694824219,78.69999694824219,0,0,0,1,0,0,0,0,0,0,0,0,1,0,0,0,0,0,0,0,0
500.2428936659921,30.0,136.5,0.0082415207385965,74.4000015258789,74.4000015258789,0,0,1,0,0,0,0,0,0,0,0,0,0,0,0,0,0,0,1,0,0
67.41597052283248,30.0,147.0,0.0104171705771549,74.4000015258789,74.4000015258789,0,0,0,1,0,0,0,0,0,0,0,0,0,0,0,0,0,0,1,0,0
25.42761414618964,33.595391008689084,265.0,0.0300574672024014,78.69999694824219,78.69999694824219,0,0,0,1,0,0,0,0,0,0,0,0,1,0,0,0,0,0,0,0,0
29.429026451842716,33.595391008689084,264.0,0.0298520054253384,78.69999694824219,78.69999694824219,0,0,0,1,0,0,0,0,0,0,0,0,1,0,0,0,0,0,0,0,0
66.05993449901163,20.0,264.0,0.0294954470279912,78.69999694824219,78.69999694824219,0,0,0,1,0,0,0,0,0,0,0,0,1,0,0,0,0,0,0,0,0
65.83505945851856,30.0,136.5,0.010223457187386,78.69999694824219,78.69999694824219,0,0,0,1,0,0,0,0,0,0,0,0,1,0,0,0,0,0,0,0,0
6.580686862766678,50.0,134.0,0.0048314023133211,94.10000610351562,94.10000610351562,0,1,1,0,0,0,0,0,0,0,0,0,1,0,0,0,0,0,0,0,0
17.458686086278327,50.0,134.0,0.0048715493346632,94.10000610351562,94.10000610351562,0,1,1,0,0,0,0,0,0,0,0,0,1,0,0,0,0,0,0,0,0
14.883948333744636,50.0,134.0,0.0049424242906812,94.10000610351562,94.10000610351562,0,1,1,0,0,0,0,0,0,0,0,0,0,0,0,0,1,0,0,0,0
6.580686862766678,50.0,134.0,0.0048314023133211,94.10000610351562,94.10000610351562,0,1,1,0,0,0,0,0,0,0,0,0,1,0,0,0,0,0,0,0,0
21.90801246341949,50.0,134.0,0.0046946146771445,94.10000610351562,94.10000610351562,0,1,1,0,0,0,0,0,0,0,0,0,0,0,0,0,1,0,0,0,0
38.78925865615585,50.0,135.0,0.0071638052604391,78.69999694824219,78.69999694824219,0,0,0,1,0,0,0,0,0,0,0,0,1,0,0,0,0,0,0,0,0
26.57732754867084,50.0,135.0,0.0068620386417787,94.10000610351562,94.10000610351562,0,0,0,1,0,0,0,0,0,0,0,0,1,0,0,0,0,0,0,0,0
18.075992833226906,50.0,135.0,0.0067620006845883,94.10000610351562,94.10000610351562,0,0,0,1,0,0,0,0,0,0,0,0,1,0,0,0,0,0,0,0,0
67.08536797208318,30.0,209.0,0.0090871661223547,78.69999694824219,78.69999694824219,0,0,0,1,0,0,0,0,0,0,0,0,1,0,0,0,0,0,0,0,0
72.94995370347857,30.0,201.5,0.0086676169035203,78.69999694824219,78.69999694824219,0,0,0,1,0,0,0,0,0,0,0,0,1,0,0,0,0,0,0,0,0
465.7772514229441,30.0,196.5,0.0085886260883021,78.69999694824219,78.69999694824219,0,0,0,1,0,0,0,0,0,0,0,0,0,1,0,0,0,0,0,0,0
197.29947181873703,47.53488372093023,130.0,0.0029701391491749,94.10000610351562,94.10000610351562,1,1,1,0,0,0,0,0,0,0,0,0,0,0,0,0,0,0,0,1,0
50.90388811860015,47.53488372093023,130.5,0.0044020705344606,94.10000610351562,94.10000610351562,0,1,1,0,0,0,0,0,0,0,0,0,0,0,0,0,0,0,1,0,0
86.52800168320819,47.53488372093023,131.0,0.0034943092727766,94.10000610351562,94.10000610351562,0,1,1,0,0,0,0,0,0,0,0,0,0,0,0,0,0,0,1,0,0
132.6096199881964,50.8,131.0,0.002802454350595,94.10000610351562,94.10000610351562,0,1,1,0,0,0,0,0,0,0,0,1,0,0,0,0,0,0,0,0,0
13.91216462325776,47.53488372093023,131.0,0.005497201167516,94.10000610351562,94.10000610351562,0,1,1,0,0,0,0,0,0,0,0,0,0,0,0,0,0,0,1,0,0
73.36193700059529,47.53488372093023,131.0,0.0057646678592032,94.10000610351562,94.10000610351562,0,1,1,0,0,0,0,0,0,0,0,0,0,0,0,0,0,0,1,0,0
46.58995213855293,47.53488372093023,131.0,0.0026196587952493,94.10000610351562,94.10000610351562,0,1,1,0,0,0,0,0,0,0,0,0,0,0,0,0,0,0,1,0,0
86.52800168320819,47.53488372093023,131.0,0.0034943092727766,94.10000610351562,94.10000610351562,0,1,1,0,0,0,0,0,0,0,0,0,0,0,0,0,0,0,1,0,0
138.59410824450484,50.8,130.5,0.0033043387043805,94.10000610351562,94.10000610351562,0,1,1,0,0,0,0,0,0,0,0,1,0,0,0,0,0,0,0,0,0
28.66257407048661,50.8,131.0,0.0024668398900193,94.10000610351562,94.10000610351562,0,1,1,0,0,0,0,0,0,0,0,1,0,0,0,0,0,0,0,0,0
34.329558037528926,58.21428571428572,132.5,0.0119107344988471,94.10000610351562,94.10000610351562,0,0,0,1,0,0,0,0,0,0,0,0,0,0,0,0,0,1,0,0,0
28.764439333854085,50.0,133.0,0.0120285753151488,94.10000610351562,94.10000610351562,0,0,0,1,0,0,0,0,0,0,0,0,0,0,0,0,1,0,0,0,0
156.01186426855313,50.0,132.5,0.0109375949807291,94.10000610351562,94.10000610351562,0,0,1,0,0,0,0,0,0,0,0,0,0,0,0,0,1,0,0,0,0
28.764439333854085,50.0,133.0,0.0120285753151488,94.10000610351562,94.10000610351562,0,0,0,1,0,0,0,0,0,0,0,0,0,0,0,0,1,0,0,0,0
142.35204784598508,50.0,133.0,0.0128855861024348,94.10000610351562,94.10000610351562,0,0,0,1,0,0,0,0,0,0,0,0,0,0,0,0,1,0,0,0,0
23.64409681238788,50.0,132.5,0.0120774665972538,94.10000610351562,94.10000610351562,0,0,0,1,0,0,0,0,0,0,0,0,0,0,0,0,1,0,0,0,0
56.27624037632147,50.0,132.5,0.0116808915985338,94.10000610351562,94.10000610351562,0,0,0,1,0,0,0,0,0,0,0,0,0,0,0,0,1,0,0,0,0
23.64409681238788,50.0,132.5,0.0120774665972538,94.10000610351562,94.10000610351562,0,0,0,1,0,0,0,0,0,0,0,0,0,0,0,0,1,0,0,0,0
16.305600544166424,30.0,140.0,0.0065573581483196,94.10000610351562,94.10000610351562,0,0,0,1,0,0,0,0,0,0,0,0,1,0,0,0,0,0,0,0,0
53.26347385534481,33.595391008689084,207.5,0.0028527555995342,74.4000015258789,74.4000015258789,0,0,0,1,0,0,0,0,0,0,0,0,1,0,0,0,0,0,0,0,0
29.9441204492159,33.595391008689084,198.0,0.0026363061682689,74.4000015258789,74.4000015258789,0,0,0,1,0,0,0,0,0,0,0,0,1,0,0,0,0,0,0,0,0
53.26347385534481,33.595391008689084,207.5,0.0028527555995342,74.4000015258789,74.4000015258789,0,0,0,1,0,0,0,0,0,0,0,0,1,0,0,0,0,0,0,0,0
29.859080899523423,33.595391008689084,192.0,0.0026030046608428,74.4000015258789,74.4000015258789,0,0,0,1,0,0,0,0,0,0,0,0,1,0,0,0,0,0,0,0,0
29.9441204492159,33.595391008689084,198.0,0.0026363061682689,74.4000015258789,74.4000015258789,0,0,0,1,0,0,0,0,0,0,0,0,1,0,0,0,0,0,0,0,0
82.37016747790231,33.595391008689084,192.0,0.0028685857689677,74.4000015258789,74.4000015258789,0,0,0,1,0,0,0,0,0,0,0,0,1,0,0,0,0,0,0,0,0
29.859080899523423,33.595391008689084,192.0,0.0026030046608428,74.4000015258789,74.4000015258789,0,0,0,1,0,0,0,0,0,0,0,0,1,0,0,0,0,0,0,0,0
366.0569647827532,47.53488372093023,194.5,0.0041518230152048,74.4000015258789,74.4000015258789,0,0,0,1,0,0,0,0,0,0,0,0,0,0,0,0,0,0,0,0,1
82.3701674779023,33.595391008689084,192.0,0.0028685857689677,74.4000015258789,74.4000015258789,0,0,0,1,0,0,0,0,0,0,0,0,1,0,0,0,0,0,0,0,0
77.42074648661863,40.0,276.0,0.056340221552145,78.69999694824219,78.69999694824219,0,0,0,1,0,0,0,0,0,0,0,0,1,0,0,0,0,0,0,0,0
602.2141538117762,35.0,258.5,0.0554520249049071,78.69999694824219,78.69999694824219,0,0,0,1,0,0,0,0,0,0,0,0,0,0,0,0,1,0,0,0,0
77.42074648661861,40.0,276.0,0.056340221552145,78.69999694824219,78.69999694824219,0,0,0,1,0,0,0,0,0,0,0,0,1,0,0,0,0,0,0,0,0
8.88019415986316,47.53488372093023,129.0,0.0098088397598953,74.4000015258789,74.4000015258789,0,0,0,1,0,0,0,0,0,0,0,0,0,0,0,0,0,0,1,0,0
22.237632737118066,47.53488372093023,129.0,0.0098801839270276,74.4000015258789,74.4000015258789,0,0,0,1,0,0,0,0,0,0,0,0,0,0,0,0,0,0,1,0,0
29.727134294479207,47.53488372093023,129.0,0.0099785219261678,74.4000015258789,74.4000015258789,0,0,0,1,0,0,0,0,0,0,0,0,0,0,0,0,0,0,1,0,0
36.84710970609133,47.53488372093023,129.0,0.010151313251934,74.4000015258789,74.4000015258789,0,0,1,0,0,0,0,0,0,0,0,0,0,0,0,0,0,0,1,0,0
26.151832816134075,70.0,129.0,0.0102222306133568,74.4000015258789,74.4000015258789,0,0,1,0,0,0,0,0,0,0,1,0,0,0,0,0,0,0,0,0,0
1101.4530194581084,70.0,130.5,0.0068673724662933,74.4000015258789,74.4000015258789,0,0,1,0,0,0,0,0,0,0,1,0,0,0,0,0,0,0,0,0,0
110.27577354780496,47.53488372093023,129.0,0.0101601179335425,74.4000015258789,74.4000015258789,0,0,1,0,0,0,0,0,0,0,0,0,0,0,0,0,0,0,1,0,0
31.895000789740795,70.0,129.0,0.0105294694827247,74.4000015258789,74.4000015258789,0,0,1,0,0,0,0,0,0,0,1,0,0,0,0,0,0,0,0,0,0
23.290382524750843,47.53488372093023,129.0,0.0104710537606406,74.4000015258789,74.4000015258789,0,0,1,0,0,0,0,0,0,0,0,0,0,0,0,0,0,0,1,0,0
12.077324671231295,70.0,129.0,0.0103620097972337,74.4000015258789,74.4000015258789,0,0,1,0,0,0,0,0,0,0,1,0,0,0,0,0,0,0,0,0,0
44.7096398750458,47.53488372093023,128.5,0.0106537867099255,74.4000015258789,74.4000015258789,0,0,1,0,0,0,0,0,0,0,0,0,0,0,0,0,0,0,1,0,0
8.88019415986316,47.53488372093023,129.0,0.0098088397598953,74.4000015258789,74.4000015258789,0,0,0,1,0,0,0,0,0,0,0,0,0,0,0,0,0,0,1,0,0
115.33973642118,47.53488372093023,129.0,0.0092797352500196,74.4000015258789,74.4000015258789,0,0,0,1,0,0,0,0,0,0,0,0,0,0,0,0,0,0,1,0,0
109.40569629240834,47.53488372093023,129.0,0.0099720559881116,74.4000015258789,74.4000015258789,0,0,0,1,0,0,0,0,0,0,0,0,0,0,0,0,0,0,1,0,0
12.077324671231295,70.0,129.0,0.0103620097972337,74.4000015258789,74.4000015258789,0,0,1,0,0,0,0,0,0,0,1,0,0,0,0,0,0,0,0,0,0
26.151832816134075,70.0,129.0,0.0102222306133568,74.4000015258789,74.4000015258789,0,0,1,0,0,0,0,0,0,0,1,0,0,0,0,0,0,0,0,0,0
25.07469199532636,47.53488372093023,129.0,0.0102452920189352,74.4000015258789,74.4000015258789,0,0,0,1,0,0,0,0,0,0,0,0,0,0,0,0,0,0,1,0,0
108.2375759163529,47.53488372093023,129.5,0.0110810686270178,74.4000015258789,74.4000015258789,0,0,1,0,0,0,0,0,0,0,0,0,0,0,0,0,0,0,1,0,0
69.82840707459451,47.53488372093023,128.5,0.0105447427465186,74.4000015258789,74.4000015258789,0,0,1,0,0,0,0,0,0,0,0,0,0,0,0,0,0,0,1,0,0
29.727134294479207,47.53488372093023,129.0,0.0099785219261678,74.4000015258789,74.4000015258789,0,0,0,1,0,0,0,0,0,0,0,0,0,0,0,0,0,0,1,0,0
36.29575264690273,47.53488372093023,129.0,0.0100107636521156,74.4000015258789,74.4000015258789,0,0,0,1,0,0,0,0,0,0,0,0,0,0,0,0,0,0,1,0,0
331.2515249565285,47.53488372093023,129.5,0.0110096423824381,74.4000015258789,74.4000015258789,0,0,1,0,0,0,0,0,0,0,0,0,0,0,0,0,0,0,1,0,0
31.895000789740795,70.0,129.0,0.0105294694827247,74.4000015258789,74.4000015258789,0,0,1,0,0,0,0,0,0,0,1,0,0,0,0,0,0,0,0,0,0
39.6060849811604,47.53488372093023,129.0,0.0105927130292558,74.4000015258789,74.4000015258789,0,0,1,0,0,0,0,0,0,0,0,0,0,0,0,0,0,0,1,0,0
109.46315943502086,70.0,130.0,0.0110998329058978,74.4000015258789,74.4000015258789,0,0,0,1,0,0,0,0,0,0,1,0,0,0,0,0,0,0,0,0,0
16.972219672274093,15.5531914893617,172.5,0.0239369512638839,78.69999694824219,78.69999694824219,0,0,0,1,0,1,0,0,0,0,0,0,0,0,0,0,0,0,0,0,0
16.03297663772326,53.62694300518135,132.0,0.0124183375084608,94.10000610351562,94.10000610351562,0,0,0,1,0,0,0,0,0,0,1,0,0,0,0,0,0,0,0,0,0
21.064078762432636,47.53488372093023,132.0,0.0123527318828783,94.10000610351562,94.10000610351562,0,0,0,1,0,0,0,0,0,0,0,0,0,0,0,0,0,0,1,0,0
23.2314783854568,50.0,133.0,0.012817113020494,94.10000610351562,94.10000610351562,0,0,1,0,0,0,0,0,0,0,0,0,1,0,0,0,0,0,0,0,0
10.686381380854924,70.0,133.0,0.0133431971134201,94.10000610351562,94.10000610351562,0,0,0,1,0,0,0,0,0,0,1,0,0,0,0,0,0,0,0,0,0
69.16000189375622,70.0,133.0,0.0133581680245496,94.10000610351562,94.10000610351562,0,0,1,0,0,0,0,0,0,0,1,0,0,0,0,0,0,0,0,0,0
23.93491511269401,50.0,133.0,0.0132902058569343,94.10000610351562,94.10000610351562,0,0,1,0,0,0,0,0,0,0,0,1,0,0,0,0,0,0,0,0,0
14.694784264383763,70.0,133.0,0.0132579041913294,94.10000610351562,94.10000610351562,0,0,0,1,0,0,0,0,0,0,0,0,1,0,0,0,0,0,0,0,0
130.22001157424228,70.0,133.5,0.0131993010588993,94.10000610351562,94.10000610351562,0,0,0,1,0,0,0,0,0,0,1,0,0,0,0,0,0,0,0,0,0
41.62139407133933,50.0,133.0,0.0130415366759926,94.10000610351562,94.10000610351562,0,0,1,0,0,0,0,0,0,0,0,0,1,0,0,0,0,0,0,0,0
32.200549383252365,70.0,133.0,0.0131643470591145,94.10000610351562,94.10000610351562,0,0,1,0,0,0,0,0,0,0,1,0,0,0,0,0,0,0,0,0,0
41.661012177758224,50.0,133.0,0.0130513580185391,94.10000610351562,94.10000610351562,0,0,1,0,0,0,0,0,0,0,0,0,1,0,0,0,0,0,0,0,0
29.52118040571801,50.0,133.0,0.0130357422903573,94.10000610351562,94.10000610351562,0,0,1,0,0,0,0,0,0,0,0,0,1,0,0,0,0,0,0,0,0
10.25478266296142,70.0,133.0,0.0131859474906844,94.10000610351562,94.10000610351562,0,0,1,0,0,0,0,0,0,0,1,0,0,0,0,0,0,0,0,0,0
23.478552920141784,50.0,133.0,0.0130575290029485,94.10000610351562,94.10000610351562,0,0,1,0,0,0,0,0,0,0,0,0,1,0,0,0,0,0,0,0,0
15.060442604790458,70.0,133.0,0.0132712404127752,94.10000610351562,94.10000610351562,0,0,1,0,0,0,0,0,0,0,0,0,1,0,0,0,0,0,0,0,0
28.09844628134287,70.0,133.0,0.0132071713234802,94.10000610351562,94.10000610351562,0,0,1,0,0,0,0,0,0,0,1,0,0,0,0,0,0,0,0,0,0
28.85094973435237,70.0,133.0,0.0132188939733417,94.10000610351562,94.10000610351562,0,0,1,0,0,0,0,0,0,0,1,0,0,0,0,0,0,0,0,0,0
110.69471999223566,50.0,133.0,0.0120860253198016,94.10000610351562,94.10000610351562,0,0,1,0,0,0,0,0,0,0,0,0,1,0,0,0,0,0,0,0,0
17.15952925257215,50.0,133.0,0.0127897182032889,94.10000610351562,94.10000610351562,0,0,1,0,0,0,0,0,0,0,0,0,1,0,0,0,0,0,0,0,0
39.792662578996,33.595391008689084,135.0,0.0144263549342425,94.10000610351562,94.10000610351562,0,0,0,1,0,0,0,0,0,0,0,0,1,0,0,0,0,0,0,0,0
34.11295466136375,33.595391008689084,135.5,0.0147878415587633,94.10000610351562,94.10000610351562,0,0,0,1,0,0,0,0,0,0,0,0,1,0,0,0,0,0,0,0,0
43.33453806718984,33.595391008689084,135.0,0.0148831646760443,94.10000610351562,94.10000610351562,0,0,0,1,0,0,0,0,0,0,0,0,1,0,0,0,0,0,0,0,0
34.11295466136375,33.595391008689084,135.5,0.0147878415587633,94.10000610351562,94.10000610351562,0,0,0,1,0,0,0,0,0,0,0,0,1,0,0,0,0,0,0,0,0
9.908997006467498,50.0,135.0,0.0141706523657698,94.10000610351562,94.10000610351562,0,0,0,1,0,0,0,0,0,0,0,0,0,0,0,0,1,0,0,0,0
63.66229555528802,50.0,134.0,0.0138169684633166,94.10000610351562,94.10000610351562,0,0,0,1,0,0,0,0,0,0,0,0,0,0,0,0,1,0,0,0,0
43.33453806718984,33.595391008689084,135.0,0.0148831646760443,94.10000610351562,94.10000610351562,0,0,0,1,0,0,0,0,0,0,0,0,1,0,0,0,0,0,0,0,0
40.22476159222385,50.0,272.0,0.0339197560711318,78.69999694824219,78.69999694824219,0,0,0,1,0,0,0,0,0,0,0,0,0,0,1,0,0,0,0,0,0
10.684716297132011,50.0,273.0,0.034007540882872,78.69999694824219,78.69999694824219,0,0,0,1,0,0,0,0,0,0,0,0,0,0,1,0,0,0,0,0,0
42.15989528098439,50.0,273.5,0.0342373573417529,78.69999694824219,78.69999694824219,0,0,0,1,0,0,0,0,0,0,0,0,0,0,1,0,0,0,0,0,0
30.7912141631891,50.0,273.0,0.0340197994673952,78.69999694824219,78.69999694824219,0,0,0,1,0,0,0,0,0,0,0,0,0,0,1,0,0,0,0,0,0
42.15989528098439,50.0,273.5,0.0342373573417529,78.69999694824219,78.69999694824219,0,0,0,1,0,0,0,0,0,0,0,0,0,0,1,0,0,0,0,0,0
329.4187994845805,50.0,275.0,0.0357991411444248,78.69999694824219,78.69999694824219,0,0,0,1,0,0,0,0,0,0,0,0,0,0,1,0,0,0,0,0,0
52.70622541220891,50.0,273.5,0.0342031500557514,78.69999694824219,78.69999694824219,0,0,0,1,0,0,0,0,0,0,0,0,0,0,0,1,0,0,0,0,0
16.081729301539102,50.0,272.5,0.0338920913240987,78.69999694824219,78.69999694824219,0,0,0,1,0,0,0,0,0,0,0,0,0,0,1,0,0,0,0,0,0
10.684716297132011,50.0,273.0,0.034007540882872,78.69999694824219,78.69999694824219,0,0,0,1,0,0,0,0,0,0,0,0,0,0,1,0,0,0,0,0,0
18.824100638889657,30.0,273.0,0.0339804980086545,78.69999694824219,78.69999694824219,0,0,0,1,0,0,0,0,0,0,0,0,0,0,0,0,0,0,1,0,0
233.1043665229503,30.0,270.0,0.0343765639539804,78.69999694824219,78.69999694824219,0,0,0,1,0,0,0,0,0,0,0,0,0,0,0,0,0,0,1,0,0
32.07710551314704,30.0,273.0,0.0340477008163296,78.69999694824219,78.69999694824219,0,0,0,1,0,0,0,0,0,0,0,0,0,0,0,0,0,0,1,0,0
11.40040671167981,47.53488372093023,273.0,0.0340206579421122,78.69999694824219,78.69999694824219,0,0,0,1,0,0,0,0,0,0,0,0,0,0,0,0,0,0,1,0,0
26.76974614868385,50.0,272.5,0.0339290739016954,78.69999694824219,78.69999694824219,0,0,0,1,0,0,0,0,0,0,0,0,0,0,1,0,0,0,0,0,0
32.278245644379155,50.0,272.0,0.0338600902134468,78.69999694824219,78.69999694824219,0,0,0,1,0,0,0,0,0,0,0,0,0,0,1,0,0,0,0,0,0
86.64758111222788,30.0,248.0,0.0319085492757028,78.69999694824219,78.69999694824219,0,0,0,1,0,0,0,0,0,0,0,0,0,0,0,0,1,0,0,0,0
86.64758111222788,30.0,248.0,0.0319085492757028,78.69999694824219,78.69999694824219,0,0,0,1,0,0,0,0,0,0,0,0,0,0,0,0,1,0,0,0,0
74.29668495465693,30.0,248.0,0.0324206857788676,78.69999694824219,78.69999694824219,0,0,0,1,0,0,0,0,0,0,0,0,0,0,0,0,1,0,0,0,0
79.8268899298503,30.0,247.5,0.0329384277813665,78.69999694824219,78.69999694824219,0,0,0,1,0,0,0,0,0,0,0,0,1,0,0,0,0,0,0,0,0
74.29668495465693,30.0,248.0,0.0324206857788676,78.69999694824219,78.69999694824219,0,0,0,1,0,0,0,0,0,0,0,0,0,0,0,0,1,0,0,0,0
149.17693640003756,30.0,249.0,0.0333744375118893,78.69999694824219,78.69999694824219,0,0,0,1,0,0,0,0,0,0,0,0,0,0,0,0,1,0,0,0,0
163.0892896857507,30.0,253.5,0.0342245398598954,78.69999694824219,78.69999694824219,0,0,0,1,0,0,0,0,0,0,0,0,1,0,0,0,0,0,0,0,0
142.87145540145312,40.0,255.0,0.0335898864205098,78.69999694824219,78.69999694824219,0,0,0,1,0,0,0,0,0,0,0,0,0,0,0,0,1,0,0,0,0
115.41058562697472,50.0,258.0,0.0329884556028304,78.69999694824219,78.69999694824219,0,0,0,1,0,0,0,0,0,0,0,0,0,0,0,0,1,0,0,0,0
379.7206111576321,15.5531914893617,247.5,0.0333872086142365,78.69999694824219,78.69999694824219,0,0,0,1,0,1,0,0,0,0,0,0,0,0,0,0,0,0,0,0,0
149.1769364000375,30.0,249.0,0.0333744375118893,78.69999694824219,78.69999694824219,0,0,0,1,0,0,0,0,0,0,0,0,0,0,0,0,1,0,0,0,0
76.75536060391092,30.0,250.5,0.0338210023407879,78.69999694824219,78.69999694824219,0,0,0,1,0,0,0,0,0,0,0,0,0,0,0,0,1,0,0,0,0
85.82626160271069,33.595391008689084,259.5,0.0328206930151816,78.69999694824219,78.69999694824219,0,0,0,1,0,0,0,0,0,0,0,0,1,0,0,0,0,0,0,0,0
22.473901140709437,50.0,259.0,0.0325207615555365,78.69999694824219,78.69999694824219,0,0,0,1,0,0,0,0,0,0,0,0,0,0,0,0,1,0,0,0,0
63.22849917178403,50.0,259.5,0.032184131915131,78.69999694824219,78.69999694824219,0,0,0,1,0,0,0,0,0,0,0,0,0,0,0,0,1,0,0,0,0
34.67155459517987,30.0,251.5,0.0338305902291008,78.69999694824219,78.69999694824219,0,0,0,1,0,0,0,0,0,0,0,0,0,0,0,0,1,0,0,0,0
33.09017140546828,30.0,252.5,0.0338298573577159,78.69999694824219,78.69999694824219,0,0,0,1,0,0,0,0,0,0,0,0,0,0,0,0,1,0,0,0,0
130.9900123911472,15.5531914893617,253.0,0.0331773522615588,78.69999694824219,78.69999694824219,0,0,0,1,0,1,0,0,0,0,0,0,0,0,0,0,0,0,0,0,0
15.441412250776247,50.0,260.0,0.0318746539528764,78.69999694824219,78.69999694824219,0,0,0,1,0,0,0,0,0,0,0,0,0,0,0,0,1,0,0,0,0
93.1436037978454,50.0,261.0,0.0314524292607687,78.69999694824219,78.69999694824219,0,0,0,1,0,0,0,0,0,0,0,0,0,0,0,0,1,0,0,0,0
135.2520857551889,30.0,257.0,0.0335002392736612,78.69999694824219,78.69999694824219,0,0,0,1,0,0,0,0,0,0,0,0,1,0,0,0,0,0,0,0,0
115.41058562697474,50.0,258.0,0.0329884556028304,78.69999694824219,78.69999694824219,0,0,0,1,0,0,0,0,0,0,0,0,0,0,0,0,1,0,0,0,0
22.473901140709437,50.0,259.0,0.0325207615555365,78.69999694824219,78.69999694824219,0,0,0,1,0,0,0,0,0,0,0,0,0,0,0,0,1,0,0,0,0
15.441412250776247,50.0,260.0,0.0318746539528764,78.69999694824219,78.69999694824219,0,0,0,1,0,0,0,0,0,0,0,0,0,0,0,0,1,0,0,0,0
57.86547443903141,30.0,259.5,0.0316961940547758,78.69999694824219,78.69999694824219,0,0,0,1,0,0,0,0,0,0,0,0,1,0,0,0,0,0,0,0,0
63.22849917178402,50.0,259.5,0.032184131915131,78.69999694824219,78.69999694824219,0,0,0,1,0,0,0,0,0,0,0,0,0,0,0,0,1,0,0,0,0
10.202713873249564,30.0,253.0,0.033818528346256,78.69999694824219,78.69999694824219,0,0,0,1,0,0,0,0,0,0,0,0,0,0,0,0,1,0,0,0,0
33.09017140546828,30.0,252.5,0.0338298573577159,78.69999694824219,78.69999694824219,0,0,0,1,0,0,0,0,0,0,0,0,0,0,0,0,1,0,0,0,0
89.94169924630808,33.595391008689084,253.5,0.0332048980627343,78.69999694824219,78.69999694824219,0,0,0,1,0,0,0,0,0,0,0,0,1,0,0,0,0,0,0,0,0
64.58518965106626,15.5531914893617,252.0,0.0330383756560617,78.69999694824219,78.69999694824219,0,0,0,1,0,1,0,0,0,0,0,0,0,0,0,0,0,0,0,0,0
64.58518965106626,15.5531914893617,252.0,0.0330383756560617,78.69999694824219,78.69999694824219,0,0,0,1,0,1,0,0,0,0,0,0,0,0,0,0,0,0,0,0,0
93.78062469457667,15.5531914893617,251.5,0.0334321637979456,78.69999694824219,78.69999694824219,0,0,0,1,0,1,0,0,0,0,0,0,0,0,0,0,0,0,0,0,0
76.75536060391092,30.0,250.5,0.0338210023407879,78.69999694824219,78.69999694824219,0,0,0,1,0,0,0,0,0,0,0,0,0,0,0,0,1,0,0,0,0
34.67155459517987,30.0,251.5,0.0338305902291008,78.69999694824219,78.69999694824219,0,0,0,1,0,0,0,0,0,0,0,0,0,0,0,0,1,0,0,0,0
93.7806246945767,15.5531914893617,251.5,0.0334321637979456,78.69999694824219,78.69999694824219,0,0,0,1,0,1,0,0,0,0,0,0,0,0,0,0,0,0,0,0,0
130.9900123911472,15.5531914893617,253.0,0.0331773522615588,78.69999694824219,78.69999694824219,0,0,0,1,0,1,0,0,0,0,0,0,0,0,0,0,0,0,0,0,0
32.43702150543927,30.0,246.0,0.0329511988837138,78.69999694824219,78.69999694824219,0,0,0,1,0,0,0,0,0,0,0,0,1,0,0,0,0,0,0,0,0
379.7206111576322,15.5531914893617,247.5,0.0333872086142365,78.69999694824219,78.69999694824219,0,0,0,1,0,1,0,0,0,0,0,0,0,0,0,0,0,0,0,0,0
162.2260920672474,30.0,242.5,0.0323529815385069,78.69999694824219,78.69999694824219,0,0,0,1,0,0,0,0,0,0,0,0,1,0,0,0,0,0,0,0,0
1064.7308526861243,40.0,318.5,0.0162088467770693,86.80000305175781,86.80000305175781,0,0,0,1,0,0,0,0,0,0,0,0,0,0,0,0,0,0,1,0,0
336.495900458451,50.0,303.0,0.0219206773632892,86.80000305175781,86.80000305175781,1,0,0,1,0,0,0,0,0,0,0,0,0,0,1,0,0,0,0,0,0
193.9916780459905,50.0,303.0,0.0204283950420732,86.80000305175781,86.80000305175781,0,0,0,1,0,0,0,0,0,0,0,0,0,0,1,0,0,0,0,0,0
65.51936587397148,50.0,297.5,0.0201545444785628,86.80000305175781,86.80000305175781,0,0,0,1,0,0,0,0,0,0,0,0,0,0,0,1,0,0,0,0,0
64.58722940501698,50.0,297.5,0.0202350548658213,86.80000305175781,86.80000305175781,0,0,0,1,0,0,0,0,0,0,1,0,0,0,0,0,0,0,0,0,0
50.593926288565214,50.0,296.5,0.0195116965954174,86.80000305175781,86.80000305175781,0,0,0,1,0,0,0,0,0,0,1,0,0,0,0,0,0,0,0,0,0
1495.8182003634815,75.0,273.5,0.0318547738186788,86.80000305175781,86.80000305175781,0,0,0,1,0,0,0,0,0,0,0,0,0,0,1,0,0,0,0,0,0
18.39909651377585,50.0,300.0,0.0204812799072319,86.80000305175781,86.80000305175781,0,0,0,1,0,0,0,0,0,0,0,0,0,0,1,0,0,0,0,0,0
41.32851675797326,50.0,299.0,0.0205634109631038,86.80000305175781,86.80000305175781,0,0,0,1,0,0,0,0,0,0,0,0,0,0,1,0,0,0,0,0,0
64.58722940501698,50.0,297.5,0.0202350548658213,86.80000305175781,86.80000305175781,0,0,0,1,0,0,0,0,0,0,1,0,0,0,0,0,0,0,0,0,0
63.409932466094446,50.0,300.0,0.0210464805167647,86.80000305175781,86.80000305175781,0,0,0,1,0,0,0,0,0,0,1,0,0,0,0,0,0,0,0,0,0
56.60194578691485,50.0,300.0,0.0205617902944905,86.80000305175781,86.80000305175781,0,0,0,1,0,0,0,0,0,0,0,0,0,0,1,0,0,0,0,0,0
193.99167804599048,50.0,303.0,0.0204283950420732,86.80000305175781,86.80000305175781,0,0,0,1,0,0,0,0,0,0,0,0,0,0,1,0,0,0,0,0,0
110.33617356080885,33.595391008689084,300.5,0.0241197419625469,86.80000305175781,86.80000305175781,0,0,0,1,0,0,0,0,0,0,0,0,1,0,0,0,0,0,0,0,0
1064.7308526861243,40.0,318.5,0.0162088467770693,86.80000305175781,86.80000305175781,0,0,0,1,0,0,0,0,0,0,0,0,0,0,0,0,0,0,1,0,0
196.91824150692625,20.0,265.5,0.0300897459225569,78.69999694824219,78.69999694824219,0,0,0,1,0,0,0,0,0,0,0,0,1,0,0,0,0,0,0,0,0
122.3501971711496,30.0,266.5,0.0306517660969671,78.69999694824219,78.69999694824219,0,0,0,1,0,0,0,0,0,0,0,0,1,0,0,0,0,0,0,0,0
856.4662006953578,30.0,264.5,0.0364419133721377,78.69999694824219,78.69999694824219,0,0,0,1,0,0,0,0,0,0,0,0,1,0,0,0,0,0,0,0,0
74.77136104835779,30.0,135.5,0.0060065799812909,94.10000610351562,94.10000610351562,0,0,0,1,0,0,0,0,0,0,0,0,1,0,0,0,0,0,0,0,0
163.46872587502088,30.0,135.5,0.0062331150736071,94.10000610351562,94.10000610351562,0,0,0,1,0,0,0,0,0,0,0,0,1,0,0,0,0,0,0,0,0
37.25536938228418,50.0,135.0,0.0021904679527787,94.10000610351562,94.10000610351562,0,0,0,1,0,0,0,0,0,0,0,0,0,0,0,1,0,0,0,0,0
32.644547895389685,50.0,135.0,0.0020327727909886,94.10000610351562,94.10000610351562,0,0,0,1,0,0,0,0,0,0,1,0,0,0,0,0,0,0,0,0,0
31.160819818901643,7.0,273.0,0.0406939868090153,78.69999694824219,78.69999694824219,0,0,0,1,0,1,0,0,0,0,0,0,0,0,0,0,0,0,0,0,0
8.523030649884207,7.0,273.5,0.0404795382392455,78.69999694824219,78.69999694824219,0,0,0,1,0,1,0,0,0,0,0,0,0,0,0,0,0,0,0,0,0
112.11511643700312,15.5531914893617,274.5,0.0400735133750658,78.69999694824219,78.69999694824219,0,0,0,1,0,1,0,0,0,0,0,0,0,0,0,0,0,0,0,0,0
33.79474729654464,30.0,280.0,0.0377630020522479,78.69999694824219,78.69999694824219,0,0,0,1,0,0,0,0,0,0,0,0,1,0,0,0,0,0,0,0,0
68.99168432620512,30.0,278.5,0.0383763887395685,78.69999694824219,78.69999694824219,0,0,0,1,0,0,0,0,0,0,0,0,1,0,0,0,0,0,0,0,0
28.231895180734185,50.0,135.0,0.0079099843818656,74.4000015258789,74.4000015258789,0,0,0,1,0,0,0,0,0,0,0,0,0,0,0,1,0,0,0,0,0
48.64303837291161,50.0,135.5,0.0095323473015119,78.69999694824219,78.69999694824219,0,0,0,1,0,0,0,0,0,0,0,0,1,0,0,0,0,0,0,0,0
8.066671001571402,30.0,136.0,0.0098214072883334,78.69999694824219,78.69999694824219,0,0,0,1,0,0,0,0,0,0,0,0,1,0,0,0,0,0,0,0,0
13.2348864003591,50.0,133.0,0.0105175528957875,74.4000015258789,74.4000015258789,0,0,0,1,0,0,0,0,0,0,0,0,0,0,1,0,0,0,0,0,0
217.8990769974599,40.0,134.5,0.0107707243185809,74.4000015258789,74.4000015258789,0,0,0,1,0,0,0,0,0,0,0,0,0,0,1,0,0,0,0,0,0
15.957273775969632,50.0,133.0,0.0104651530041648,74.4000015258789,74.4000015258789,0,0,0,1,0,0,0,0,0,0,0,0,1,0,0,0,0,0,0,0,0
170.1006249151556,40.0,131.5,0.0053066275741636,86.80000305175781,86.80000305175781,0,0,1,0,0,0,0,0,0,0,0,0,1,0,0,0,0,0,0,0,0
92.21937000190604,30.0,130.5,0.0065330887472694,86.80000305175781,86.80000305175781,0,0,1,0,0,0,0,0,0,0,0,0,1,0,0,0,0,0,0,0,0
94.4599693217458,30.0,131.5,0.0060402624450868,86.80000305175781,86.80000305175781,0,0,1,0,0,0,0,0,0,0,0,0,1,0,0,0,0,0,0,0,0
21.0730418614019,30.0,132.0,0.0056353816771984,74.4000015258789,74.4000015258789,0,0,1,0,0,0,0,0,0,0,0,0,1,0,0,0,0,0,0,0,0
69.47477130491659,30.0,131.5,0.0053136859370064,74.4000015258789,74.4000015258789,0,0,1,0,0,0,0,0,0,0,0,0,0,1,0,0,0,0,0,0,0
195.6136409495377,30.0,132.0,0.0052632214105367,74.4000015258789,74.4000015258789,0,0,1,0,0,0,0,0,0,0,0,0,1,0,0,0,0,0,0,0,0
21.0730418614019,30.0,132.0,0.0056353816771984,74.4000015258789,74.4000015258789,0,0,1,0,0,0,0,0,0,0,0,0,1,0,0,0,0,0,0,0,0
25.219737103077875,30.0,132.0,0.005697486496953,74.4000015258789,74.4000015258789,0,0,1,0,0,0,0,0,0,0,0,0,1,0,0,0,0,0,0,0,0
195.40426927501795,50.0,132.5,0.0064519471976378,74.4000015258789,74.4000015258789,0,0,1,0,0,0,0,0,0,0,0,0,0,1,0,0,0,0,0,0,0
43.64292682170614,33.595391008689084,130.5,0.0090175565952928,74.4000015258789,74.4000015258789,0,0,0,1,0,0,0,0,0,0,0,0,1,0,0,0,0,0,0,0,0
59.65163042787752,33.595391008689084,137.0,0.0090545318912231,74.4000015258789,74.4000015258789,0,0,0,1,0,0,0,0,0,0,0,0,1,0,0,0,0,0,0,0,0
224.52537934690133,33.595391008689084,132.0,0.0097322688815763,74.4000015258789,74.4000015258789,0,0,0,1,0,0,0,0,0,0,0,0,1,0,0,0,0,0,0,0,0
131.33089981642382,33.595391008689084,137.0,0.0154729967616711,94.10000610351562,94.10000610351562,0,0,0,1,0,0,0,0,0,0,0,0,1,0,0,0,0,0,0,0,0
59.240641849243545,30.0,138.5,0.0161889366957379,94.10000610351562,94.10000610351562,0,0,0,1,0,0,0,0,0,0,0,0,0,0,0,0,1,0,0,0,0
109.62402644535136,40.0,137.5,0.0154541777434705,94.10000610351562,94.10000610351562,0,0,0,1,0,0,0,0,0,0,0,0,0,0,0,0,1,0,0,0,0
214.4927486800157,50.0,129.5,0.0026690916596831,74.4000015258789,74.4000015258789,0,0,1,0,0,0,0,0,0,0,0,0,0,0,0,0,0,0,1,0,0
7.704890539688138,50.0,176.0,0.0348459721219199,78.69999694824219,78.69999694824219,0,0,0,1,0,0,0,0,0,0,0,0,0,0,1,0,0,0,0,0,0
19.84667834063581,30.0,176.0,0.0348605953541488,78.69999694824219,78.69999694824219,0,0,0,1,0,0,0,0,0,0,0,0,1,0,0,0,0,0,0,0,0
86.3358858423622,50.0,176.5,0.0352587857693236,78.69999694824219,78.69999694824219,0,0,0,1,0,0,0,0,0,0,0,0,0,0,1,0,0,0,0,0,0
250.7688995007732,75.0,130.5,0.0019820384506043,74.4000015258789,74.4000015258789,1,0,1,0,0,0,0,0,1,0,0,0,0,0,0,0,0,0,0,0,0
534.89630549539,72.5,130.5,0.0018753341219846,74.4000015258789,74.4000015258789,1,0,1,0,0,0,0,0,0,1,0,0,0,0,0,0,0,0,0,0,0
17.837673416170578,30.0,137.5,0.0129992584126157,78.69999694824219,78.69999694824219,0,0,0,1,0,0,0,0,0,0,0,0,1,0,0,0,0,0,0,0,0
92.04998435284593,33.595391008689084,154.0,0.0106588735040786,78.69999694824219,78.69999694824219,0,0,0,1,0,0,0,0,0,0,0,0,1,0,0,0,0,0,0,0,0
159.2875892503162,30.0,137.0,0.0096865143524169,86.80000305175781,86.80000305175781,0,0,1,0,0,0,0,0,0,0,0,0,1,0,0,0,0,0,0,0,0
51.50649556634816,33.595391008689084,141.0,0.0104427609707818,86.80000305175781,86.80000305175781,0,0,0,1,0,0,0,0,0,0,0,0,1,0,0,0,0,0,0,0,0
52.37548647772663,70.0,161.5,0.0074247244651887,94.10000610351562,94.10000610351562,0,0,0,1,0,0,0,0,0,0,1,0,0,0,0,0,0,0,0,0,0
49.71893504575804,50.0,162.5,0.0074401300438317,94.10000610351562,94.10000610351562,0,0,0,1,0,0,0,0,0,0,0,0,0,0,0,0,0,0,1,0,0
1187.9424072727647,60.0,150.0,0.008337203918478,94.10000610351562,94.10000610351562,1,0,0,1,0,0,0,0,0,0,1,0,0,0,0,0,0,0,0,0,0
28.858483928157145,70.0,132.0,0.0035012458061126,74.4000015258789,74.4000015258789,0,0,1,0,0,0,0,0,0,0,1,0,0,0,0,0,0,0,0,0,0
1747.5615578808356,85.0,135.0,0.0022740983083966,74.4000015258789,74.4000015258789,1,1,1,0,0,0,0,0,0,0,1,0,0,0,0,0,0,0,0,0,0
47.01216630711873,50.0,133.5,0.006024850399298,86.80000305175781,86.80000305175781,0,0,1,0,0,0,0,0,0,0,0,0,0,0,1,0,0,0,0,0,0
223.37161891554751,50.0,135.0,0.0073467102793429,86.80000305175781,86.80000305175781,0,0,1,0,0,0,0,0,0,0,0,0,0,0,1,0,0,0,0,0,0
8.899096501386675,30.0,162.0,0.0330214184792025,78.69999694824219,78.69999694824219,0,1,1,0,0,0,0,0,0,0,0,0,1,0,0,0,0,0,0,0,0
107.85355437002752,30.0,164.5,0.0334335258174501,78.69999694824219,78.69999694824219,0,1,1,0,0,0,0,0,0,0,0,0,1,0,0,0,0,0,0,0,0
50.00930173945365,15.5531914893617,165.5,0.0331095618788486,78.69999694824219,78.69999694824219,0,0,0,1,0,1,0,0,0,0,0,0,0,0,0,0,0,0,0,0,0
107.85355437002752,30.0,164.5,0.0334335258174501,78.69999694824219,78.69999694824219,0,1,1,0,0,0,0,0,0,0,0,0,1,0,0,0,0,0,0,0,0
58.30671325386569,15.5531914893617,195.0,0.0125569361872235,78.69999694824219,78.69999694824219,0,0,0,1,0,1,0,0,0,0,0,0,0,0,0,0,0,0,0,0,0
58.306713253865695,15.5531914893617,195.0,0.0125569361872235,78.69999694824219,78.69999694824219,0,0,0,1,0,1,0,0,0,0,0,0,0,0,0,0,0,0,0,0,0
322.9654371077495,15.5531914893617,199.5,0.0116518005598279,94.10000610351562,94.10000610351562,0,0,0,1,0,1,0,0,0,0,0,0,0,0,0,0,0,0,0,0,0
80.63565667961674,30.0,187.5,0.0099238657435309,94.10000610351562,94.10000610351562,0,0,0,1,0,0,0,0,0,0,0,0,1,0,0,0,0,0,0,0,0
45.65851687967479,30.0,183.0,0.0098143816685072,94.10000610351562,94.10000610351562,0,0,0,1,0,0,0,0,0,0,0,0,1,0,0,0,0,0,0,0,0
135.08441728504496,30.0,188.0,0.0103466273270202,94.10000610351562,94.10000610351562,0,0,0,1,0,0,0,0,0,0,0,0,0,1,0,0,0,0,0,0,0
368.6630243735563,15.5531914893617,193.0,0.010750610934885,94.10000610351562,94.10000610351562,0,0,0,1,0,1,0,0,0,0,0,0,0,0,0,0,0,0,0,0,0
368.66302437355625,15.5531914893617,193.0,0.010750610934885,94.10000610351562,94.10000610351562,0,0,0,1,0,1,0,0,0,0,0,0,0,0,0,0,0,0,0,0,0
135.084417285045,30.0,188.0,0.0103466273270202,94.10000610351562,94.10000610351562,0,0,0,1,0,0,1,0,0,0,0,0,0,0,0,0,0,0,0,0,0
30.313312383554525,15.5531914893617,210.0,0.0130149922851754,94.10000610351562,94.10000610351562,0,0,0,1,0,1,0,0,0,0,0,0,0,0,0,0,0,0,0,0,0
29.638966290144843,15.5531914893617,210.0,0.0130149922851754,94.10000610351562,94.10000610351562,0,0,0,1,0,1,0,0,0,0,0,0,0,0,0,0,0,0,0,0,0
71.88285382482263,15.5531914893617,207.0,0.0133118048174917,78.69999694824219,78.69999694824219,0,0,0,1,0,1,0,0,0,0,0,0,0,0,0,0,0,0,0,0,0
29.638966290144843,15.5531914893617,210.0,0.0130149922851754,94.10000610351562,94.10000610351562,0,0,0,1,0,1,0,0,0,0,0,0,0,0,0,0,0,0,0,0,0
30.313312383554525,15.5531914893617,210.0,0.0130149922851754,94.10000610351562,94.10000610351562,0,0,0,1,0,1,0,0,0,0,0,0,0,0,0,0,0,0,0,0,0
313.5977242200834,15.5531914893617,212.5,0.011964962013836,94.10000610351562,94.10000610351562,0,0,0,1,0,1,0,0,0,0,0,0,0,0,0,0,0,0,0,0,0
20.09577899637316,15.5531914893617,219.0,0.0143296078907961,78.69999694824219,78.69999694824219,0,0,0,1,0,1,0,0,0,0,0,0,0,0,0,0,0,0,0,0,0
59.935589651209526,15.5531914893617,219.0,0.0143296078907961,78.69999694824219,78.69999694824219,0,0,0,1,0,1,0,0,0,0,0,0,0,0,0,0,0,0,0,0,0
107.34845491281256,15.5531914893617,223.5,0.0150905549189635,78.69999694824219,78.69999694824219,0,0,0,1,0,1,0,0,0,0,0,0,0,0,0,0,0,0,0,0,0
321.33726166426817,50.0,133.0,0.0118809084623641,94.10000610351562,94.10000610351562,0,0,0,1,0,0,0,0,0,0,0,0,0,0,0,0,0,0,1,0,0
20.49941080369594,50.0,132.0,0.0107823784748567,94.10000610351562,94.10000610351562,0,0,0,1,0,0,0,0,0,0,0,0,0,0,0,0,0,0,1,0,0
214.9829647675288,50.0,133.0,0.0111152638618837,94.10000610351562,94.10000610351562,0,0,0,1,0,0,0,0,0,0,1,0,0,0,0,0,0,0,0,0,0
27.51069839547039,50.0,132.0,0.0106425905680052,94.10000610351562,94.10000610351562,0,0,0,1,0,0,0,0,0,0,1,0,0,0,0,0,0,0,0,0,0
20.29201549457544,50.0,132.0,0.0106850631587332,94.10000610351562,94.10000610351562,0,0,0,1,0,0,0,0,0,0,0,0,0,0,0,0,0,0,1,0,0
274.7194167125827,30.0,219.5,0.0093925730981766,74.4000015258789,74.4000015258789,0,0,0,1,0,0,0,0,0,0,0,0,1,0,0,0,0,0,0,0,0
149.6989135854463,33.595391008689084,236.5,0.0117494144605613,74.4000015258789,74.4000015258789,0,0,0,1,0,0,0,0,0,0,0,0,1,0,0,0,0,0,0,0,0
153.61797986560674,30.0,134.5,0.0040276909101365,94.10000610351562,94.10000610351562,0,1,1,0,0,0,0,0,0,0,0,0,1,0,0,0,0,0,0,0,0
82.50618809133422,50.0,133.5,0.0031679515771363,94.10000610351562,94.10000610351562,0,1,1,0,0,0,0,0,0,0,0,0,0,0,0,0,1,0,0,0,0
449.61919490168026,30.0,214.0,0.0230503844059054,78.69999694824219,78.69999694824219,0,0,0,1,0,0,0,0,0,0,0,0,1,0,0,0,0,0,0,0,0
34.14281875962795,30.0,211.0,0.024790444167503,78.69999694824219,78.69999694824219,0,0,0,1,0,0,0,0,0,0,0,0,1,0,0,0,0,0,0,0,0
11.532080867537186,50.0,210.5,0.0250067880662146,78.69999694824219,78.69999694824219,0,0,0,1,0,0,0,0,0,0,0,0,0,0,0,0,1,0,0,0,0
417.865177402894,50.0,227.0,0.0259133101885105,78.69999694824219,78.69999694824219,0,0,0,1,0,0,0,0,0,0,0,0,0,0,0,0,1,0,0,0,0
86.66297652532947,30.0,181.0,0.0093279096573074,94.10000610351562,94.10000610351562,0,0,0,1,0,0,0,0,0,0,0,0,1,0,0,0,0,0,0,0,0
45.65851687967479,30.0,183.0,0.0098143816685072,94.10000610351562,94.10000610351562,0,0,0,1,0,0,0,0,0,0,0,0,1,0,0,0,0,0,0,0,0
86.27321039916947,30.0,180.0,0.0094076903471443,94.10000610351562,94.10000610351562,0,0,0,1,0,0,0,0,0,0,0,0,1,0,0,0,0,0,0,0,0
29.57980243848771,50.0,134.0,0.0069366810600527,94.10000610351562,94.10000610351562,0,0,1,0,0,0,0,0,0,0,0,0,1,0,0,0,0,0,0,0,0
248.289110797776,50.0,133.0,0.0071486278951056,94.10000610351562,94.10000610351562,0,0,1,0,0,0,0,0,0,0,0,0,1,0,0,0,0,0,0,0,0
164.9740493893333,47.53488372093023,133.5,0.0077418925947856,94.10000610351562,94.10000610351562,0,0,1,0,0,0,0,0,0,0,0,0,0,0,0,0,0,0,1,0,0
913.147099811804,30.0,132.0,0.0041100964723377,94.10000610351562,94.10000610351562,0,1,1,0,0,0,0,0,0,0,0,0,1,0,0,0,0,0,0,0,0
72.34086846542803,50.0,133.5,0.0069227103500835,94.10000610351562,94.10000610351562,0,0,1,0,0,0,0,0,0,0,0,0,1,0,0,0,0,0,0,0,0
192.5696044111461,50.0,133.0,0.0078486034887824,94.10000610351562,94.10000610351562,0,0,1,0,0,0,0,0,0,0,0,0,0,0,0,0,0,0,1,0,0
54.473149819332434,50.0,134.5,0.0094972205020728,94.10000610351562,94.10000610351562,0,0,0,1,0,0,0,0,0,0,0,0,0,0,0,0,0,0,1,0,0
120.89840757209728,50.0,134.0,0.0091545465584294,94.10000610351562,94.10000610351562,0,0,0,1,0,0,0,0,0,0,0,0,0,0,0,0,0,0,1,0,0
16.915240491645832,50.0,134.0,0.0090001012226244,94.10000610351562,94.10000610351562,0,0,1,0,0,0,0,0,0,0,0,0,0,0,0,0,0,0,1,0,0
120.89840757209728,50.0,134.0,0.0091545465584294,94.10000610351562,94.10000610351562,0,0,0,1,0,0,0,0,0,0,0,0,0,0,0,0,0,0,1,0,0
111.2550384443452,50.0,135.0,0.0100118431107311,94.10000610351562,94.10000610351562,0,0,1,0,0,0,0,0,0,0,0,0,0,0,0,0,0,0,1,0,0
46.27973606845977,50.0,134.5,0.0092723424427443,94.10000610351562,94.10000610351562,0,0,1,0,0,0,0,0,0,0,0,0,0,0,0,0,0,0,1,0,0
46.11256969981271,50.0,134.0,0.0092483308606899,94.10000610351562,94.10000610351562,0,0,1,0,0,0,0,0,0,0,0,0,0,0,0,0,0,0,1,0,0
25.54679499652673,50.0,133.5,0.0090046594774869,94.10000610351562,94.10000610351562,0,0,1,0,0,0,0,0,0,0,0,0,0,0,0,0,0,0,1,0,0
33.77372927320979,50.0,133.5,0.0088838523044373,94.10000610351562,94.10000610351562,0,0,1,0,0,0,0,0,0,0,0,0,0,0,0,0,0,0,1,0,0
24.92085032870544,50.0,133.0,0.0089037828847118,94.10000610351562,94.10000610351562,0,0,1,0,0,0,0,0,0,0,0,0,0,0,0,0,0,0,1,0,0
192.5696044111461,50.0,133.0,0.0078486034887824,94.10000610351562,94.10000610351562,0,0,1,0,0,0,0,0,0,0,0,0,0,0,0,0,0,0,1,0,0
19.78259181671858,50.0,134.0,0.0090440433849533,94.10000610351562,94.10000610351562,0,0,1,0,0,0,0,0,0,0,0,0,0,0,0,0,0,0,1,0,0
12.985690579047183,47.53488372093023,133.0,0.0085404057968032,94.10000610351562,94.10000610351562,0,0,1,0,0,0,0,0,0,0,0,0,0,0,0,0,0,0,1,0,0
68.38211182441363,33.595391008689084,131.5,0.0056492716927647,86.80000305175781,86.80000305175781,0,0,1,0,0,0,0,0,0,0,0,0,1,0,0,0,0,0,0,0,0
75.161248866411,33.595391008689084,131.0,0.005316531163538,86.80000305175781,86.80000305175781,0,0,1,0,0,0,0,0,0,0,0,0,1,0,0,0,0,0,0,0,0
75.161248866411,33.595391008689084,131.0,0.005316531163538,86.80000305175781,86.80000305175781,0,0,1,0,0,0,0,0,0,0,0,0,1,0,0,0,0,0,0,0,0
3.2001496782387804,30.0,132.0,0.0059796650382377,86.80000305175781,86.80000305175781,0,0,1,0,0,0,0,0,0,0,0,0,1,0,0,0,0,0,0,0,0
107.96935048163066,30.0,132.0,0.0058544036055987,74.4000015258789,74.4000015258789,0,0,1,0,0,0,0,0,0,0,0,0,1,0,0,0,0,0,0,0,0
124.03356162536234,33.595391008689084,132.5,0.0065583473837803,74.4000015258789,74.4000015258789,0,0,1,0,0,0,0,0,0,0,0,0,1,0,0,0,0,0,0,0,0
17.402099336001623,47.53488372093023,132.5,0.0034821928678361,94.10000610351562,94.10000610351562,0,0,0,1,0,0,0,0,0,0,0,0,0,0,0,0,0,0,1,0,0
23.710673490132848,50.0,132.0,0.0037225223397169,94.10000610351562,94.10000610351562,0,0,0,1,0,0,0,0,0,0,0,0,0,0,0,0,0,0,1,0,0
8.396023200536591,50.0,133.0,0.0029337859575708,94.10000610351562,94.10000610351562,0,0,0,1,0,0,0,0,0,0,0,0,0,0,0,0,0,0,1,0,0
124.2126338315354,42.33796296296296,133.5,0.0029601966800088,94.10000610351562,94.10000610351562,0,0,0,1,0,0,0,0,0,0,0,0,0,0,0,0,1,0,0,0,0
17.51411301548119,47.53488372093023,132.5,0.0034821928678361,94.10000610351562,94.10000610351562,0,0,0,1,0,0,0,0,0,0,0,0,0,0,0,0,0,0,1,0,0
29.97162896290352,50.0,133.0,0.0031988237718743,94.10000610351562,94.10000610351562,0,0,0,1,0,0,0,0,0,0,0,0,0,0,0,0,0,0,1,0,0
20.086807466665057,30.0,140.0,0.0071470361425692,94.10000610351562,94.10000610351562,0,0,0,1,0,0,0,0,0,0,0,0,1,0,0,0,0,0,0,0,0
20.086807466665057,30.0,140.0,0.0071470361425692,94.10000610351562,94.10000610351562,0,0,0,1,0,0,0,0,0,0,0,0,1,0,0,0,0,0,0,0,0
199.27253408405107,30.0,139.5,0.0066623997674942,94.10000610351562,94.10000610351562,0,0,0,1,0,0,0,0,0,0,0,0,1,0,0,0,0,0,0,0,0
18.607234355715818,30.0,140.0,0.007004829062899,94.10000610351562,94.10000610351562,0,0,0,1,0,0,0,0,0,0,0,0,1,0,0,0,0,0,0,0,0
68.68550470503497,30.0,136.0,0.0056579249855998,94.10000610351562,94.10000610351562,0,0,0,1,0,0,0,0,0,0,0,0,1,0,0,0,0,0,0,0,0
6.142640505600294,49.333333333333336,144.0,0.0148476640888633,78.69999694824219,78.69999694824219,0,0,0,1,0,0,0,0,0,0,0,0,0,0,0,1,0,0,0,0,0
24.373370539167137,30.0,144.0,0.0147896746805336,78.69999694824219,78.69999694824219,0,0,0,1,0,0,0,0,0,0,0,0,1,0,0,0,0,0,0,0,0
148.50391330325874,50.0,143.0,0.0156870470350244,78.69999694824219,78.69999694824219,0,0,0,1,0,0,0,0,0,0,0,0,0,0,1,0,0,0,0,0,0
24.373370539167137,30.0,144.0,0.0147896746805336,78.69999694824219,78.69999694824219,0,0,0,1,0,0,0,0,0,0,0,0,1,0,0,0,0,0,0,0,0
20.46318547903556,50.0,145.0,0.014706370721826,78.69999694824219,78.69999694824219,0,0,0,1,0,0,0,0,0,0,0,0,0,0,1,0,0,0,0,0,0
98.43751616449586,30.0,201.5,0.0366584553659316,78.69999694824219,78.69999694824219,0,0,0,1,0,0,0,0,0,0,0,0,1,0,0,0,0,0,0,0,0
12.985690579047183,47.53488372093023,133.0,0.0085404057968032,94.10000610351562,94.10000610351562,0,0,1,0,0,0,0,0,0,0,0,0,0,0,0,0,0,0,1,0,0
46.89677510436696,47.53488372093023,133.0,0.0086302317793804,94.10000610351562,94.10000610351562,0,0,1,0,0,0,0,0,0,0,0,0,0,0,0,0,0,0,1,0,0
164.9740493893333,47.53488372093023,133.5,0.0077418925947856,94.10000610351562,94.10000610351562,0,0,1,0,0,0,0,0,0,0,0,0,0,0,0,0,0,0,1,0,0
8.601032752316275,47.53488372093023,133.0,0.0087599691584465,94.10000610351562,94.10000610351562,0,0,1,0,0,0,0,0,0,0,0,0,0,0,0,0,0,0,1,0,0
12.30194498903133,47.53488372093023,133.0,0.0087213730210638,94.10000610351562,94.10000610351562,0,0,1,0,0,0,0,0,0,0,0,0,0,0,0,0,0,0,1,0,0
8.601032752316275,47.53488372093023,133.0,0.0087599691584465,94.10000610351562,94.10000610351562,0,0,1,0,0,0,0,0,0,0,0,0,0,0,0,0,0,0,1,0,0
46.89677510436696,47.53488372093023,133.0,0.0086302317793804,94.10000610351562,94.10000610351562,0,0,1,0,0,0,0,0,0,0,0,0,0,0,0,0,0,0,1,0,0
12.30194498903133,47.53488372093023,133.0,0.0087213730210638,94.10000610351562,94.10000610351562,0,0,1,0,0,0,0,0,0,0,0,0,0,0,0,0,0,0,1,0,0
247.5198015584189,50.0,134.0,0.0111095032611883,94.10000610351562,94.10000610351562,0,0,1,0,0,0,0,0,0,0,0,0,1,0,0,0,0,0,0,0,0
203.3464180098813,30.0,130.0,0.0017949890092184,74.4000015258789,74.4000015258789,0,0,1,0,0,0,0,0,0,0,0,0,1,0,0,0,0,0,0,0,0
37.012877590327626,15.5531914893617,142.5,0.0139365610109844,78.69999694824219,78.69999694824219,0,0,0,1,0,1,0,0,0,0,0,0,0,0,0,0,0,0,0,0,0
265.1560656604363,50.0,131.5,0.0065911648079449,94.10000610351562,94.10000610351562,0,0,1,0,0,0,0,0,0,0,0,0,0,0,0,0,0,0,1,0,0
62.301448629489066,30.0,138.0,0.0157903584924877,78.69999694824219,78.69999694824219,0,0,0,1,0,0,0,0,0,0,0,0,1,0,0,0,0,0,0,0,0
114.37289056546308,30.0,138.0,0.0153623098610752,78.69999694824219,78.69999694824219,0,0,0,1,0,0,0,0,0,0,0,0,1,0,0,0,0,0,0,0,0
6.72905019855144,30.0,317.5,0.0306816594724456,78.69999694824219,78.69999694824219,0,0,0,1,0,0,0,0,0,0,0,0,1,0,0,0,0,0,0,0,0
99.87444319915616,30.0,317.0,0.0308516512782476,78.69999694824219,78.69999694824219,0,0,0,1,0,0,0,0,0,0,0,0,1,0,0,0,0,0,0,0,0
43.26174332445108,30.0,315.0,0.0309711458509331,78.69999694824219,78.69999694824219,0,0,0,1,0,0,0,0,0,0,0,0,1,0,0,0,0,0,0,0,0
57.35775020320539,15.5531914893617,129.0,0.0013375246463868,74.4000015258789,74.4000015258789,0,0,0,1,0,1,0,0,0,0,0,0,0,0,0,0,0,0,0,0,0
57.35775020320539,15.5531914893617,129.0,0.0013375246463868,74.4000015258789,74.4000015258789,0,0,0,1,0,1,0,0,0,0,0,0,0,0,0,0,0,0,0,0,0
118.96176355110032,15.5531914893617,129.5,0.001506557882068,74.4000015258789,74.4000015258789,0,0,0,1,0,1,0,0,0,0,0,0,0,0,0,0,0,0,0,0,0
189.86288180021037,30.0,128.5,0.0095565631149625,74.4000015258789,74.4000015258789,0,0,1,0,0,0,0,0,0,0,0,0,1,0,0,0,0,0,0,0,0
91.67407205500582,30.0,128.0,0.0097401377517261,74.4000015258789,74.4000015258789,0,0,1,0,0,0,0,0,0,0,0,0,1,0,0,0,0,0,0,0,0
89.75163825220348,33.595391008689084,129.0,0.0102232718156752,74.4000015258789,74.4000015258789,0,0,1,0,0,0,0,0,0,0,0,0,1,0,0,0,0,0,0,0,0
74.86753109710732,30.0,129.0,0.0087386348634511,74.4000015258789,74.4000015258789,0,0,1,0,0,0,0,0,0,0,0,0,1,0,0,0,0,0,0,0,0
83.58986831242629,30.0,128.5,0.0079914508986402,74.4000015258789,74.4000015258789,0,0,1,0,0,0,0,0,0,0,0,0,1,0,0,0,0,0,0,0,0
155.81211032938245,30.0,128.5,0.008581713207402,74.4000015258789,74.4000015258789,0,0,1,0,0,0,0,0,0,0,0,0,1,0,0,0,0,0,0,0,0
155.81211032938245,30.0,128.5,0.008581713207402,74.4000015258789,74.4000015258789,0,0,1,0,0,0,0,0,0,0,0,0,1,0,0,0,0,0,0,0,0
181.7528499811984,30.0,133.5,0.0099497741688707,74.4000015258789,74.4000015258789,0,0,1,0,0,0,0,0,0,0,0,0,0,0,1,0,0,0,0,0,0
159.37227854899527,30.0,134.0,0.0083901815376107,74.4000015258789,74.4000015258789,0,0,1,0,0,0,0,0,0,0,0,0,0,0,1,0,0,0,0,0,0
210.1444473014722,33.595391008689084,137.0,0.0099019314820971,74.4000015258789,74.4000015258789,0,0,1,0,0,0,0,0,0,0,0,0,1,0,0,0,0,0,0,0,0
78.94511151805261,30.0,131.5,0.0090944456338336,74.4000015258789,74.4000015258789,0,0,1,0,0,0,0,0,0,0,0,0,1,0,0,0,0,0,0,0,0
74.86753109710732,30.0,129.0,0.0087386348634511,74.4000015258789,74.4000015258789,0,0,1,0,0,0,0,0,0,0,0,0,1,0,0,0,0,0,0,0,0
78.94511151805261,30.0,131.5,0.0090944456338336,74.4000015258789,74.4000015258789,0,0,1,0,0,0,0,0,0,0,0,0,1,0,0,0,0,0,0,0,0
87.34786448927338,30.0,128.5,0.0091767630324568,74.4000015258789,74.4000015258789,0,0,1,0,0,0,0,0,0,0,0,0,1,0,0,0,0,0,0,0,0
83.58986831242629,30.0,128.5,0.0079914508986402,74.4000015258789,74.4000015258789,0,0,1,0,0,0,0,0,0,0,0,0,1,0,0,0,0,0,0,0,0
7.895680473483807,30.0,128.0,0.0075591484642719,74.4000015258789,74.4000015258789,0,0,1,0,0,0,0,0,0,0,0,0,1,0,0,0,0,0,0,0,0
478.8800602476406,30.0,128.5,0.0059068363331945,74.4000015258789,74.4000015258789,0,0,1,0,0,0,0,0,0,0,0,0,1,0,0,0,0,0,0,0,0
44.162300516047154,30.0,129.0,0.0040203716943264,74.4000015258789,74.4000015258789,0,0,1,0,0,0,0,0,0,0,0,0,1,0,0,0,0,0,0,0,0
344.2412544927531,30.0,128.5,0.0058689383101748,74.4000015258789,74.4000015258789,0,0,1,0,0,0,0,0,0,0,0,0,1,0,0,0,0,0,0,0,0
478.88006024764064,30.0,128.5,0.0059068363331945,74.4000015258789,74.4000015258789,0,0,1,0,0,0,0,0,0,0,0,0,1,0,0,0,0,0,0,0,0
91.67407205500582,30.0,128.0,0.0097401377517261,74.4000015258789,74.4000015258789,0,0,1,0,0,0,0,0,0,0,0,0,1,0,0,0,0,0,0,0,0
87.34786448927338,30.0,128.5,0.0091767630324568,74.4000015258789,74.4000015258789,0,0,1,0,0,0,0,0,0,0,0,0,1,0,0,0,0,0,0,0,0
343.22923760086906,30.0,128.0,0.0084403849000013,74.4000015258789,74.4000015258789,0,0,1,0,0,0,0,0,0,0,0,0,1,0,0,0,0,0,0,0,0
75.09768538119508,30.0,128.0,0.0075397265460403,74.4000015258789,74.4000015258789,0,0,1,0,0,0,0,0,0,0,0,0,1,0,0,0,0,0,0,0,0
7.895680473483807,30.0,128.0,0.0075591484642719,74.4000015258789,74.4000015258789,0,0,1,0,0,0,0,0,0,0,0,0,1,0,0,0,0,0,0,0,0
344.2412544927532,30.0,128.5,0.0058689383101748,74.4000015258789,74.4000015258789,0,0,1,0,0,0,0,0,0,0,0,0,1,0,0,0,0,0,0,0,0
343.22923760086906,30.0,128.0,0.0084403849000013,74.4000015258789,74.4000015258789,0,0,1,0,0,0,0,0,0,0,0,0,1,0,0,0,0,0,0,0,0
109.98510349131324,30.0,128.0,0.0071205013439266,74.4000015258789,74.4000015258789,0,0,1,0,0,0,0,0,0,0,0,0,1,0,0,0,0,0,0,0,0
110.71126772663324,30.0,128.5,0.0082568102632377,74.4000015258789,74.4000015258789,0,0,1,0,0,0,0,0,0,0,0,0,1,0,0,0,0,0,0,0,0
56.87991892681914,33.595391008689084,130.5,0.0048400094439854,74.4000015258789,74.4000015258789,0,0,1,0,0,0,0,0,0,0,0,0,1,0,0,0,0,0,0,0,0
69.4747713049166,30.0,131.5,0.0053136859370064,74.4000015258789,74.4000015258789,0,0,1,0,0,0,1,0,0,0,0,0,0,0,0,0,0,0,0,0,0
196.89312378632707,30.0,131.0,0.0042465175357051,74.4000015258789,74.4000015258789,0,0,1,0,0,0,1,0,0,0,0,0,0,0,0,0,0,0,0,0,0
27.08305063033765,33.595391008689084,130.0,0.0045326949894908,74.4000015258789,74.4000015258789,0,0,1,0,0,0,0,0,0,0,0,0,1,0,0,0,0,0,0,0,0
148.2167498238634,40.0,130.0,0.0012004241862162,74.4000015258789,74.4000015258789,0,0,1,0,0,0,0,0,0,0,0,0,1,0,0,0,0,0,0,0,0
23.93629125018217,15.5531914893617,130.0,0.0023337799619955,74.4000015258789,74.4000015258789,0,0,1,0,0,1,0,0,0,0,0,0,0,0,0,0,0,0,0,0,0
81.58214062201364,30.0,130.0,0.0019838129811891,74.4000015258789,74.4000015258789,0,0,1,0,0,0,0,0,0,0,0,0,1,0,0,0,0,0,0,0,0
23.93629125018217,15.5531914893617,130.0,0.0023337799619955,74.4000015258789,74.4000015258789,0,0,1,0,0,1,0,0,0,0,0,0,0,0,0,0,0,0,0,0,0
101.28615952266848,30.0,140.5,0.0121468425827791,78.69999694824219,78.69999694824219,0,0,0,1,0,0,0,0,0,0,0,0,1,0,0,0,0,0,0,0,0
5.870846524875227,33.595391008689084,132.0,0.0041680890803299,74.4000015258789,74.4000015258789,0,0,0,1,0,0,0,0,0,0,0,0,1,0,0,0,0,0,0,0,0
122.45318318460458,50.0,131.5,0.0047012150669634,74.4000015258789,74.4000015258789,0,0,0,1,0,0,0,0,0,0,0,0,1,0,0,0,0,0,0,0,0
162.0207030200605,33.595391008689084,132.0,0.0048481760540362,74.4000015258789,74.4000015258789,0,0,0,1,0,0,0,0,0,0,0,0,1,0,0,0,0,0,0,0,0
20.57478354250205,33.595391008689084,132.0,0.0040707287775724,74.4000015258789,74.4000015258789,0,0,0,1,0,0,0,0,0,0,0,0,1,0,0,0,0,0,0,0,0
5.870846524875227,33.595391008689084,132.0,0.0041680890803299,74.4000015258789,74.4000015258789,0,0,0,1,0,0,0,0,0,0,0,0,1,0,0,0,0,0,0,0,0
128.62801785258648,50.0,131.5,0.0044039107858549,74.4000015258789,74.4000015258789,0,0,0,1,0,0,0,0,0,0,0,0,1,0,0,0,0,0,0,0,0
131.02476333800854,33.595391008689084,131.0,0.003465146120495,74.4000015258789,74.4000015258789,0,0,1,0,0,0,0,0,0,0,0,0,1,0,0,0,0,0,0,0,0
13.017670092807132,33.595391008689084,132.0,0.0036489005332957,74.4000015258789,74.4000015258789,0,0,0,1,0,0,0,0,0,0,0,0,1,0,0,0,0,0,0,0,0
31.58073447555368,33.595391008689084,131.5,0.0038424083317495,74.4000015258789,74.4000015258789,0,0,0,1,0,0,0,0,0,0,0,0,1,0,0,0,0,0,0,0,0
131.02476333800854,33.595391008689084,131.0,0.003465146120495,74.4000015258789,74.4000015258789,0,0,1,0,0,0,0,0,0,0,0,0,1,0,0,0,0,0,0,0,0
203.0537790726234,33.595391008689084,131.5,0.0025654246336579,74.4000015258789,74.4000015258789,0,0,1,0,0,0,0,0,0,0,0,0,1,0,0,0,0,0,0,0,0
147.0761436387387,33.595391008689084,131.0,0.0033321050365691,74.4000015258789,74.4000015258789,0,0,0,1,0,0,0,0,0,0,0,0,1,0,0,0,0,0,0,0,0
25.46473148075969,30.0,130.5,0.0023653531091654,74.4000015258789,74.4000015258789,0,0,1,0,0,0,0,0,0,0,0,0,1,0,0,0,0,0,0,0,0
81.02015934748255,15.5531914893617,129.5,0.0027667215231227,74.4000015258789,74.4000015258789,0,1,1,0,0,1,0,0,0,0,0,0,0,0,0,0,0,0,0,0,0
22.907897326004267,15.5531914893617,128.0,0.0031623186638729,74.4000015258789,74.4000015258789,0,0,1,0,0,1,0,0,0,0,0,0,0,0,0,0,0,0,0,0,0
49.41289292656165,15.5531914893617,128.5,0.0031925160290118,74.4000015258789,74.4000015258789,0,0,1,0,0,1,0,0,0,0,0,0,0,0,0,0,0,0,0,0,0
81.02015934748255,15.5531914893617,129.5,0.0027667215231227,74.4000015258789,74.4000015258789,0,1,1,0,0,1,0,0,0,0,0,0,0,0,0,0,0,0,0,0,0
160.49274359835104,33.595391008689084,236.0,0.0450232913886263,78.69999694824219,78.69999694824219,0,0,0,1,0,0,0,0,0,0,0,0,1,0,0,0,0,0,0,0,0
25.519314935891085,15.5531914893617,239.0,0.0432056668601245,78.69999694824219,78.69999694824219,0,0,0,1,0,1,0,0,0,0,0,0,0,0,0,0,0,0,0,0,0
42.66180070453501,15.5531914893617,239.0,0.0432536687554937,78.69999694824219,78.69999694824219,0,0,0,1,0,1,0,0,0,0,0,0,0,0,0,0,0,0,0,0,0
42.66180070453501,15.5531914893617,239.0,0.0432536687554937,78.69999694824219,78.69999694824219,0,0,0,1,0,1,0,0,0,0,0,0,0,0,0,0,0,0,0,0,0
43.64292682170614,33.595391008689084,130.5,0.0090175565952928,74.4000015258789,74.4000015258789,0,0,0,1,0,0,0,0,0,0,0,0,1,0,0,0,0,0,0,0,0
152.55679081083662,33.595391008689084,129.5,0.0084099468612684,74.4000015258789,74.4000015258789,0,0,0,1,0,0,0,0,0,0,0,0,1,0,0,0,0,0,0,0,0
154.39034970161038,33.595391008689084,130.5,0.0096981105675288,74.4000015258789,74.4000015258789,0,0,0,1,0,0,0,0,0,0,0,0,1,0,0,0,0,0,0,0,0
100.3145638933136,33.595391008689084,132.0,0.0015696529830417,74.4000015258789,74.4000015258789,0,0,1,0,0,0,0,0,0,0,0,0,1,0,0,0,0,0,0,0,0
411.7961499497409,70.0,316.5,0.0238524631400372,86.80000305175781,86.80000305175781,0,0,0,1,0,0,0,0,0,0,1,0,0,0,0,0,0,0,0,0,0
63.409932466094446,50.0,300.0,0.0210464805167647,86.80000305175781,86.80000305175781,0,0,0,1,0,0,0,0,0,0,1,0,0,0,0,0,0,0,0,0,0
177.93286950716168,50.0,299.0,0.0203231222463608,86.80000305175781,86.80000305175781,0,0,0,1,0,0,0,0,0,0,1,0,0,0,0,0,0,0,0,0,0
53.84561524197757,70.0,335.0,0.0285907157703365,86.80000305175781,86.80000305175781,0,0,0,1,0,0,0,0,0,0,1,0,0,0,0,0,0,0,0,0,0
75.39192535823626,70.0,339.5,0.0294326465683541,86.80000305175781,86.80000305175781,1,0,0,1,0,0,0,0,0,0,1,0,0,0,0,0,0,0,0,0,0
51.68689152186364,40.0,336.0,0.0286505904647561,86.80000305175781,86.80000305175781,0,0,0,1,0,0,0,0,1,0,0,0,0,0,0,0,0,0,0,0,0
53.84561524197757,70.0,335.0,0.0285907157703365,86.80000305175781,86.80000305175781,0,0,0,1,0,0,0,0,0,0,1,0,0,0,0,0,0,0,0,0,0
154.45526110016814,70.0,333.0,0.0272482064987264,86.80000305175781,86.80000305175781,0,0,0,1,0,0,0,0,0,0,1,0,0,0,0,0,0,0,0,0,0
30.43417796450388,40.0,335.0,0.0283004010949652,86.80000305175781,86.80000305175781,0,0,0,1,0,0,0,0,1,0,0,0,0,0,0,0,0,0,0,0,0
154.45526110016817,70.0,333.0,0.0272482064987264,86.80000305175781,86.80000305175781,0,0,0,1,0,0,0,0,0,0,1,0,0,0,0,0,0,0,0,0,0
411.79614994974094,70.0,316.5,0.0238524631400372,86.80000305175781,86.80000305175781,0,0,0,1,0,0,0,0,0,0,1,0,0,0,0,0,0,0,0,0,0
137.89917252651705,70.0,347.5,0.0308277490111151,86.80000305175781,86.80000305175781,0,0,0,1,0,0,0,0,0,0,1,0,0,0,0,0,0,0,0,0,0
178.59080950951784,70.0,357.0,0.0329068097067279,86.80000305175781,86.80000305175781,0,0,0,1,0,0,0,0,0,0,1,0,0,0,0,0,0,0,0,0,0
445.2285450982381,44.583333333333336,341.5,0.0295968926649003,86.80000305175781,86.80000305175781,0,0,0,1,0,0,0,0,1,0,0,0,0,0,0,0,0,0,0,0,0
75.39192535823626,70.0,339.5,0.0294326465683541,86.80000305175781,86.80000305175781,1,0,0,1,0,0,0,0,0,0,1,0,0,0,0,0,0,0,0,0,0
137.89917252651705,70.0,347.5,0.0308277490111151,86.80000305175781,86.80000305175781,0,0,0,1,0,0,0,0,0,0,1,0,0,0,0,0,0,0,0,0,0
178.59080950951784,70.0,357.0,0.0329068097067279,86.80000305175781,86.80000305175781,0,0,0,1,0,0,0,0,0,0,1,0,0,0,0,0,0,0,0,0,0
76.72202030049021,15.5531914893617,174.5,0.0098562085767833,94.10000610351562,94.10000610351562,0,0,0,1,0,1,0,0,0,0,0,0,0,0,0,0,0,0,0,0,0
127.42492885605574,15.5531914893617,175.5,0.0102039704436788,94.10000610351562,94.10000610351562,0,0,0,1,0,1,0,0,0,0,0,0,0,0,0,0,0,0,0,0,0
51.320227083990574,30.0,174.0,0.0096097193520726,94.10000610351562,94.10000610351562,0,0,0,1,0,0,0,0,0,0,0,0,1,0,0,0,0,0,0,0,0
109.53176936099392,30.0,174.5,0.0096545807562136,94.10000610351562,94.10000610351562,0,0,0,1,0,0,0,0,0,0,0,0,1,0,0,0,0,0,0,0,0
27.08305063033765,33.595391008689084,130.0,0.0045326949894908,74.4000015258789,74.4000015258789,0,0,1,0,0,0,0,0,0,0,0,0,1,0,0,0,0,0,0,0,0
27.810221541660443,33.595391008689084,130.5,0.0046917008423942,74.4000015258789,74.4000015258789,0,0,1,0,0,0,0,0,0,0,0,0,1,0,0,0,0,0,0,0,0
56.87991892681914,33.595391008689084,130.5,0.0048400094439854,74.4000015258789,74.4000015258789,0,0,1,0,0,0,0,0,0,0,0,0,1,0,0,0,0,0,0,0,0
32.64671733461177,33.595391008689084,131.0,0.0047607606576955,74.4000015258789,74.4000015258789,0,0,1,0,0,0,0,0,0,0,0,0,1,0,0,0,0,0,0,0,0
71.13135890436904,33.595391008689084,131.0,0.0047607606576955,74.4000015258789,74.4000015258789,0,0,1,0,0,0,0,0,0,0,0,0,1,0,0,0,0,0,0,0,0
100.2820211974376,33.595391008689084,131.5,0.0052647678592389,74.4000015258789,74.4000015258789,0,0,1,0,0,0,0,0,0,0,0,0,1,0,0,0,0,0,0,0,0
162.36426608661904,50.0,133.0,0.0044542780069259,94.10000610351562,94.10000610351562,0,0,1,0,0,0,0,0,0,0,0,0,0,0,0,0,0,0,1,0,0
15.536014220703125,50.0,132.5,0.0034462202967969,94.10000610351562,94.10000610351562,0,0,1,0,0,0,0,0,0,0,0,0,0,0,0,0,0,0,1,0,0
62.68052432954632,30.0,132.5,0.000307999380598,74.4000015258789,74.4000015258789,1,1,1,0,0,0,0,0,0,0,1,0,0,0,0,0,0,0,0,0,0
135.90942738911934,30.0,130.0,0.0009965243521596,74.4000015258789,74.4000015258789,0,0,1,0,0,0,0,0,0,0,0,0,0,0,1,0,0,0,0,0,0
86.17276921414084,50.0,131.0,0.0003475978485702,74.4000015258789,74.4000015258789,0,0,1,0,0,0,0,0,0,0,1,0,0,0,0,0,0,0,0,0,0
102.25475777666156,15.5531914893617,143.5,0.0014440126697487,74.4000015258789,74.4000015258789,0,0,0,1,0,1,0,0,0,0,0,0,0,0,0,0,0,0,0,0,0
49.46511600341624,50.0,137.0,0.0011095447064622,74.4000015258789,74.4000015258789,0,0,0,1,0,0,0,0,0,0,1,0,0,0,0,0,0,0,0,0,0
300.37678496440105,40.0,139.0,0.0012272271515787,74.4000015258789,74.4000015258789,0,0,1,0,0,0,0,0,0,0,1,0,0,0,0,0,0,0,0,0,0
367.6727742115763,33.595391008689084,154.0,0.0026350506103593,74.4000015258789,74.4000015258789,0,0,0,1,0,0,0,0,0,0,0,0,1,0,0,0,0,0,0,0,0
165.86050004167515,30.0,139.5,0.0011036518859408,74.4000015258789,74.4000015258789,0,0,0,1,0,0,0,0,0,0,1,0,0,0,0,0,0,0,0,0,0
11.996740435711182,30.0,246.0,0.0477770321836696,78.69999694824219,78.69999694824219,0,0,0,1,0,0,0,0,0,0,0,0,1,0,0,0,0,0,0,0,0
28.424563172345195,30.0,248.0,0.0480284560466818,78.69999694824219,78.69999694824219,0,0,0,1,0,0,0,0,0,0,0,0,1,0,0,0,0,0,0,0,0
234.38578106235843,33.595391008689084,242.0,0.0470120496218578,78.69999694824219,78.69999694824219,0,0,0,1,0,0,0,0,0,0,0,0,0,1,0,0,0,0,0,0,0
161.03218542033247,50.0,142.5,0.0138632174859018,78.69999694824219,78.69999694824219,0,0,0,1,0,0,0,0,0,0,0,0,1,0,0,0,0,0,0,0,0
32.64671733461177,33.595391008689084,131.0,0.0047607606576955,74.4000015258789,74.4000015258789,0,0,1,0,0,0,0,0,0,0,0,0,1,0,0,0,0,0,0,0,0
71.13135890436905,33.595391008689084,131.0,0.0047607606576955,74.4000015258789,74.4000015258789,0,0,1,0,0,0,0,0,0,0,0,0,1,0,0,0,0,0,0,0,0
27.810221541660443,33.595391008689084,130.5,0.0046917008423942,74.4000015258789,74.4000015258789,0,0,1,0,0,0,0,0,0,0,0,0,1,0,0,0,0,0,0,0,0
23.46612349495852,42.33796296296296,159.0,0.0287274305273752,78.69999694824219,78.69999694824219,0,0,1,0,0,0,0,0,0,0,0,0,0,0,0,0,1,0,0,0,0
9.125942251160389,50.0,161.0,0.0288088199530005,78.69999694824219,78.69999694824219,0,0,1,0,0,0,0,0,0,0,0,0,0,0,1,0,0,0,0,0,0
70.90699219547412,50.0,160.0,0.0282944361615635,78.69999694824219,78.69999694824219,0,0,1,0,0,0,0,0,0,0,0,0,0,0,1,0,0,0,0,0,0
9.125942251160389,50.0,161.0,0.0288088199530005,78.69999694824219,78.69999694824219,0,0,1,0,0,0,0,0,0,0,0,0,0,0,1,0,0,0,0,0,0
395.7004884908931,50.0,162.0,0.0292725371562878,78.69999694824219,78.69999694824219,0,0,1,0,0,0,0,0,0,0,0,0,0,0,1,0,0,0,0,0,0
31.47011620606111,50.0,177.0,0.0347019020770516,78.69999694824219,78.69999694824219,0,0,0,1,0,0,0,0,0,0,0,0,0,0,1,0,0,0,0,0,0
11.615634400618584,50.0,178.0,0.0343956899368019,78.69999694824219,78.69999694824219,0,0,0,1,0,0,0,0,0,0,0,0,0,0,1,0,0,0,0,0,0
23.373363968235218,50.0,178.0,0.0344885581544595,78.69999694824219,78.69999694824219,0,0,0,1,0,0,0,0,0,0,0,0,0,0,1,0,0,0,0,0,0
31.32498444028022,50.0,176.0,0.0343555106499294,78.69999694824219,78.69999694824219,0,0,0,1,0,0,0,0,0,0,0,0,0,0,1,0,0,0,0,0,0
7.704890539688138,50.0,176.0,0.0348459721219199,78.69999694824219,78.69999694824219,0,0,0,1,0,0,0,0,0,0,0,0,0,0,1,0,0,0,0,0,0
47.01007448447907,50.0,177.0,0.034609033859394,78.69999694824219,78.69999694824219,0,0,0,1,0,0,0,0,0,0,0,0,0,0,1,0,0,0,0,0,0
44.82261019808272,50.0,176.0,0.034458484632246,78.69999694824219,78.69999694824219,0,0,0,1,0,0,0,0,0,0,0,0,0,0,0,1,0,0,0,0,0
164.60428722768663,50.0,169.5,0.0338508025365873,78.69999694824219,78.69999694824219,0,0,0,1,0,0,0,0,0,0,0,0,0,0,1,0,0,0,0,0,0
31.324984440280215,50.0,176.0,0.0343555106499294,78.69999694824219,78.69999694824219,0,0,0,1,0,0,0,0,0,0,0,0,0,0,1,0,0,0,0,0,0
11.615634400618584,50.0,178.0,0.0343956899368019,78.69999694824219,78.69999694824219,0,0,0,1,0,0,0,0,0,0,0,0,0,0,1,0,0,0,0,0,0
120.67596039850451,50.0,184.0,0.0344013662592145,78.69999694824219,78.69999694824219,0,0,0,1,0,0,0,0,0,0,0,0,0,0,1,0,0,0,0,0,0
309.74994484740034,15.5531914893617,134.0,0.0044065155504198,94.10000610351562,94.10000610351562,0,0,1,0,0,1,0,0,0,0,0,0,0,0,0,0,0,0,0,0,0
2338.8568341173414,40.0,240.5,0.0218360028709045,78.69999694824219,78.69999694824219,1,0,0,1,0,0,0,0,0,0,0,0,1,0,0,0,0,0,0,0,0
358.7524908893173,30.0,208.5,0.0200933695986603,78.69999694824219,78.69999694824219,0,0,0,1,0,0,0,0,0,0,0,0,1,0,0,0,0,0,0,0,0
200.512739006964,50.0,197.5,0.0195698408782763,78.69999694824219,78.69999694824219,0,0,0,1,0,0,0,0,0,0,0,0,0,0,1,0,0,0,0,0,0
648.2885708230081,50.0,182.5,0.016789990770023,78.69999694824219,78.69999694824219,0,0,0,1,0,0,0,0,0,0,0,0,0,0,1,0,0,0,0,0,0
64.28518113381769,33.595391008689084,205.0,0.0205463811197766,78.69999694824219,78.69999694824219,0,0,0,1,0,0,0,0,0,0,0,0,1,0,0,0,0,0,0,0,0
200.512739006964,50.0,197.5,0.0195698408782763,78.69999694824219,78.69999694824219,0,0,0,1,0,0,0,0,0,0,0,0,0,0,1,0,0,0,0,0,0
122.98867122107804,50.0,212.5,0.0209604507356852,78.69999694824219,78.69999694824219,0,0,0,1,0,0,0,0,0,0,0,0,0,0,1,0,0,0,0,0,0
56.35679244254822,50.0,226.5,0.0217551043495023,78.69999694824219,78.69999694824219,0,0,0,1,0,0,0,0,0,0,0,0,0,0,1,0,0,0,0,0,0
304.28102377343845,33.595391008689084,238.0,0.0230825159938161,78.69999694824219,78.69999694824219,0,0,0,1,0,0,0,0,0,0,0,0,1,0,0,0,0,0,0,0,0
43.39623176143866,50.0,233.0,0.0221956792907307,78.69999694824219,78.69999694824219,0,0,0,1,0,0,0,0,0,0,0,0,0,0,1,0,0,0,0,0,0
162.2260920672474,30.0,242.5,0.0323529815385069,78.69999694824219,78.69999694824219,0,0,0,1,0,0,0,0,0,0,0,0,1,0,0,0,0,0,0,0,0
146.13210687180606,30.0,244.5,0.029457182298583,78.69999694824219,78.69999694824219,0,0,0,1,0,0,0,0,0,0,0,0,1,0,0,0,0,0,0,0,0
137.37574550140363,30.0,290.0,0.0255757173882287,78.69999694824219,78.69999694824219,0,0,0,1,0,0,0,0,0,0,0,0,1,0,0,0,0,0,0,0,0
11.77005274895332,30.0,288.0,0.0249395615940728,78.69999694824219,78.69999694824219,0,0,0,1,0,0,0,0,0,0,0,0,1,0,0,0,0,0,0,0,0
2338.8568341173427,40.0,240.5,0.0218360028709045,78.69999694824219,78.69999694824219,1,0,0,1,0,0,0,0,0,0,0,0,1,0,0,0,0,0,0,0,0
126.89291803368454,15.5531914893617,132.5,0.0021369338207472,74.4000015258789,74.4000015258789,0,1,1,0,0,1,0,0,0,0,0,0,0,0,0,0,0,0,0,0,0
69.5996426401185,15.5531914893617,132.5,0.0025788186532557,74.4000015258789,74.4000015258789,0,1,1,0,0,1,0,0,0,0,0,0,0,0,0,0,0,0,0,0,0
11.067439407026274,15.5531914893617,130.0,0.0025524656371138,74.4000015258789,74.4000015258789,0,1,1,0,0,1,0,0,0,0,0,0,0,0,0,0,0,0,0,0,0
119.03076317029442,33.595391008689084,141.0,0.0112473653925957,74.4000015258789,74.4000015258789,0,0,0,1,0,0,0,0,0,0,0,0,1,0,0,0,0,0,0,0,0
55.88473199548465,30.0,146.0,0.0041774261800736,74.4000015258789,74.4000015258789,0,0,0,1,0,0,0,0,0,0,0,0,1,0,0,0,0,0,0,0,0
55.88473199548464,30.0,146.0,0.0041774261800736,74.4000015258789,74.4000015258789,0,0,0,1,0,0,0,0,0,0,0,0,1,0,0,0,0,0,0,0,0
78.65614568007386,30.0,145.5,0.0045438487461647,74.4000015258789,74.4000015258789,0,0,0,1,0,0,0,0,0,0,0,0,1,0,0,0,0,0,0,0,0
88.00934052384837,50.0,137.0,0.0138528767527201,78.69999694824219,78.69999694824219,0,0,0,1,0,0,0,0,0,0,0,0,0,0,1,0,0,0,0,0,0
144.11006826963137,30.0,188.0,0.0223850797919256,78.69999694824219,78.69999694824219,0,0,0,1,0,0,0,0,0,0,0,0,1,0,0,0,0,0,0,0,0
67.32796940718174,50.0,176.0,0.0078459451971532,94.10000610351562,94.10000610351562,0,0,0,1,0,0,0,0,0,0,0,0,0,0,0,0,1,0,0,0,0
78.35238761908496,30.0,178.5,0.0077048979394125,94.10000610351562,94.10000610351562,0,0,0,1,0,0,0,0,0,0,0,0,1,0,0,0,0,0,0,0,0
12.059267649815828,50.0,174.5,0.0079829564087507,94.10000610351562,94.10000610351562,0,0,0,1,0,0,0,0,0,0,0,0,0,0,0,0,1,0,0,0,0
67.32796940718174,50.0,176.0,0.0078459451971532,94.10000610351562,94.10000610351562,0,0,0,1,0,0,0,0,0,0,0,0,0,0,0,0,1,0,0,0,0
12.059267649815828,50.0,174.5,0.0079829564087507,94.10000610351562,94.10000610351562,0,0,0,1,0,0,0,0,0,0,0,0,0,0,0,0,1,0,0,0,0
155.12949763170192,50.0,175.0,0.008569650261636,94.10000610351562,94.10000610351562,0,0,0,1,0,0,0,0,0,0,0,0,0,0,0,0,1,0,0,0,0
112.21989164055394,50.0,173.0,0.007537267861197,94.10000610351562,94.10000610351562,0,0,0,1,0,0,0,0,0,0,0,1,0,0,0,0,0,0,0,0,0
8.742091928609426,30.0,143.0,0.0023221863611515,94.10000610351562,94.10000610351562,0,0,0,1,0,0,0,0,0,0,0,0,1,0,0,0,0,0,0,0,0
8.742091928609426,30.0,143.0,0.0023221863611515,94.10000610351562,94.10000610351562,0,0,0,1,0,0,0,0,0,0,0,0,1,0,0,0,0,0,0,0,0
14.34123984320246,33.595391008689084,143.0,0.002357225933626,94.10000610351562,94.10000610351562,0,0,0,1,0,0,0,0,0,0,0,0,1,0,0,0,0,0,0,0,0
11.618662423466628,50.8,140.5,0.0022542416549282,94.10000610351562,94.10000610351562,0,0,0,1,0,0,0,0,0,0,0,1,0,0,0,0,0,0,0,0,0
11.169240990996084,50.8,143.0,0.0022873917181554,94.10000610351562,94.10000610351562,0,0,0,1,0,0,0,0,0,0,0,1,0,0,0,0,0,0,0,0,0
6.681742679990932,50.8,143.0,0.002262229562362,94.10000610351562,94.10000610351562,0,0,0,1,0,0,0,0,0,0,0,1,0,0,0,0,0,0,0,0,0
79.4850334912455,33.595391008689084,140.5,0.0024132722439114,94.10000610351562,94.10000610351562,0,0,0,1,0,0,0,0,0,0,0,0,1,0,0,0,0,0,0,0,0
14.34123984320246,33.595391008689084,143.0,0.002357225933626,94.10000610351562,94.10000610351562,0,0,0,1,0,0,0,0,0,0,0,0,1,0,0,0,0,0,0,0,0
18.30590256987038,33.595391008689084,140.5,0.002314443383196,94.10000610351562,94.10000610351562,0,0,0,1,0,0,0,0,0,0,0,0,1,0,0,0,0,0,0,0,0
14.91776213313076,50.8,138.0,0.0021274596266818,94.10000610351562,94.10000610351562,0,0,0,1,0,0,0,0,0,0,0,1,0,0,0,0,0,0,0,0,0
121.4142870506612,50.0,133.0,0.0117559974204606,74.4000015258789,74.4000015258789,0,0,0,1,0,0,0,0,0,0,0,0,1,0,0,0,0,0,0,0,0
16.06298790877681,50.0,132.0,0.0112451523011995,74.4000015258789,74.4000015258789,0,0,0,1,0,0,0,0,0,0,0,0,1,0,0,0,0,0,0,0,0
25.437654452519453,50.0,132.0,0.0111943542104071,74.4000015258789,74.4000015258789,0,0,0,1,0,0,0,0,0,0,0,0,1,0,0,0,0,0,0,0,0
6.36021493717306,30.0,129.0,0.0089339142545506,74.4000015258789,74.4000015258789,0,0,1,0,0,0,0,0,0,0,0,0,0,0,1,0,0,0,0,0,0
32.47404852416727,30.0,129.0,0.0087578723245892,74.4000015258789,74.4000015258789,0,0,1,0,0,0,0,0,0,0,0,0,0,0,1,0,0,0,0,0,0
86.65584999994945,30.0,129.5,0.0082286582022388,74.4000015258789,74.4000015258789,0,0,1,0,0,0,0,0,0,0,0,0,0,0,1,0,0,0,0,0,0
32.47404852416727,30.0,129.0,0.0087578723245892,74.4000015258789,74.4000015258789,0,0,1,0,0,0,0,0,0,0,0,0,0,0,1,0,0,0,0,0,0
95.41712831549653,50.0,128.0,0.0005464971977688,74.4000015258789,74.4000015258789,0,0,1,0,0,0,0,0,0,0,1,0,0,0,0,0,0,0,0,0,0
47.37052246313499,50.0,128.5,0.0007532880471278,74.4000015258789,74.4000015258789,0,0,1,0,0,0,0,0,0,0,1,0,0,0,0,0,0,0,0,0,0
68.9923752538629,30.0,257.0,0.0266876641112847,78.69999694824219,78.69999694824219,0,0,0,1,0,0,0,0,0,0,0,0,1,0,0,0,0,0,0,0,0
294.19677250221827,30.0,254.5,0.0276477871970739,78.69999694824219,78.69999694824219,0,0,0,1,0,0,0,0,0,0,0,0,1,0,0,0,0,0,0,0,0
103.09492644102616,48.05084745762712,256.0,0.02635609556528,78.69999694824219,78.69999694824219,0,0,0,1,0,0,0,0,0,0,0,0,0,0,1,0,0,0,0,0,0
668.973742637819,50.0,260.0,0.0294982944369201,78.69999694824219,78.69999694824219,0,0,0,1,0,0,0,0,0,0,0,0,0,0,1,0,0,0,0,0,0
41.413008516069205,30.0,137.5,0.0071581795903437,94.10000610351562,94.10000610351562,0,1,1,0,0,0,0,0,0,0,0,0,1,0,0,0,0,0,0,0,0
139.94242443914587,30.0,139.0,0.0070124727176077,94.10000610351562,94.10000610351562,0,1,1,0,0,0,0,0,0,0,0,0,1,0,0,0,0,0,0,0,0
33.44927810470669,30.0,137.5,0.00702590962885,94.10000610351562,94.10000610351562,0,1,1,0,0,0,0,0,0,0,0,0,1,0,0,0,0,0,0,0,0
19.90919516927353,30.0,137.0,0.0071199808396874,94.10000610351562,94.10000610351562,0,1,1,0,0,0,0,0,0,0,0,0,1,0,0,0,0,0,0,0,0
137.57828158338725,30.0,136.5,0.0060740286164629,94.10000610351562,94.10000610351562,0,1,1,0,0,0,0,0,0,0,0,0,1,0,0,0,0,0,0,0,0
33.44927810470669,30.0,137.5,0.00702590962885,94.10000610351562,94.10000610351562,0,1,1,0,0,0,0,0,0,0,0,0,1,0,0,0,0,0,0,0,0
112.92445396959168,30.0,134.0,0.0090088067359203,78.69999694824219,78.69999694824219,0,0,1,0,0,0,0,0,0,0,0,0,1,0,0,0,0,0,0,0,0
19.597283028244867,30.0,134.0,0.008970430249463,78.69999694824219,78.69999694824219,0,0,1,0,0,0,0,0,0,0,0,0,1,0,0,0,0,0,0,0,0
41.13954436148329,30.0,135.0,0.0092225107503404,78.69999694824219,78.69999694824219,0,0,1,0,0,0,0,0,0,0,0,0,1,0,0,0,0,0,0,0,0
251.97504063208177,50.0,141.0,0.0035791372506758,94.10000610351562,94.10000610351562,1,0,0,1,0,0,0,0,0,0,1,0,0,0,0,0,0,0,0,0,0
43.91112474260285,30.0,136.0,0.0034665232895805,94.10000610351562,94.10000610351562,0,0,0,1,0,0,0,0,0,0,0,0,1,0,0,0,0,0,0,0,0
9.401907375250442,50.0,136.0,0.0032542142330516,94.10000610351562,94.10000610351562,0,0,0,1,0,0,0,0,0,0,1,0,0,0,0,0,0,0,0,0,0
9.401907375250442,50.0,136.0,0.0032542142330516,94.10000610351562,94.10000610351562,0,0,0,1,0,0,0,0,0,0,1,0,0,0,0,0,0,0,0,0,0
22.69382021641414,50.0,136.0,0.0030951842065075,94.10000610351562,94.10000610351562,0,0,0,1,0,0,0,0,0,0,1,0,0,0,0,0,0,0,0,0,0
24.47612162453757,30.0,136.0,0.0033272808786187,94.10000610351562,94.10000610351562,0,0,0,1,0,0,0,0,0,0,0,0,1,0,0,0,0,0,0,0,0
36.24493778654084,30.0,136.0,0.0032089441824891,94.10000610351562,94.10000610351562,0,0,0,1,0,0,0,0,0,0,0,0,1,0,0,0,0,0,0,0,0
18.22606582625381,30.0,136.0,0.0035395899351477,94.10000610351562,94.10000610351562,0,0,0,1,0,0,0,0,0,0,0,0,1,0,0,0,0,0,0,0,0
281.31653844504376,30.0,136.0,0.0030930777902314,94.10000610351562,94.10000610351562,0,0,0,1,0,0,0,0,0,0,0,0,1,0,0,0,0,0,0,0,0
29.63341725123606,50.0,134.5,0.0027877765691447,94.10000610351562,94.10000610351562,0,0,0,1,0,0,0,0,0,0,1,0,0,0,0,0,0,0,0,0,0
44.64320089528552,50.0,135.0,0.0029325830042391,94.10000610351562,94.10000610351562,0,0,0,1,0,0,0,0,0,0,1,0,0,0,0,0,0,0,0,0,0
24.00140655312942,50.0,133.0,0.0024517873257858,94.10000610351562,94.10000610351562,0,0,0,1,0,0,0,0,0,0,1,0,0,0,0,0,0,0,0,0,0
29.43231056477069,50.8,133.0,0.0024431229428429,94.10000610351562,94.10000610351562,0,0,0,1,0,0,0,0,0,0,0,1,0,0,0,0,0,0,0,0,0
14.309792264591264,50.0,130.0,0.0021417131776441,94.10000610351562,94.10000610351562,0,0,0,1,0,0,0,0,0,0,1,0,0,0,0,0,0,0,0,0,0
15.126670307549512,50.0,131.5,0.002218872246384,94.10000610351562,94.10000610351562,0,0,0,1,0,0,0,0,0,0,0,1,0,0,0,0,0,0,0,0,0
83.52626097166606,50.0,252.0,0.0226487349717751,78.69999694824219,78.69999694824219,0,0,0,1,0,0,0,0,0,0,0,0,1,0,0,0,0,0,0,0,0
60.84013536512845,50.0,252.0,0.0232367847294183,78.69999694824219,78.69999694824219,0,0,0,1,0,0,0,0,0,0,0,0,1,0,0,0,0,0,0,0,0
36.922140991615,50.0,132.0,0.0079185728308706,94.10000610351562,94.10000610351562,0,0,0,1,0,0,0,0,0,0,1,0,0,0,0,0,0,0,0,0,0
14.823652091609194,50.8,132.0,0.0081522225240113,94.10000610351562,94.10000610351562,0,0,0,1,0,0,0,0,0,0,0,1,0,0,0,0,0,0,0,0,0
73.98014036943451,50.0,132.0,0.0085778918023239,94.10000610351562,94.10000610351562,0,0,0,1,0,0,0,0,0,0,1,0,0,0,0,0,0,0,0,0,0
37.28851291733184,30.0,227.0,0.021718514664597,78.69999694824219,78.69999694824219,0,0,0,1,0,0,0,0,0,0,0,0,1,0,0,0,0,0,0,0,0
35.12102497585432,30.0,224.0,0.0215130741191288,78.69999694824219,78.69999694824219,0,0,0,1,0,0,0,0,0,0,0,0,1,0,0,0,0,0,0,0,0
16.440898262205273,30.0,224.0,0.0215130741191288,78.69999694824219,78.69999694824219,0,0,0,1,0,0,0,0,0,0,0,0,1,0,0,0,0,0,0,0,0
37.28851291733184,30.0,227.0,0.021718514664597,78.69999694824219,78.69999694824219,0,0,0,1,0,0,0,0,0,0,0,0,1,0,0,0,0,0,0,0,0
35.12102497585432,30.0,224.0,0.0215130741191288,78.69999694824219,78.69999694824219,0,0,0,1,0,0,0,0,0,0,0,0,1,0,0,0,0,0,0,0,0
16.440898262205273,30.0,224.0,0.0215130741191288,78.69999694824219,78.69999694824219,0,0,0,1,0,0,0,0,0,0,0,0,1,0,0,0,0,0,0,0,0
358.7524908893174,30.0,208.5,0.0200933695986603,78.69999694824219,78.69999694824219,0,0,0,1,0,0,0,0,0,0,0,0,1,0,0,0,0,0,0,0,0
27.93658996434553,50.0,257.0,0.0418613963511258,78.69999694824219,78.69999694824219,0,0,0,1,0,0,0,0,0,0,0,0,1,0,0,0,0,0,0,0,0
187.2446557318765,50.0,257.0,0.0418613963511258,78.69999694824219,78.69999694824219,0,0,0,1,0,0,0,0,0,0,0,0,1,0,0,0,0,0,0,0,0
169.10041568436043,50.0,258.0,0.0413309141148483,78.69999694824219,78.69999694824219,0,0,0,1,0,0,0,0,0,0,0,0,1,0,0,0,0,0,0,0,0
27.93658996434553,50.0,257.0,0.0418613963511258,78.69999694824219,78.69999694824219,0,0,0,1,0,0,0,0,0,0,0,0,1,0,0,0,0,0,0,0,0
187.2446557318765,50.0,257.0,0.0418613963511258,78.69999694824219,78.69999694824219,0,0,0,1,0,0,0,0,0,0,0,0,1,0,0,0,0,0,0,0,0
112.21705067844614,50.0,258.0,0.0411942550533703,78.69999694824219,78.69999694824219,0,0,0,1,0,0,0,0,0,0,0,0,1,0,0,0,0,0,0,0,0
169.10041568436043,50.0,258.0,0.0413309141148483,78.69999694824219,78.69999694824219,0,0,0,1,0,0,0,0,0,0,0,0,1,0,0,0,0,0,0,0,0
73.7673830589731,50.0,260.0,0.0402938502238885,78.69999694824219,78.69999694824219,0,0,0,1,0,0,0,0,0,0,0,0,1,0,0,0,0,0,0,0,0
112.21705067844614,50.0,258.0,0.0411942550533703,78.69999694824219,78.69999694824219,0,0,0,1,0,0,0,0,0,0,0,0,1,0,0,0,0,0,0,0,0
8.262465362827127,50.0,261.0,0.0399465117212862,78.69999694824219,78.69999694824219,0,0,0,1,0,0,0,0,0,0,0,0,1,0,0,0,0,0,0,0,0
31.07652203000604,50.0,261.0,0.0397848947089436,78.69999694824219,78.69999694824219,0,0,0,1,0,0,0,0,0,0,0,0,1,0,0,0,0,0,0,0,0
73.7673830589731,50.0,260.0,0.0402938502238885,78.69999694824219,78.69999694824219,0,0,0,1,0,0,0,0,0,0,0,0,1,0,0,0,0,0,0,0,0
54.170154638869846,33.595391008689084,265.0,0.0432135636240732,78.69999694824219,78.69999694824219,0,0,0,1,0,0,0,0,0,0,0,0,1,0,0,0,0,0,0,0,0
49.91782679677021,33.595391008689084,267.0,0.042959738403812,78.69999694824219,78.69999694824219,0,0,0,1,0,0,0,0,0,0,0,0,1,0,0,0,0,0,0,0,0
79.80661712088425,15.5531914893617,265.5,0.0432789297333522,78.69999694824219,78.69999694824219,0,0,0,1,0,1,0,0,0,0,0,0,0,0,0,0,0,0,0,0,0
8.262465362827127,50.0,261.0,0.0399465117212862,78.69999694824219,78.69999694824219,0,0,0,1,0,0,0,0,0,0,0,0,1,0,0,0,0,0,0,0,0
33.30272356526976,50.0,261.0,0.0398074787995455,78.69999694824219,78.69999694824219,0,0,0,1,0,0,0,0,0,0,0,0,1,0,0,0,0,0,0,0,0
193.6068350558421,50.0,263.0,0.0394637851093112,78.69999694824219,78.69999694824219,0,0,0,1,0,0,0,0,0,0,0,0,1,0,0,0,0,0,0,0,0
33.30272356526976,50.0,261.0,0.0398074787995455,78.69999694824219,78.69999694824219,0,0,0,1,0,0,0,0,0,0,0,0,1,0,0,0,0,0,0,0,0
77.35469478148676,50.0,263.0,0.0393021680969686,78.69999694824219,78.69999694824219,0,0,0,1,0,0,0,0,0,0,0,0,1,0,0,0,0,0,0,0,0
31.07652203000604,50.0,261.0,0.0397848947089436,78.69999694824219,78.69999694824219,0,0,0,1,0,0,0,0,0,0,0,0,1,0,0,0,0,0,0,0,0
67.42485986594026,50.0,266.0,0.0386146183376045,78.69999694824219,78.69999694824219,0,0,0,1,0,0,0,0,0,0,0,0,1,0,0,0,0,0,0,0,0
77.35469478148676,50.0,263.0,0.0393021680969686,78.69999694824219,78.69999694824219,0,0,0,1,0,0,0,0,0,0,0,0,1,0,0,0,0,0,0,0,0
193.6068350558421,50.0,263.0,0.0394637851093112,78.69999694824219,78.69999694824219,0,0,0,1,0,0,0,0,0,0,0,0,1,0,0,0,0,0,0,0,0
64.14928172022604,50.0,268.0,0.0379746002863814,78.69999694824219,78.69999694824219,0,0,0,1,0,0,0,0,0,0,0,0,1,0,0,0,0,0,0,0,0
67.42485986594026,50.0,266.0,0.0386146183376045,78.69999694824219,78.69999694824219,0,0,0,1,0,0,0,0,0,0,0,0,1,0,0,0,0,0,0,0,0
61.1234303895485,33.595391008689084,266.5,0.0384564366346488,78.69999694824219,78.69999694824219,0,0,0,1,0,0,0,0,0,0,0,0,1,0,0,0,0,0,0,0,0
61.1234303895485,33.595391008689084,266.5,0.0384564366346488,78.69999694824219,78.69999694824219,0,0,0,1,0,0,0,0,0,0,0,0,1,0,0,0,0,0,0,0,0
48.10112724897063,50.0,270.0,0.0374370536672169,78.69999694824219,78.69999694824219,0,0,0,1,0,0,0,0,0,0,0,0,1,0,0,0,0,0,0,0,0
64.14928172022604,50.0,268.0,0.0379746002863814,78.69999694824219,78.69999694824219,0,0,0,1,0,0,0,0,0,0,0,0,1,0,0,0,0,0,0,0,0
57.37082153809845,33.595391008689084,268.5,0.0378451063453932,78.69999694824219,78.69999694824219,0,0,0,1,0,0,0,0,0,0,0,0,1,0,0,0,0,0,0,0,0
57.37082153809845,33.595391008689084,268.5,0.0378451063453932,78.69999694824219,78.69999694824219,0,0,0,1,0,0,0,0,0,0,0,0,1,0,0,0,0,0,0,0,0
48.10112724897063,50.0,270.0,0.0374370536672169,78.69999694824219,78.69999694824219,0,0,0,1,0,0,0,0,0,0,0,0,1,0,0,0,0,0,0,0,0
130.07598002994953,50.0,272.0,0.0376458864008316,78.69999694824219,78.69999694824219,0,0,0,1,0,0,0,0,0,0,0,0,1,0,0,0,0,0,0,0,0
344.5109909555062,33.595391008689084,272.0,0.0379002775053404,78.69999694824219,78.69999694824219,0,0,0,1,0,0,0,0,0,0,0,0,1,0,0,0,0,0,0,0,0
90.30448935103658,15.5531914893617,270.0,0.0390742967177303,78.69999694824219,78.69999694824219,0,0,0,1,0,1,0,0,0,0,0,0,0,0,0,0,0,0,0,0,0
35.424615299406305,50.0,273.0,0.0386077881217346,78.69999694824219,78.69999694824219,0,0,0,1,0,0,0,0,0,0,0,0,1,0,0,0,0,0,0,0,0
49.66454277405707,50.0,273.0,0.0383533970172258,78.69999694824219,78.69999694824219,0,0,0,1,0,0,0,0,0,0,0,0,1,0,0,0,0,0,0,0,0
107.06959983770643,50.0,275.0,0.0389197282827063,78.69999694824219,78.69999694824219,0,0,0,1,0,0,0,0,0,0,0,0,1,0,0,0,0,0,0,0,0
35.424615299406305,50.0,273.0,0.0386077881217346,78.69999694824219,78.69999694824219,0,0,0,1,0,0,0,0,0,0,0,0,1,0,0,0,0,0,0,0,0
344.51099095550603,33.595391008689084,272.0,0.0379002775053404,78.69999694824219,78.69999694824219,0,0,0,1,0,0,0,0,0,0,0,0,1,0,0,0,0,0,0,0,0
371.0882360888164,50.0,275.0,0.0356842602818215,78.69999694824219,78.69999694824219,0,0,0,1,0,0,0,0,0,0,0,0,0,0,1,0,0,0,0,0,0
78.81809246909927,50.0,281.5,0.0369143598322637,78.69999694824219,78.69999694824219,0,0,0,1,0,0,0,0,0,0,0,0,0,0,1,0,0,0,0,0,0
29.970355818157955,48.05084745762712,281.5,0.0374192687983133,78.69999694824219,78.69999694824219,0,0,0,1,0,0,0,0,0,0,0,0,0,0,1,0,0,0,0,0,0
76.88896479040862,50.0,281.5,0.0369652587690662,78.69999694824219,78.69999694824219,0,0,0,1,0,0,0,0,0,0,0,0,0,0,1,0,0,0,0,0,0
12.786144213062755,48.05084745762712,282.0,0.0372251541789713,78.69999694824219,78.69999694824219,0,0,0,1,0,0,0,0,0,0,0,0,0,0,1,0,0,0,0,0,0
34.16987171978787,30.0,280.0,0.0377603467546703,78.69999694824219,78.69999694824219,0,0,0,1,0,0,0,0,0,0,0,0,1,0,0,0,0,0,0,0,0
10.948922602949931,48.05084745762712,281.0,0.0375598291832751,78.69999694824219,78.69999694824219,0,0,0,1,0,0,0,0,0,0,0,0,0,0,1,0,0,0,0,0,0
14.60364675005196,48.05084745762712,282.0,0.0371801247938098,78.69999694824219,78.69999694824219,0,0,0,1,0,0,0,0,0,0,0,0,0,0,1,0,0,0,0,0,0
13.95651633851255,48.05084745762712,281.0,0.0374984872236162,78.69999694824219,78.69999694824219,0,0,0,1,0,0,0,0,0,0,0,0,0,0,1,0,0,0,0,0,0
58.33884996921073,30.0,284.5,0.0368366284628512,78.69999694824219,78.69999694824219,0,0,0,1,0,0,0,0,0,0,0,0,1,0,0,0,0,0,0,0,0
10.811202403724408,48.05084745762712,282.0,0.0372325125104732,78.69999694824219,78.69999694824219,0,0,0,1,0,0,0,0,0,0,0,0,0,0,1,0,0,0,0,0,0
57.81719881749981,50.0,282.5,0.0373910229768672,78.69999694824219,78.69999694824219,0,0,0,1,0,0,0,0,0,0,0,0,0,0,1,0,0,0,0,0,0
13.659689522948,48.05084745762712,281.5,0.0373594156185153,78.69999694824219,78.69999694824219,0,0,0,1,0,0,0,0,0,0,0,0,0,0,1,0,0,0,0,0,0
55.00329267870541,50.0,282.0,0.0374714079198869,78.69999694824219,78.69999694824219,0,0,0,1,0,0,0,0,0,0,0,0,0,0,1,0,0,0,0,0,0
311.9081829454468,50.0,280.0,0.0375763530000001,78.69999694824219,78.69999694824219,0,0,0,1,0,0,0,0,0,0,0,0,0,0,1,0,0,0,0,0,0
260.49455072537404,30.0,277.0,0.0384215098855282,78.69999694824219,78.69999694824219,0,0,0,1,0,0,0,0,0,0,0,0,1,0,0,0,0,0,0,0,0
36.10895558719784,30.0,277.0,0.0374838889808092,78.69999694824219,78.69999694824219,0,0,0,1,0,0,0,0,0,0,0,0,1,0,0,0,0,0,0,0,0
8.954757585857678,50.0,277.0,0.0373742264182583,78.69999694824219,78.69999694824219,0,0,0,1,0,0,0,0,0,0,0,0,0,0,1,0,0,0,0,0,0
30.495470503150013,50.0,277.0,0.0375299038393032,78.69999694824219,78.69999694824219,0,0,0,1,0,0,0,0,0,0,0,0,0,0,1,0,0,0,0,0,0
22.058926033600976,30.0,277.0,0.0373689947667987,78.69999694824219,78.69999694824219,0,0,0,1,0,0,0,0,0,0,0,0,1,0,0,0,0,0,0,0,0
8.954757585857678,50.0,277.0,0.0373742264182583,78.69999694824219,78.69999694824219,0,0,0,1,0,0,0,0,0,0,0,0,0,0,1,0,0,0,0,0,0
37.62728116631882,30.0,277.0,0.0374479984422225,78.69999694824219,78.69999694824219,0,0,0,1,0,0,0,0,0,0,0,0,1,0,0,0,0,0,0,0,0
20.125290944969905,50.0,276.5,0.037257955119206,78.69999694824219,78.69999694824219,0,0,0,1,0,0,0,0,0,0,0,0,0,0,1,0,0,0,0,0,0
19.17558067174284,30.0,276.5,0.0373085245602511,78.69999694824219,78.69999694824219,0,0,0,1,0,0,0,0,0,0,0,0,1,0,0,0,0,0,0,0,0
42.72183241370937,30.0,276.0,0.0372127620796848,78.69999694824219,78.69999694824219,0,0,0,1,0,0,0,0,0,0,0,0,1,0,0,0,0,0,0,0,0
34.217866839310034,30.0,276.5,0.0372931428401504,78.69999694824219,78.69999694824219,0,0,0,1,0,0,0,0,0,0,0,0,1,0,0,0,0,0,0,0,0
329.4187994845805,50.0,275.0,0.0357991411444248,78.69999694824219,78.69999694824219,0,0,0,1,0,0,0,0,0,0,0,0,0,0,1,0,0,0,0,0,0
20.125290944969905,50.0,276.5,0.037257955119206,78.69999694824219,78.69999694824219,0,0,0,1,0,0,0,0,0,0,0,0,0,0,1,0,0,0,0,0,0
311.90818294544687,50.0,280.0,0.0375763530000001,78.69999694824219,78.69999694824219,0,0,0,1,0,0,0,0,0,0,0,0,0,0,1,0,0,0,0,0,0
30.495470503150013,50.0,277.0,0.0375299038393032,78.69999694824219,78.69999694824219,0,0,0,1,0,0,0,0,0,0,0,0,0,0,1,0,0,0,0,0,0
36.72152924731931,30.0,277.0,0.037488781649257,78.69999694824219,78.69999694824219,0,0,0,1,0,0,0,0,0,0,0,0,1,0,0,0,0,0,0,0,0
306.5554702307676,70.0,273.0,0.0359514102573108,78.69999694824219,78.69999694824219,0,0,0,1,0,0,0,0,0,0,0,0,0,0,1,0,0,0,0,0,0
41.00288730088363,50.0,279.5,0.035060232684522,78.69999694824219,78.69999694824219,0,0,0,1,0,0,0,0,0,0,0,0,0,0,1,0,0,0,0,0,0
29.018359754754364,50.0,279.5,0.0351659644407513,78.69999694824219,78.69999694824219,0,0,0,1,0,0,0,0,0,0,0,0,0,0,1,0,0,0,0,0,0
11.206858686586298,50.0,283.0,0.0348256762092673,78.69999694824219,78.69999694824219,0,0,0,1,0,0,0,0,0,0,0,0,0,0,1,0,0,0,0,0,0
11.35124888691936,50.0,283.0,0.0347852157083416,78.69999694824219,78.69999694824219,0,0,0,1,0,0,0,0,0,0,0,0,0,0,1,0,0,0,0,0,0
7.649820025235695,50.0,283.0,0.0347583207778778,78.69999694824219,78.69999694824219,0,0,0,1,0,0,0,0,0,0,0,0,0,0,1,0,0,0,0,0,0
465.33220159991504,60.0,295.0,0.0323418693165053,78.69999694824219,78.69999694824219,0,0,0,1,0,0,0,0,0,0,0,0,0,0,1,0,0,0,0,0,0
7.649820025235695,50.0,283.0,0.0347583207778778,78.69999694824219,78.69999694824219,0,0,0,1,0,0,0,0,0,0,0,0,0,0,1,0,0,0,0,0,0
31.707207617250877,50.0,284.0,0.0349538446794026,78.69999694824219,78.69999694824219,0,0,0,1,0,0,0,0,0,0,0,0,0,0,1,0,0,0,0,0,0
73.61623866831823,30.0,286.5,0.0343418915929215,78.69999694824219,78.69999694824219,0,0,0,1,0,0,0,0,0,0,0,0,1,0,0,0,0,0,0,0,0
24.166648676845927,50.0,283.0,0.0349314079654966,78.69999694824219,78.69999694824219,0,0,0,1,0,0,0,0,0,0,0,0,0,0,1,0,0,0,0,0,0
20.83278948711646,70.0,378.0,0.0331668112247092,78.69999694824219,78.69999694824219,0,0,0,1,0,0,0,0,0,0,0,0,0,0,0,0,1,0,0,0,0
32.35398094962985,70.0,378.0,0.0330596036473608,78.69999694824219,78.69999694824219,0,0,0,1,0,0,0,0,0,0,0,0,0,0,0,0,0,1,0,0,0
5.662707605113051,70.0,378.0,0.0332773240353088,78.69999694824219,78.69999694824219,0,0,0,1,0,0,0,0,0,0,0,0,0,0,1,0,0,0,0,0,0
28.87399523550072,70.0,377.0,0.0334441202777029,78.69999694824219,78.69999694824219,0,0,0,1,0,0,0,0,0,0,0,0,0,0,1,0,0,0,0,0,0
20.785141223603976,70.0,378.0,0.0332622542812784,78.69999694824219,78.69999694824219,0,0,0,1,0,0,0,0,0,0,0,0,0,0,0,0,1,0,0,0,0
15.120005953320948,33.595391008689084,307.0,0.0300464183184035,78.69999694824219,78.69999694824219,0,0,0,1,0,0,0,0,0,0,0,0,1,0,0,0,0,0,0,0,0
803.2379157402673,20.0,288.5,0.0333809422830285,78.69999694824219,78.69999694824219,0,0,0,1,0,0,0,0,0,0,0,0,0,0,0,0,0,0,0,0,1
152.84091121707928,47.53488372093023,302.5,0.0307301716646446,78.69999694824219,78.69999694824219,0,0,0,1,0,0,0,0,0,0,0,0,0,0,0,0,0,0,1,0,0
58.60459791928759,47.53488372093023,298.0,0.0313333850485407,78.69999694824219,78.69999694824219,0,0,0,1,0,0,0,0,0,0,0,0,0,0,0,0,0,0,1,0,0
58.60459791928761,47.53488372093023,298.0,0.0313333850485407,78.69999694824219,78.69999694824219,0,0,0,1,0,0,0,0,0,0,0,0,0,0,0,0,0,0,1,0,0
152.8409112170793,47.53488372093023,302.5,0.0307301716646446,78.69999694824219,78.69999694824219,0,0,0,1,0,0,0,0,0,0,0,0,0,0,0,0,0,0,1,0,0
211.41261296140743,50.0,277.5,0.0350041885103309,78.69999694824219,78.69999694824219,0,0,0,1,0,0,0,0,0,0,0,0,0,0,1,0,0,0,0,0,0
30.776673940480908,50.0,269.5,0.0348067625409724,78.69999694824219,78.69999694824219,0,0,0,1,0,0,0,0,0,0,0,0,0,0,1,0,0,0,0,0,0
43.03894440099605,33.595391008689084,269.5,0.0346724315945483,78.69999694824219,78.69999694824219,0,0,0,1,0,0,0,0,0,0,0,0,1,0,0,0,0,0,0,0,0
26.65572316589344,33.595391008689084,269.0,0.0345797251948604,78.69999694824219,78.69999694824219,0,0,0,1,0,0,0,0,0,0,0,0,1,0,0,0,0,0,0,0,0
371.0882360888165,50.0,275.0,0.0356842602818215,78.69999694824219,78.69999694824219,0,0,0,1,0,0,0,0,0,0,0,0,0,0,1,0,0,0,0,0,0
30.77667394048091,50.0,269.5,0.0348067625409724,78.69999694824219,78.69999694824219,0,0,0,1,0,0,0,0,0,0,0,0,0,0,1,0,0,0,0,0,0
82.43126802146404,33.595391008689084,276.5,0.034490556902008,78.69999694824219,78.69999694824219,0,0,0,1,0,0,0,0,0,0,0,0,1,0,0,0,0,0,0,0,0
159.17752919043218,33.595391008689084,278.5,0.0335832356090012,78.69999694824219,78.69999694824219,0,0,0,1,0,0,0,0,0,0,0,0,1,0,0,0,0,0,0,0,0
15.788186154065558,33.595391008689084,271.5,0.0343736137790209,78.69999694824219,78.69999694824219,0,0,0,1,0,0,0,0,0,0,0,0,1,0,0,0,0,0,0,0,0
26.65572316589344,33.595391008689084,269.0,0.0345797251948604,78.69999694824219,78.69999694824219,0,0,0,1,0,0,0,0,0,0,0,0,1,0,0,0,0,0,0,0,0
15.788186154065558,33.595391008689084,271.5,0.0343736137790209,78.69999694824219,78.69999694824219,0,0,0,1,0,0,0,0,0,0,0,0,1,0,0,0,0,0,0,0,0
50.593926288565214,50.0,296.5,0.0195116965954174,86.80000305175781,86.80000305175781,0,0,0,1,0,0,0,0,0,0,1,0,0,0,0,0,0,0,0,0,0
1161.7017035115375,50.0,258.0,0.0139024389120971,86.80000305175781,86.80000305175781,0,0,0,1,0,0,0,0,0,0,1,0,0,0,0,0,0,0,0,0,0
102.49627543033182,33.595391008689084,227.0,0.0112205383555293,78.69999694824219,78.69999694824219,0,0,0,1,0,0,0,0,0,0,0,0,1,0,0,0,0,0,0,0,0
87.73395521265746,50.0,226.0,0.0107825422806332,78.69999694824219,78.69999694824219,0,0,0,1,0,0,0,0,0,0,1,0,0,0,0,0,0,0,0,0,0
308.82248353166705,60.0,235.5,0.0127667274574739,78.69999694824219,78.69999694824219,0,0,0,1,0,0,0,0,0,0,1,0,0,0,0,0,0,0,0,0,0
94.38150235570605,33.595391008689084,223.0,0.0110317090079107,78.69999694824219,78.69999694824219,0,0,0,1,0,0,0,0,0,0,0,0,1,0,0,0,0,0,0,0,0
40.32962914670033,50.0,220.0,0.0104349204989845,78.69999694824219,78.69999694824219,0,0,0,1,0,0,0,0,0,0,1,0,0,0,0,0,0,0,0,0,0
398.59110259133166,50.0,202.5,0.0099371073139728,78.69999694824219,78.69999694824219,0,0,0,1,0,0,0,0,0,0,1,0,0,0,0,0,0,0,0,0,0
111.84008895700336,15.5531914893617,253.0,0.0443055359302971,78.69999694824219,78.69999694824219,0,0,0,1,0,1,0,0,0,0,0,0,0,0,0,0,0,0,0,0,0
36.557018639466456,30.0,267.0,0.0346334690096591,78.69999694824219,78.69999694824219,0,0,0,1,0,0,0,0,0,0,0,0,0,0,0,0,0,0,1,0,0
40.35349866352152,30.0,267.0,0.0345552049906201,78.69999694824219,78.69999694824219,0,0,0,1,0,0,0,0,0,0,0,0,0,0,0,0,0,0,1,0,0
232.09085472228875,30.0,135.5,0.0068907179507968,74.4000015258789,74.4000015258789,0,0,0,1,0,0,0,0,0,0,0,0,1,0,0,0,0,0,0,0,0
604.0113900727487,15.5531914893617,132.0,0.0073633967155055,94.10000610351562,94.10000610351562,0,0,1,0,0,1,0,0,0,0,0,0,0,0,0,0,0,0,0,0,0
45.22670475717205,42.33796296296296,132.0,0.0073633967155055,94.10000610351562,94.10000610351562,0,0,1,0,0,0,0,0,0,0,0,0,0,0,0,0,1,0,0,0,0
16.491100637137542,42.33796296296296,132.0,0.0075651100163484,94.10000610351562,94.10000610351562,0,0,1,0,0,0,0,0,0,0,0,0,0,0,0,0,1,0,0,0,0
88.03675784743443,50.0,131.5,0.0095040467825156,94.10000610351562,94.10000610351562,0,0,1,0,0,0,0,0,0,0,0,0,0,0,0,0,1,0,0,0,0
37.05956223537511,50.0,131.0,0.0089725266448329,94.10000610351562,94.10000610351562,0,0,1,0,0,0,0,0,0,0,0,0,1,0,0,0,0,0,0,0,0
25.0074427714606,50.0,131.0,0.0091046868646117,94.10000610351562,94.10000610351562,0,0,1,0,0,0,0,0,0,0,0,0,1,0,0,0,0,0,0,0,0
106.36504057442,50.0,130.5,0.0097634463249021,94.10000610351562,94.10000610351562,0,0,1,0,0,0,0,0,0,0,0,0,1,0,0,0,0,0,0,0,0
32.74725071450361,50.0,131.0,0.0093496719159305,94.10000610351562,94.10000610351562,0,0,1,0,0,0,0,0,0,0,0,0,1,0,0,0,0,0,0,0,0
16.491100637137542,42.33796296296296,132.0,0.0075651100163484,94.10000610351562,94.10000610351562,0,0,1,0,0,0,0,0,0,0,0,0,0,0,0,0,1,0,0,0,0
41.82658175534914,42.33796296296296,131.5,0.0078159550120444,94.10000610351562,94.10000610351562,0,0,1,0,0,0,0,0,0,0,0,0,0,0,0,0,1,0,0,0,0
8.089372247721293,50.0,159.0,0.027943141413859,78.69999694824219,78.69999694824219,0,0,1,0,0,0,0,0,0,0,0,0,0,0,1,0,0,0,0,0,0
11.998486154983688,30.0,159.0,0.0278681740208786,78.69999694824219,78.69999694824219,0,0,1,0,0,0,0,0,0,0,0,0,1,0,0,0,0,0,0,0,0
70.07211119813427,30.0,156.5,0.0275360297123797,78.69999694824219,78.69999694824219,0,0,1,0,0,0,0,0,0,0,0,0,1,0,0,0,0,0,0,0,0
33.593594477472244,50.0,159.0,0.0285489316858878,78.69999694824219,78.69999694824219,0,0,1,0,0,0,0,0,0,0,0,0,0,0,0,0,0,1,0,0,0
27.06160172822771,50.0,161.0,0.0285674953556192,78.69999694824219,78.69999694824219,0,0,1,0,0,0,0,0,0,0,0,0,0,0,1,0,0,0,0,0,0
67.39092865971695,49.333333333333336,158.0,0.0283431992547313,78.69999694824219,78.69999694824219,0,0,1,0,0,0,0,0,0,0,0,0,0,0,0,1,0,0,0,0,0
29.80996205488823,50.0,160.0,0.0281909047130565,78.69999694824219,78.69999694824219,0,0,1,0,0,0,0,0,0,0,0,0,0,0,1,0,0,0,0,0,0
11.998486154983688,30.0,159.0,0.0278681740208786,78.69999694824219,78.69999694824219,0,0,1,0,0,0,0,0,0,0,0,0,1,0,0,0,0,0,0,0,0
57.19259877351169,50.0,159.5,0.027547450657826,78.69999694824219,78.69999694824219,0,0,1,0,0,0,0,0,0,0,0,0,0,0,1,0,0,0,0,0,0
419.5724450135611,50.0,158.5,0.0251821129741852,78.69999694824219,78.69999694824219,0,0,1,0,0,0,0,0,0,0,0,0,0,0,1,0,0,0,0,0,0
68.77505364815406,50.0,159.5,0.0275727465526842,78.69999694824219,78.69999694824219,0,0,1,0,0,0,0,0,0,0,0,0,0,0,1,0,0,0,0,0,0
12.42286444261621,30.0,259.0,0.0347523910864737,78.69999694824219,78.69999694824219,0,0,0,1,0,0,0,0,0,0,0,0,1,0,0,0,0,0,0,0,0
10.857270657989574,50.0,257.0,0.0344553904892951,78.69999694824219,78.69999694824219,0,0,0,1,0,0,0,0,0,0,0,0,0,0,1,0,0,0,0,0,0
41.76764633921295,50.0,257.0,0.0346204217002007,78.69999694824219,78.69999694824219,0,0,0,1,0,0,0,0,0,0,0,0,0,0,1,0,0,0,0,0,0
34.32093979289668,30.0,258.0,0.0346054865861543,78.69999694824219,78.69999694824219,0,0,0,1,0,0,0,0,0,0,0,0,1,0,0,0,0,0,0,0,0
27.379547542084296,30.0,257.0,0.0341599556296764,78.69999694824219,78.69999694824219,0,0,0,1,0,0,0,0,0,0,0,0,1,0,0,0,0,0,0,0,0
6.586581637474581,15.5531914893617,273.0,0.0409011624443901,78.69999694824219,78.69999694824219,0,0,0,1,0,1,0,0,0,0,0,0,0,0,0,0,0,0,0,0,0
65.6080739409555,33.595391008689084,273.5,0.040754908466628,78.69999694824219,78.69999694824219,0,0,0,1,0,0,0,0,0,0,0,0,1,0,0,0,0,0,0,0,0
3.735283502957438,30.0,269.0,0.042285657800531,78.69999694824219,78.69999694824219,0,0,0,1,0,0,0,0,0,0,0,0,1,0,0,0,0,0,0,0,0
4.927685808320983,30.0,269.0,0.0423330294739662,78.69999694824219,78.69999694824219,0,0,0,1,0,0,0,0,0,0,0,0,1,0,0,0,0,0,0,0,0
55.27594255804147,15.5531914893617,268.5,0.0425366125461277,78.69999694824219,78.69999694824219,0,0,0,1,0,1,0,0,0,0,0,0,0,0,0,0,0,0,0,0,0
15.274296548746705,33.595391008689084,275.0,0.0405294609290259,78.69999694824219,78.69999694824219,0,0,0,1,0,0,0,0,0,0,0,0,1,0,0,0,0,0,0,0,0
4.979398648052979,15.5531914893617,274.0,0.0405686194475876,78.69999694824219,78.69999694824219,0,0,0,1,0,1,0,0,0,0,0,0,0,0,0,0,0,0,0,0,0
76.87989247777716,15.5531914893617,273.0,0.0408945297148169,78.69999694824219,78.69999694824219,0,0,0,1,0,1,0,0,0,0,0,0,0,0,0,0,0,0,0,0,0
58.07388517065056,33.595391008689084,266.5,0.0431566072827874,78.69999694824219,78.69999694824219,0,0,0,1,0,0,0,0,0,0,0,0,1,0,0,0,0,0,0,0,0
145.62867234209256,33.595391008689084,263.0,0.0437989800079493,78.69999694824219,78.69999694824219,0,0,0,1,0,0,0,0,0,0,0,0,1,0,0,0,0,0,0,0,0
79.80661712088427,15.5531914893617,265.5,0.0432789297333522,78.69999694824219,78.69999694824219,0,0,0,1,0,1,0,0,0,0,0,0,0,0,0,0,0,0,0,0,0
25.699240345971912,33.595391008689084,273.0,0.0409711926555284,78.69999694824219,78.69999694824219,0,0,0,1,0,0,0,0,0,0,0,0,1,0,0,0,0,0,0,0,0
8.822738613021423,30.0,273.0,0.0410365201714118,78.69999694824219,78.69999694824219,0,0,0,1,0,0,0,0,0,0,0,0,1,0,0,0,0,0,0,0,0
4.979398648052979,15.5531914893617,274.0,0.0405686194475876,78.69999694824219,78.69999694824219,0,0,0,1,0,1,0,0,0,0,0,0,0,0,0,0,0,0,0,0,0
64.25048262381945,33.595391008689084,273.5,0.0407148734253497,78.69999694824219,78.69999694824219,0,0,0,1,0,0,0,0,0,0,0,0,1,0,0,0,0,0,0,0,0
6.586581637474581,15.5531914893617,273.0,0.0409011624443901,78.69999694824219,78.69999694824219,0,0,0,1,0,1,0,0,0,0,0,0,0,0,0,0,0,0,0,0,0
109.81661181631016,15.5531914893617,273.5,0.0404934713352052,78.69999694824219,78.69999694824219,0,0,0,1,0,1,0,0,0,0,0,0,0,0,0,0,0,0,0,0,0
25.42021548087942,33.595391008689084,273.0,0.0409460824797191,78.69999694824219,78.69999694824219,0,0,0,1,0,0,0,0,0,0,0,0,1,0,0,0,0,0,0,0,0
244.90600123858604,15.5531914893617,262.0,0.0449560929344158,78.69999694824219,78.69999694824219,0,0,0,1,0,1,0,0,0,0,0,0,0,0,0,0,0,0,0,0,0
65.81585440196496,33.595391008689084,261.0,0.0443512191404702,78.69999694824219,78.69999694824219,0,0,0,1,0,0,0,0,0,0,0,0,1,0,0,0,0,0,0,0,0
114.7846410728838,33.595391008689084,261.0,0.0444433227301149,78.69999694824219,78.69999694824219,0,0,0,1,0,0,0,0,0,0,0,0,1,0,0,0,0,0,0,0,0
75.51085861590742,30.0,269.5,0.0418522570832933,78.69999694824219,78.69999694824219,0,0,0,1,0,0,0,0,0,0,0,0,1,0,0,0,0,0,0,0,0
3.735283502957438,30.0,269.0,0.042285657800531,78.69999694824219,78.69999694824219,0,0,0,1,0,0,0,0,0,0,0,0,1,0,0,0,0,0,0,0,0
15.80466117812085,33.595391008689084,275.0,0.0405145360635568,78.69999694824219,78.69999694824219,0,0,0,1,0,0,0,0,0,0,0,0,1,0,0,0,0,0,0,0,0
35.64904946770777,30.0,276.0,0.0403497350387474,78.69999694824219,78.69999694824219,0,0,0,1,0,0,0,0,0,0,0,0,1,0,0,0,0,0,0,0,0
4.927685808320983,30.0,269.0,0.0423330294739662,78.69999694824219,78.69999694824219,0,0,0,1,0,0,0,0,0,0,0,0,1,0,0,0,0,0,0,0,0
66.3966588132323,30.0,267.5,0.0421912177033321,78.69999694824219,78.69999694824219,0,0,0,1,0,0,0,0,0,0,0,0,1,0,0,0,0,0,0,0,0
49.40516108931261,30.0,268.5,0.0425986939463677,78.69999694824219,78.69999694824219,0,0,0,1,0,0,0,0,0,0,0,0,1,0,0,0,0,0,0,0,0
81.29243033466835,15.5531914893617,272.5,0.0413644784045173,78.69999694824219,78.69999694824219,0,0,0,1,0,1,0,0,0,0,0,0,0,0,0,0,0,0,0,0,0
21.556791297619547,33.595391008689084,266.0,0.0420768015878547,78.69999694824219,78.69999694824219,0,0,0,1,0,0,0,0,0,0,0,0,1,0,0,0,0,0,0,0,0
66.3966588132323,30.0,267.5,0.0421912177033321,78.69999694824219,78.69999694824219,0,0,0,1,0,0,0,0,0,0,0,0,1,0,0,0,0,0,0,0,0
68.31680529332772,30.0,267.5,0.0421438460298969,78.69999694824219,78.69999694824219,0,0,0,1,0,0,0,0,0,0,0,0,1,0,0,0,0,0,0,0,0
145.6286723420925,33.595391008689084,263.0,0.0437989800079493,78.69999694824219,78.69999694824219,0,0,0,1,0,0,0,0,0,0,0,0,1,0,0,0,0,0,0,0,0
65.81585440196496,33.595391008689084,261.0,0.0443512191404702,78.69999694824219,78.69999694824219,0,0,0,1,0,0,0,0,0,0,0,0,1,0,0,0,0,0,0,0,0
137.66864683361112,15.5531914893617,262.5,0.0437336138986703,78.69999694824219,78.69999694824219,0,0,0,1,0,1,0,0,0,0,0,0,0,0,0,0,0,0,0,0,0
85.10788546495967,50.0,168.0,0.0330118076908277,78.69999694824219,78.69999694824219,0,0,0,1,0,0,0,0,0,0,0,0,0,0,1,0,0,0,0,0,0
84.38118374397095,50.0,168.0,0.0330118076908277,78.69999694824219,78.69999694824219,0,0,0,1,0,0,0,0,0,0,0,0,0,0,1,0,0,0,0,0,0
191.9070745368044,50.0,170.0,0.0319108478620882,78.69999694824219,78.69999694824219,0,0,0,1,0,0,0,0,0,0,0,0,0,0,1,0,0,0,0,0,0
35.934924413226696,15.5531914893617,170.0,0.0082956287544119,94.10000610351562,94.10000610351562,0,0,0,1,0,1,0,0,0,0,0,0,0,0,0,0,0,0,0,0,0
15.014236959840911,30.0,170.0,0.0081845578162954,94.10000610351562,94.10000610351562,0,0,0,1,0,0,0,0,0,0,0,0,1,0,0,0,0,0,0,0,0
225.98433723860632,10.0,176.0,0.0095967474489656,94.10000610351562,94.10000610351562,0,0,0,1,0,0,0,0,0,0,0,0,1,0,0,0,0,0,0,0,0
29.22576179387328,30.0,174.0,0.008642698520884,94.10000610351562,94.10000610351562,0,0,0,1,0,0,0,0,0,0,0,0,1,0,0,0,0,0,0,0,0
39.40836647596251,50.0,166.5,0.0076376841022415,94.10000610351562,94.10000610351562,0,0,0,1,0,0,0,0,0,0,0,0,1,0,0,0,0,0,0,0,0
18.776497046152024,30.0,168.0,0.007985143123095,94.10000610351562,94.10000610351562,0,0,0,1,0,0,0,0,0,0,0,0,1,0,0,0,0,0,0,0,0
66.23455399635274,30.0,174.5,0.008890365622423,94.10000610351562,94.10000610351562,0,0,0,1,0,0,0,0,0,0,0,0,0,0,0,0,1,0,0,0,0
26.895950167270435,30.0,172.0,0.0085701230636812,94.10000610351562,94.10000610351562,0,0,0,1,0,0,0,0,0,0,0,0,0,0,0,0,1,0,0,0,0
9.652347134234333,42.33796296296296,172.0,0.0084902818201108,94.10000610351562,94.10000610351562,0,0,0,1,0,0,0,0,0,0,0,0,0,0,0,0,1,0,0,0,0
27.014641488214775,30.0,174.0,0.008663351809848,94.10000610351562,94.10000610351562,0,0,0,1,0,0,0,0,0,0,0,0,1,0,0,0,0,0,0,0,0
8.44520782945697,42.33796296296296,172.0,0.0083357882303118,94.10000610351562,94.10000610351562,0,0,0,1,0,0,0,0,0,0,0,0,0,0,0,0,1,0,0,0,0
29.39334305364911,30.0,171.5,0.008304413419758,94.10000610351562,94.10000610351562,0,0,0,1,0,0,0,0,0,0,0,0,0,0,0,0,1,0,0,0,0
10.076255715052248,42.33796296296296,172.0,0.0083350643898047,94.10000610351562,94.10000610351562,0,0,0,1,0,0,0,0,0,0,0,0,0,0,0,0,1,0,0,0,0
35.934924413226696,15.5531914893617,170.0,0.0082956287544119,94.10000610351562,94.10000610351562,0,0,0,1,0,1,0,0,0,0,0,0,0,0,0,0,0,0,0,0,0
14.338540017367343,30.0,172.0,0.0085758626970178,94.10000610351562,94.10000610351562,0,0,0,1,0,0,0,0,0,0,0,0,0,0,0,0,1,0,0,0,0
322.98654413400646,30.0,171.0,0.0048200559379314,94.10000610351562,94.10000610351562,0,0,0,1,0,0,1,0,0,0,0,0,0,0,0,0,0,0,0,0,0
66.7728952088691,15.5531914893617,176.5,0.00509232059143,94.10000610351562,94.10000610351562,0,0,0,1,0,1,0,0,0,0,0,0,0,0,0,0,0,0,0,0,0
85.6281792250992,30.0,180.0,0.0055129697017497,94.10000610351562,94.10000610351562,0,0,0,1,0,0,0,0,0,0,0,0,1,0,0,0,0,0,0,0,0
7.551064976732109,42.33796296296296,172.0,0.0084270119090234,94.10000610351562,94.10000610351562,0,0,0,1,0,0,0,0,0,0,0,0,0,0,0,0,1,0,0,0,0
153.01936347621046,50.0,160.5,0.015159807367891,78.69999694824219,78.69999694824219,0,0,0,1,0,0,0,0,0,0,0,0,0,0,0,0,1,0,0,0,0
122.42331435943775,30.0,159.5,0.0139331760354753,78.69999694824219,78.69999694824219,0,0,0,1,0,0,0,0,0,0,0,0,1,0,0,0,0,0,0,0,0
41.81806839912603,30.0,160.0,0.0143555121263939,78.69999694824219,78.69999694824219,0,0,0,1,0,0,0,0,0,0,0,0,0,0,0,0,1,0,0,0,0
58.52641466581215,15.5531914893617,138.5,0.0089341602942122,78.69999694824219,78.69999694824219,0,0,0,1,0,1,0,0,0,0,0,0,0,0,0,0,0,0,0,0,0
66.62692549665277,30.0,139.0,0.0093071110919635,78.69999694824219,78.69999694824219,0,0,0,1,0,0,0,0,0,0,0,0,1,0,0,0,0,0,0,0,0
15.586481077916098,30.0,139.5,0.0093709277569105,78.69999694824219,78.69999694824219,0,0,0,1,0,0,0,0,0,0,0,0,1,0,0,0,0,0,0,0,0
51.87892032098392,50.0,130.5,0.0004111933978467,74.4000015258789,74.4000015258789,0,0,1,0,0,0,0,0,0,0,1,0,0,0,0,0,0,0,0,0,0
95.4171283154965,50.0,128.0,0.0005464971977688,74.4000015258789,74.4000015258789,0,0,1,0,0,0,0,0,0,0,1,0,0,0,0,0,0,0,0,0,0
86.17276921414086,50.0,131.0,0.0003475978485702,74.4000015258789,74.4000015258789,0,0,1,0,0,0,0,0,0,0,1,0,0,0,0,0,0,0,0,0,0
49.999707131421744,50.0,130.5,0.0004111933978467,74.4000015258789,74.4000015258789,0,0,1,0,0,0,0,0,0,0,1,0,0,0,0,0,0,0,0,0,0
16.36050717569808,30.0,134.0,0.0068165252602241,74.4000015258789,74.4000015258789,0,0,0,1,0,0,0,0,0,0,0,0,0,0,0,0,1,0,0,0,0
259.39992971795704,50.0,134.5,0.0069371347833241,78.69999694824219,78.69999694824219,0,0,0,1,0,0,0,0,0,0,0,0,1,0,0,0,0,0,0,0,0
43.73484727700404,30.0,133.5,0.0070322742975267,78.69999694824219,78.69999694824219,0,0,0,1,0,0,0,0,0,0,0,0,0,0,0,0,1,0,0,0,0
16.36050717569808,30.0,134.0,0.0068165252602241,74.4000015258789,74.4000015258789,0,0,0,1,0,0,0,0,0,0,0,0,0,0,0,0,1,0,0,0,0
162.88646462591555,30.0,133.5,0.0061549892904965,74.4000015258789,74.4000015258789,0,0,1,0,0,0,0,0,0,0,0,0,0,0,0,0,1,0,0,0,0
232.0908547222888,30.0,135.5,0.0068907179507968,74.4000015258789,74.4000015258789,0,0,0,1,0,0,0,0,0,0,0,0,1,0,0,0,0,0,0,0,0
345.3843848867159,50.0,144.5,0.0163194443162263,78.69999694824219,78.69999694824219,0,0,0,1,0,0,0,0,0,0,0,0,0,0,0,1,0,0,0,0,0
15.506645155390096,49.333333333333336,144.5,0.0148567822003968,78.69999694824219,78.69999694824219,0,0,0,1,0,0,0,0,0,0,0,0,0,0,0,1,0,0,0,0,0
25.360883684016844,50.0,144.0,0.0146969961726991,78.69999694824219,78.69999694824219,0,0,0,1,0,0,0,0,0,0,0,0,0,0,0,1,0,0,0,0,0
22.499787061191856,50.0,144.0,0.0146746878674467,78.69999694824219,78.69999694824219,0,0,0,1,0,0,0,0,0,0,0,0,0,0,1,0,0,0,0,0,0
26.633171452626783,30.0,134.5,0.007676233852679,74.4000015258789,74.4000015258789,0,0,0,1,0,0,0,0,0,0,0,0,1,0,0,0,0,0,0,0,0
23.22105587111948,50.0,134.5,0.007715088358541,74.4000015258789,74.4000015258789,0,0,0,1,0,0,0,0,0,0,0,0,0,0,0,1,0,0,0,0,0
19.438743982654188,50.0,134.0,0.0075568275547353,74.4000015258789,74.4000015258789,0,0,0,1,0,0,0,0,0,0,0,0,0,0,1,0,0,0,0,0,0
17.172965622698186,50.0,134.0,0.0076665687194439,74.4000015258789,74.4000015258789,0,0,0,1,0,0,0,0,0,0,0,0,0,0,0,1,0,0,0,0,0
24.516075865113827,50.0,134.0,0.0076126311058677,74.4000015258789,74.4000015258789,0,0,0,1,0,0,0,0,0,0,0,0,0,0,0,1,0,0,0,0,0
7.088685934448778,50.0,137.0,0.0146492440553777,78.69999694824219,78.69999694824219,0,0,0,1,0,0,0,0,0,0,0,0,0,0,1,0,0,0,0,0,0
27.44031968954306,50.0,137.0,0.0147435688153311,78.69999694824219,78.69999694824219,0,0,0,1,0,0,0,0,0,0,0,0,1,0,0,0,0,0,0,0,0
47.752494494729184,30.0,256.0,0.0496156920296041,78.69999694824219,78.69999694824219,0,0,0,1,0,0,0,0,0,0,0,0,1,0,0,0,0,0,0,0,0
6.944006252785667,30.0,303.0,0.0311405201800957,78.69999694824219,78.69999694824219,0,0,0,1,0,0,0,0,0,0,0,0,1,0,0,0,0,0,0,0,0
80.2180335285345,30.0,306.5,0.0311178215223105,78.69999694824219,78.69999694824219,0,0,0,1,0,0,0,0,0,0,0,0,1,0,0,0,0,0,0,0,0
71.62486861666525,30.0,301.5,0.0316659887455775,78.69999694824219,78.69999694824219,0,0,0,1,0,0,0,0,0,0,0,0,1,0,0,0,0,0,0,0,0
36.5138626928497,15.5531914893617,262.0,0.045386125732174,78.69999694824219,78.69999694824219,0,0,0,1,0,1,0,0,0,0,0,0,0,0,0,0,0,0,0,0,0
111.427625503562,30.0,252.0,0.051096832546057,78.69999694824219,78.69999694824219,0,0,0,1,0,0,0,0,0,0,0,0,0,0,0,0,1,0,0,0,0
211.15669085174443,30.0,244.5,0.0524581701777501,78.69999694824219,78.69999694824219,0,0,0,1,0,0,0,0,0,0,0,0,0,0,0,0,1,0,0,0,0
93.83876262028971,30.0,245.0,0.0514545891993747,78.69999694824219,78.69999694824219,0,0,0,1,0,0,0,0,0,0,0,0,1,0,0,0,0,0,0,0,0
137.81161871086587,30.0,249.5,0.0526625548247938,78.69999694824219,78.69999694824219,0,0,0,1,0,0,0,0,0,0,0,0,1,0,0,0,0,0,0,0,0
44.65378576431766,30.0,241.5,0.05328237705066,78.69999694824219,78.69999694824219,0,0,0,1,0,0,0,0,0,0,0,0,0,0,0,0,1,0,0,0,0
47.70766994948008,30.0,243.5,0.0533394148482358,78.69999694824219,78.69999694824219,0,0,0,1,0,0,0,0,0,0,0,0,0,0,0,0,1,0,0,0,0
23.690511806513555,30.0,252.5,0.0504289809207472,78.69999694824219,78.69999694824219,0,0,0,1,0,0,0,0,0,0,0,0,0,0,0,0,1,0,0,0,0
55.29098701853052,30.0,250.5,0.0500982259166494,78.69999694824219,78.69999694824219,0,0,0,1,0,0,0,0,0,0,0,0,0,0,0,0,1,0,0,0,0
26.999491156173622,30.0,252.5,0.050450338202001,78.69999694824219,78.69999694824219,0,0,0,1,0,0,0,0,0,0,0,0,1,0,0,0,0,0,0,0,0
9.454208412388803,30.0,254.0,0.0506139933104934,78.69999694824219,78.69999694824219,0,0,0,1,0,0,0,0,0,0,0,0,1,0,0,0,0,0,0,0,0
90.97460270093453,30.0,253.5,0.0537557436573291,78.69999694824219,78.69999694824219,0,0,0,1,0,0,0,0,0,0,0,0,1,0,0,0,0,0,0,0,0
602.2141538117762,35.0,258.5,0.0554520249049071,78.69999694824219,78.69999694824219,0,0,0,1,0,0,0,0,0,0,0,0,0,0,0,0,1,0,0,0,0
250.89005978295307,30.0,245.5,0.0537936398471111,78.69999694824219,78.69999694824219,0,0,0,1,0,0,0,0,0,0,0,0,0,0,0,0,1,0,0,0,0
18.78439297511537,30.0,254.0,0.0506296245208175,78.69999694824219,78.69999694824219,0,0,0,1,0,0,0,0,0,0,0,0,1,0,0,0,0,0,0,0,0
215.7063365762624,30.0,254.5,0.0513711399266444,78.69999694824219,78.69999694824219,0,0,0,1,0,0,0,0,0,0,0,0,1,0,0,0,0,0,0,0,0
187.9723866145326,30.0,263.5,0.0517516941442004,78.69999694824219,78.69999694824219,0,0,0,1,0,0,0,0,0,0,0,0,1,0,0,0,0,0,0,0,0
186.8634510856579,30.0,260.0,0.0506432766131759,78.69999694824219,78.69999694824219,0,0,0,1,0,0,0,0,0,0,0,0,1,0,0,0,0,0,0,0,0
88.17322162105768,30.0,259.0,0.0517160766790463,78.69999694824219,78.69999694824219,0,0,0,1,0,0,0,0,0,0,0,0,1,0,0,0,0,0,0,0,0
118.18300780287782,30.0,263.0,0.0508471436092814,78.69999694824219,78.69999694824219,0,0,0,1,0,0,0,0,0,0,0,0,1,0,0,0,0,0,0,0,0
8.767604887004493,30.0,254.0,0.0505659123000274,78.69999694824219,78.69999694824219,0,0,0,1,0,0,0,0,0,0,0,0,0,0,0,0,1,0,0,0,0
111.427625503562,30.0,252.0,0.051096832546057,78.69999694824219,78.69999694824219,0,0,0,1,0,0,0,0,0,0,0,0,0,0,0,0,1,0,0,0,0
95.65115328211051,30.0,229.0,0.0535767355363574,78.69999694824219,78.69999694824219,0,0,0,1,0,0,0,0,0,0,0,0,1,0,0,0,0,0,0,0,0
215.70633657626237,30.0,254.5,0.0513711399266444,78.69999694824219,78.69999694824219,0,0,0,1,0,0,0,0,0,0,0,0,1,0,0,0,0,0,0,0,0
257.1807380130317,30.0,259.5,0.0521215490684132,78.69999694824219,78.69999694824219,0,0,0,1,0,0,0,0,0,0,0,0,1,0,0,0,0,0,0,0,0
137.81161871086587,30.0,249.5,0.0526625548247938,78.69999694824219,78.69999694824219,0,0,0,1,0,0,0,0,0,0,0,0,1,0,0,0,0,0,0,0,0
88.17322162105768,30.0,259.0,0.0517160766790463,78.69999694824219,78.69999694824219,0,0,0,1,0,0,0,0,0,0,0,0,1,0,0,0,0,0,0,0,0
95.65115328211051,30.0,229.0,0.0535767355363574,78.69999694824219,78.69999694824219,0,0,0,1,0,0,0,0,0,0,0,0,1,0,0,0,0,0,0,0,0
85.76748214874682,70.0,236.5,0.0532548954608462,78.69999694824219,78.69999694824219,0,0,0,1,0,0,0,0,0,0,0,0,0,0,0,0,1,0,0,0,0
694.4335504970725,70.0,213.5,0.0501408934230096,78.69999694824219,78.69999694824219,1,1,1,0,0,0,0,0,0,0,0,0,0,0,0,0,1,0,0,0,0
211.1566908517445,30.0,244.5,0.0524581701777501,78.69999694824219,78.69999694824219,0,0,0,1,0,0,0,0,0,0,0,0,0,0,0,0,1,0,0,0,0
276.8035957208372,30.0,239.0,0.0540402947305153,78.69999694824219,78.69999694824219,0,0,0,1,0,0,0,0,0,0,0,0,1,0,0,0,0,0,0,0,0
85.76748214874685,70.0,236.5,0.0532548954608462,78.69999694824219,78.69999694824219,0,0,0,1,0,0,0,0,0,0,0,0,0,0,0,0,1,0,0,0,0
44.65378576431767,30.0,241.5,0.05328237705066,78.69999694824219,78.69999694824219,0,0,0,1,0,0,0,0,0,0,0,0,0,0,0,0,1,0,0,0,0
270.89141643421794,30.0,251.0,0.0533094555044248,78.69999694824219,78.69999694824219,0,0,0,1,0,0,0,0,0,0,0,0,1,0,0,0,0,0,0,0,0
250.89005978295316,30.0,245.5,0.0537936398471111,78.69999694824219,78.69999694824219,0,0,0,1,0,0,0,0,0,0,0,0,0,0,0,0,1,0,0,0,0
47.70766994948007,30.0,243.5,0.0533394148482358,78.69999694824219,78.69999694824219,0,0,0,1,0,0,0,0,0,0,0,0,0,0,0,0,1,0,0,0,0
13.7882909977676,30.0,254.0,0.0505502810897032,78.69999694824219,78.69999694824219,0,0,0,1,0,0,0,0,0,0,0,0,1,0,0,0,0,0,0,0,0
23.690511806513555,30.0,252.5,0.0504289809207472,78.69999694824219,78.69999694824219,0,0,0,1,0,0,0,0,0,0,0,0,0,0,0,0,1,0,0,0,0
8.767604887004493,30.0,254.0,0.0505659123000274,78.69999694824219,78.69999694824219,0,0,0,1,0,0,0,0,0,0,0,0,0,0,0,0,1,0,0,0,0
12.22033230542012,50.0,194.0,0.0469142602815592,78.69999694824219,78.69999694824219,0,0,0,1,0,0,0,0,0,0,0,0,0,0,0,0,0,1,0,0,0
14.18309636811781,70.0,193.5,0.0470331086439305,78.69999694824219,78.69999694824219,0,0,0,1,0,0,0,0,0,0,0,0,0,0,0,0,1,0,0,0,0
27.48218731408892,50.0,196.5,0.0468650517752247,78.69999694824219,78.69999694824219,0,0,0,1,0,0,0,0,0,0,0,0,0,0,0,0,0,1,0,0,0
14.18309636811781,70.0,193.5,0.0470331086439305,78.69999694824219,78.69999694824219,0,0,0,1,0,0,0,0,0,0,0,0,0,0,0,0,1,0,0,0,0
186.903273088792,50.0,197.5,0.0474110330434405,78.69999694824219,78.69999694824219,0,0,0,1,0,0,0,0,0,0,0,0,1,0,0,0,0,0,0,0,0
694.433550497072,70.0,213.5,0.0501408934230096,78.69999694824219,78.69999694824219,1,1,1,0,0,0,0,0,0,0,0,0,0,0,0,0,1,0,0,0,0
57.75908187312038,30.0,245.5,0.0473208260753439,78.69999694824219,78.69999694824219,0,0,0,1,0,0,0,0,0,0,0,0,1,0,0,0,0,0,0,0,0
11.996740435711182,30.0,246.0,0.0477770321836696,78.69999694824219,78.69999694824219,0,0,0,1,0,0,0,0,0,0,0,0,1,0,0,0,0,0,0,0,0
75.10623229007149,33.595391008689084,249.5,0.0474928112033213,78.69999694824219,78.69999694824219,0,0,0,1,0,0,0,0,0,0,0,0,1,0,0,0,0,0,0,0,0
97.01589807285292,30.0,237.0,0.0449295605414285,78.69999694824219,78.69999694824219,0,0,0,1,0,0,0,0,0,0,0,0,1,0,0,0,0,0,0,0,0
99.59037318469174,30.0,233.5,0.0454140121358685,78.69999694824219,78.69999694824219,0,0,0,1,0,0,0,0,0,0,0,0,1,0,0,0,0,0,0,0,0
79.37641410997628,30.0,236.5,0.0456578834565337,78.69999694824219,78.69999694824219,0,0,0,1,0,0,0,0,0,0,0,0,1,0,0,0,0,0,0,0,0
245.11817144675052,47.53488372093023,259.5,0.0148649054354582,78.69999694824219,78.69999694824219,0,0,0,1,0,0,0,0,0,0,0,0,0,0,0,0,0,0,1,0,0
40.35217115727091,30.0,149.0,0.0186583681014267,78.69999694824219,78.69999694824219,0,0,0,1,0,0,0,0,0,0,0,0,1,0,0,0,0,0,0,0,0
44.04792650965272,50.0,135.0,0.0107655482963237,94.10000610351562,94.10000610351562,0,0,1,0,0,0,0,0,0,0,0,0,1,0,0,0,0,0,0,0,0
111.25503844434522,50.0,135.0,0.0100118431107311,94.10000610351562,94.10000610351562,0,0,1,0,0,0,0,0,0,0,0,0,0,0,0,0,0,0,1,0,0
52.23943140652759,47.53488372093023,134.5,0.0107533386942567,94.10000610351562,94.10000610351562,0,0,1,0,0,0,0,0,0,0,0,0,0,0,0,0,0,0,1,0,0
29.48539888843647,50.0,134.5,0.0109672724327367,94.10000610351562,94.10000610351562,0,0,1,0,0,0,0,0,0,0,0,0,0,0,0,0,0,0,1,0,0
15.612911661039028,50.0,134.0,0.0109638818559382,94.10000610351562,94.10000610351562,0,0,0,1,0,0,0,0,0,0,0,0,0,0,0,0,0,0,1,0,0
256.12002165832854,50.0,134.0,0.0105147684830228,94.10000610351562,94.10000610351562,0,0,0,1,0,0,0,0,0,0,0,0,0,0,0,0,0,0,1,0,0
25.28413057654666,47.53488372093023,134.0,0.0110045101459859,94.10000610351562,94.10000610351562,0,0,0,1,0,0,0,0,0,0,0,0,0,0,0,0,0,0,1,0,0
383.2611643431374,70.0,132.5,0.0128183940331644,94.10000610351562,94.10000610351562,0,0,1,0,0,0,0,0,0,0,1,0,0,0,0,0,0,0,0,0,0
71.07270712127391,33.595391008689084,212.5,0.0094153101582065,74.4000015258789,74.4000015258789,0,0,0,1,0,0,0,0,0,0,0,0,1,0,0,0,0,0,0,0,0
534.6747025741694,50.0,129.5,0.0018781147607553,74.4000015258789,74.4000015258789,0,0,1,0,0,0,0,0,0,0,0,0,0,0,1,0,0,0,0,0,0
131.9541024741576,50.0,129.5,0.0017040496281347,74.4000015258789,74.4000015258789,0,0,1,0,0,0,0,0,0,0,0,0,0,0,1,0,0,0,0,0,0
214.4927486800157,50.0,129.5,0.0026690916596831,74.4000015258789,74.4000015258789,0,0,1,0,0,0,0,0,0,0,0,0,0,0,0,0,0,0,1,0,0
265.34933666478406,42.33796296296296,132.5,0.0063741190117424,94.10000610351562,94.10000610351562,0,0,1,0,0,0,0,0,0,0,0,0,0,0,0,0,1,0,0,0,0
604.0113900727486,15.5531914893617,132.0,0.0073633967155055,94.10000610351562,94.10000610351562,0,0,1,0,0,1,0,0,0,0,0,0,0,0,0,0,0,0,0,0,0
45.22670475717205,42.33796296296296,132.0,0.0073633967155055,94.10000610351562,94.10000610351562,0,0,1,0,0,0,0,0,0,0,0,0,0,0,0,0,1,0,0,0,0
26.26995141500629,50.0,134.0,0.0133335651051212,94.10000610351562,94.10000610351562,0,0,0,1,0,0,0,0,0,0,0,0,1,0,0,0,0,0,0,0,0
212.4438824247732,50.0,132.5,0.0144105251427016,94.10000610351562,94.10000610351562,0,0,0,1,0,0,0,0,0,0,0,0,1,0,0,0,0,0,0,0,0
91.8180612790094,33.595391008689084,133.0,0.0139882467998514,94.10000610351562,94.10000610351562,0,0,0,1,0,0,0,0,0,0,0,0,1,0,0,0,0,0,0,0,0
388.94452333259744,33.595391008689084,132.0,0.0143566986934805,94.10000610351562,94.10000610351562,0,0,0,1,0,0,0,0,0,0,0,0,1,0,0,0,0,0,0,0,0
63.05005849346957,33.595391008689084,131.5,0.0132420191062129,94.10000610351562,94.10000610351562,0,0,1,0,0,0,0,0,0,0,0,0,1,0,0,0,0,0,0,0,0
99.8393516075493,33.595391008689084,133.0,0.0145824731009614,94.10000610351562,94.10000610351562,0,0,0,1,0,0,0,0,0,0,0,0,1,0,0,0,0,0,0,0,0
283.2509301594265,33.595391008689084,132.0,0.0152267869899003,94.10000610351562,94.10000610351562,0,0,0,1,0,0,0,0,0,0,0,0,1,0,0,0,0,0,0,0,0
91.8180612790094,33.595391008689084,133.0,0.0139882467998514,94.10000610351562,94.10000610351562,0,0,0,1,0,0,0,0,0,0,0,0,1,0,0,0,0,0,0,0,0
294.49044360703584,33.595391008689084,132.0,0.0138481638436224,94.10000610351562,94.10000610351562,0,0,0,1,0,0,0,0,0,0,0,0,1,0,0,0,0,0,0,0,0
181.59527682520616,50.0,132.5,0.002517598343507,86.80000305175781,86.80000305175781,0,0,1,0,0,0,0,0,0,0,1,0,0,0,0,0,0,0,0,0,0
306.23859514544864,30.0,132.5,0.002517598343507,86.80000305175781,86.80000305175781,0,0,1,0,0,0,0,0,0,0,0,0,1,0,0,0,0,0,0,0,0
32.418817156044256,30.0,129.0,0.0030333416782331,74.4000015258789,74.4000015258789,0,0,1,0,0,0,0,0,0,0,0,0,0,0,1,0,0,0,0,0,0
134.4544289463379,30.0,129.5,0.0023244475754179,74.4000015258789,74.4000015258789,0,0,1,0,0,0,0,0,0,0,0,0,0,0,1,0,0,0,0,0,0
78.93897709242322,15.5531914893617,129.0,0.0030824178920078,74.4000015258789,74.4000015258789,0,0,1,0,0,1,0,0,0,0,0,0,0,0,0,0,0,0,0,0,0
3.805066348164365,70.0,135.0,0.0129314380365917,94.10000610351562,94.10000610351562,0,0,0,1,0,0,0,0,0,0,1,0,0,0,0,0,0,0,0,0,0
31.271096647757844,50.0,134.5,0.0130785168853507,94.10000610351562,94.10000610351562,0,0,0,1,0,0,0,0,0,0,0,0,1,0,0,0,0,0,0,0,0
130.51386356986455,70.0,134.0,0.0129793358454207,94.10000610351562,94.10000610351562,0,0,1,0,0,0,0,0,0,0,1,0,0,0,0,0,0,0,0,0,0
3.5861596593776963,50.0,135.0,0.0129134384394649,94.10000610351562,94.10000610351562,0,0,0,1,0,0,0,0,0,0,0,0,1,0,0,0,0,0,0,0,0
28.81402555688891,70.0,134.5,0.0128773823844407,94.10000610351562,94.10000610351562,0,0,0,1,0,0,0,0,0,0,1,0,0,0,0,0,0,0,0,0,0
18.87421435642361,70.0,135.0,0.0127780428745768,94.10000610351562,94.10000610351562,0,0,1,0,0,0,0,0,0,0,1,0,0,0,0,0,0,0,0,0,0
16.55289875769071,50.0,135.0,0.0128236479410249,94.10000610351562,94.10000610351562,0,0,1,0,0,0,0,0,0,0,0,0,1,0,0,0,0,0,0,0,0
550.9788604035646,60.0,133.5,0.0118025110172249,94.10000610351562,94.10000610351562,0,0,0,1,0,0,0,0,0,0,1,0,0,0,0,0,0,0,0,0,0
32.71104810121031,50.0,134.5,0.0130669978705855,94.10000610351562,94.10000610351562,0,0,0,1,0,0,0,0,0,0,0,0,1,0,0,0,0,0,0,0,0
42.28142941710308,50.0,134.0,0.0130190304676755,94.10000610351562,94.10000610351562,0,0,0,1,0,0,0,0,0,0,0,0,1,0,0,0,0,0,0,0,0
27.77444822191745,50.0,134.0,0.0133389958706454,94.10000610351562,94.10000610351562,0,0,0,1,0,0,0,0,0,0,0,0,1,0,0,0,0,0,0,0,0
39.84598399315652,70.0,134.5,0.0130003297035214,94.10000610351562,94.10000610351562,0,0,0,1,0,0,0,0,0,0,1,0,0,0,0,0,0,0,0,0,0
51.63755705414263,50.0,134.0,0.0131413203030395,94.10000610351562,94.10000610351562,0,0,0,1,0,0,0,0,0,0,0,0,1,0,0,0,0,0,0,0,0
29.862189906681444,50.0,134.0,0.0018187107922345,94.10000610351562,94.10000610351562,0,0,0,1,0,0,0,0,0,0,1,0,0,0,0,0,0,0,0,0,0
9.389093099898512,50.0,134.0,0.0018026503038465,94.10000610351562,94.10000610351562,0,0,0,1,0,0,0,0,0,0,1,0,0,0,0,0,0,0,0,0,0
18.77987610217556,50.0,134.0,0.0020351648290986,94.10000610351562,94.10000610351562,0,0,0,1,0,0,0,0,0,0,0,0,0,0,0,0,1,0,0,0,0
8.95240500341425,50.0,134.0,0.0019504734130743,94.10000610351562,94.10000610351562,0,0,0,1,0,0,0,0,0,0,1,0,0,0,0,0,0,0,0,0,0
35.442409094299954,53.62694300518135,129.0,0.0057974945162542,74.4000015258789,74.4000015258789,0,0,1,0,0,0,0,0,0,0,1,0,0,0,0,0,0,0,0,0,0
46.62574771111264,50.0,129.0,0.0056889379450738,74.4000015258789,74.4000015258789,0,0,1,0,0,0,0,0,0,0,0,0,0,0,0,0,0,0,1,0,0
454.0690219987712,70.0,129.5,0.0077554666345292,74.4000015258789,74.4000015258789,0,0,1,0,0,0,0,0,0,0,1,0,0,0,0,0,0,0,0,0,0
71.56862413849967,50.0,128.5,0.0051811482434104,74.4000015258789,74.4000015258789,0,0,1,0,0,0,0,0,0,0,0,0,0,0,0,0,0,0,1,0,0
30.7352630255993,50.0,129.0,0.0054742018648698,74.4000015258789,74.4000015258789,0,0,1,0,0,0,0,0,0,0,0,0,0,0,0,0,0,0,1,0,0
44.84119734646718,50.0,129.0,0.0053544590866136,74.4000015258789,74.4000015258789,0,0,1,0,0,0,0,0,0,0,0,0,0,0,0,0,0,0,1,0,0
35.442409094299954,53.62694300518135,129.0,0.0057974945162542,74.4000015258789,74.4000015258789,0,0,1,0,0,0,0,0,0,0,1,0,0,0,0,0,0,0,0,0,0
9.814505390071448,53.62694300518135,129.0,0.0056277059071574,74.4000015258789,74.4000015258789,0,0,1,0,0,0,0,0,0,0,1,0,0,0,0,0,0,0,0,0,0
28.00154685042456,50.0,129.0,0.0055562679636109,74.4000015258789,74.4000015258789,0,0,1,0,0,0,0,0,0,0,0,0,0,0,0,0,0,0,1,0,0
31.768835822813628,50.0,129.0,0.0054708445012672,74.4000015258789,74.4000015258789,0,0,1,0,0,0,0,0,0,0,1,0,0,0,0,0,0,0,0,0,0
9.814505390071448,53.62694300518135,129.0,0.0056277059071574,74.4000015258789,74.4000015258789,0,0,1,0,0,0,0,0,0,0,1,0,0,0,0,0,0,0,0,0,0
30.934934330316683,50.0,129.0,0.0057332416945268,74.4000015258789,74.4000015258789,0,0,1,0,0,0,0,0,0,0,0,0,0,0,0,0,0,0,1,0,0
62.27421174198776,47.53488372093023,129.0,0.0085300006925581,74.4000015258789,74.4000015258789,0,0,0,1,0,0,0,0,0,0,0,0,0,0,0,0,0,0,1,0,0
72.67820371180011,50.0,128.5,0.0079526297265634,74.4000015258789,74.4000015258789,0,0,0,1,0,0,0,0,0,0,0,0,0,0,0,0,0,0,0,0,1
30.64970565087246,50.0,129.0,0.0112618073455712,74.4000015258789,74.4000015258789,0,0,1,0,0,0,0,0,0,0,0,0,0,0,0,0,0,0,1,0,0
383.2596740558222,50.0,129.0,0.0087014835152998,74.4000015258789,74.4000015258789,0,0,1,0,0,0,0,0,0,0,0,0,0,0,0,0,0,0,1,0,0
38.79510633379819,50.0,129.5,0.0120741355170184,74.4000015258789,74.4000015258789,0,0,1,0,0,0,0,0,0,0,0,0,0,0,0,0,0,0,1,0,0
599.1192743791634,50.0,134.0,0.0134709719743324,74.4000015258789,74.4000015258789,0,0,1,0,0,0,0,0,0,0,0,0,0,0,0,0,0,0,0,0,1
42.24530848608079,50.0,129.5,0.0121946652702556,74.4000015258789,74.4000015258789,0,0,1,0,0,0,0,0,0,0,0,0,0,0,0,0,0,0,1,0,0
3.826355049447364,50.0,135.0,0.0129195266887059,94.10000610351562,94.10000610351562,0,0,1,0,0,0,0,0,0,0,0,0,1,0,0,0,0,0,0,0,0
16.457506525004383,50.0,135.0,0.0128559220251309,94.10000610351562,94.10000610351562,0,0,0,1,0,0,0,0,0,0,0,0,1,0,0,0,0,0,0,0,0
93.83493121816856,30.0,214.5,0.0110824757738852,78.69999694824219,78.69999694824219,0,0,0,1,0,0,0,0,0,0,0,0,1,0,0,0,0,0,0,0,0
313.5977242200834,15.5531914893617,212.5,0.011964962013836,94.10000610351562,94.10000610351562,0,0,0,1,0,1,0,0,0,0,0,0,0,0,0,0,0,0,0,0,0
74.83197392994428,30.0,207.5,0.0108184974040296,94.10000610351562,94.10000610351562,0,0,0,1,0,0,0,0,0,0,0,0,1,0,0,0,0,0,0,0,0
84.20440222090546,15.5531914893617,131.0,0.0043335014455938,86.80000305175781,86.80000305175781,0,0,1,0,0,1,0,0,0,0,0,0,0,0,0,0,0,0,0,0,0
131.95410247415762,50.0,129.5,0.0017040496281347,74.4000015258789,74.4000015258789,0,0,1,0,0,0,0,0,0,0,0,0,0,0,1,0,0,0,0,0,0
50.849760172878064,50.0,129.0,0.001647123124738,74.4000015258789,74.4000015258789,0,0,1,0,0,0,0,0,0,0,0,0,0,0,1,0,0,0,0,0,0
930.6003014809152,40.0,130.0,0.0038243404204047,74.4000015258789,74.4000015258789,0,0,1,0,0,0,0,0,0,0,0,0,0,0,0,0,0,0,1,0,0
159.8050398834806,50.0,129.0,0.001699323227487,74.4000015258789,74.4000015258789,0,0,1,0,0,0,0,0,0,0,0,0,0,0,1,0,0,0,0,0,0
51.29682638644973,50.0,129.0,0.001647123124738,74.4000015258789,74.4000015258789,0,0,1,0,0,0,0,0,0,0,0,0,0,0,1,0,0,0,0,0,0
36.20083847359344,33.595391008689084,129.0,0.0013720494922614,86.80000305175781,86.80000305175781,0,0,1,0,0,0,0,0,0,0,0,0,1,0,0,0,0,0,0,0,0
19.61138293379033,50.0,133.0,0.0023700585474406,94.10000610351562,94.10000610351562,0,0,0,1,0,0,0,0,0,0,1,0,0,0,0,0,0,0,0,0,0
12.777560392608756,50.0,133.0,0.0024380738334384,94.10000610351562,94.10000610351562,0,0,0,1,0,0,0,0,0,0,0,1,0,0,0,0,0,0,0,0,0
10.667828099679252,42.33796296296296,131.0,0.0079818703782881,94.10000610351562,94.10000610351562,0,0,1,0,0,0,0,0,0,0,0,0,0,0,0,0,1,0,0,0,0
45.98396282325733,42.33796296296296,131.5,0.0077796789960771,94.10000610351562,94.10000610351562,0,0,1,0,0,0,0,0,0,0,0,0,0,0,0,0,1,0,0,0,0
10.63445937019736,42.33796296296296,131.0,0.0080495734696885,94.10000610351562,94.10000610351562,0,0,1,0,0,0,0,0,0,0,0,0,0,0,0,0,1,0,0,0,0
32.403180256304005,50.0,131.0,0.0079896264042044,94.10000610351562,94.10000610351562,0,0,1,0,0,0,0,0,0,0,0,0,0,0,0,0,1,0,0,0,0
712.8128545155787,50.0,148.5,0.0027323459367195,74.4000015258789,74.4000015258789,0,0,0,1,0,0,0,0,0,0,0,0,0,0,0,0,1,0,0,0,0
322.6133043108133,33.595391008689084,137.5,0.0039922814203607,74.4000015258789,74.4000015258789,0,1,1,0,0,0,0,0,0,0,0,0,1,0,0,0,0,0,0,0,0
21.604044863805,30.0,143.5,0.0040909321018556,74.4000015258789,74.4000015258789,0,0,0,1,0,0,0,0,0,0,0,0,0,0,0,0,1,0,0,0,0
151.30614212535988,50.0,148.5,0.0046673923392906,74.4000015258789,74.4000015258789,0,0,0,1,0,0,0,0,0,0,0,0,0,0,0,0,1,0,0,0,0
86.08155548893323,30.0,144.5,0.004401109662864,74.4000015258789,74.4000015258789,0,1,1,0,0,0,0,0,0,0,0,0,1,0,0,0,0,0,0,0,0
21.604044863805,30.0,143.5,0.0040909321018556,74.4000015258789,74.4000015258789,0,0,0,1,0,0,0,0,0,0,0,0,0,0,0,0,1,0,0,0,0
5.291988842924443,30.0,143.0,0.00462132736706,74.4000015258789,74.4000015258789,0,0,0,1,0,0,0,0,0,0,0,0,1,0,0,0,0,0,0,0,0
162.41050919472403,30.0,139.5,0.004405379454439,74.4000015258789,74.4000015258789,0,0,0,1,0,0,0,0,0,0,0,0,1,0,0,0,0,0,0,0,0
268.18392066226573,30.0,141.0,0.005067894458576,74.4000015258789,74.4000015258789,0,0,0,1,0,0,0,0,0,0,0,0,1,0,0,0,0,0,0,0,0
41.31618387378789,30.0,145.0,0.0102902682790353,74.4000015258789,74.4000015258789,0,0,0,1,0,0,0,0,0,0,0,0,0,0,0,0,0,0,1,0,0
153.8365447782321,30.0,135.5,0.0057863388849147,74.4000015258789,74.4000015258789,0,0,0,1,0,0,0,0,0,0,0,0,1,0,0,0,0,0,0,0,0
82.03789394281608,30.0,131.0,0.0030534773709607,74.4000015258789,74.4000015258789,0,0,1,0,0,0,0,0,0,0,0,0,1,0,0,0,0,0,0,0,0
47.68255664417863,30.0,192.5,0.0146215851446121,78.69999694824219,78.69999694824219,0,0,0,1,0,0,0,0,0,0,0,0,1,0,0,0,0,0,0,0,0
13.385590548264332,42.33796296296296,193.0,0.0142755015177012,78.69999694824219,78.69999694824219,0,0,0,1,0,0,0,0,0,0,0,0,0,0,0,0,1,0,0,0,0
7.518346027584492,42.33796296296296,192.0,0.014103896573794,78.69999694824219,78.69999694824219,0,0,0,1,0,0,0,0,0,0,0,0,0,0,0,0,1,0,0,0,0
225.65697470073468,50.0,251.0,0.0280272994185886,78.69999694824219,78.69999694824219,0,0,0,1,0,0,0,0,0,0,0,0,0,0,0,0,1,0,0,0,0
48.16767362144193,50.0,258.0,0.0290909671694028,78.69999694824219,78.69999694824219,0,0,0,1,0,0,0,0,0,0,0,0,1,0,0,0,0,0,0,0,0
43.35457602522887,50.0,258.0,0.0291612539443963,78.69999694824219,78.69999694824219,0,0,0,1,0,0,0,0,0,0,0,0,0,0,0,0,1,0,0,0,0
20.28213740655053,50.0,260.0,0.0293354670456697,78.69999694824219,78.69999694824219,0,0,0,1,0,0,0,0,0,0,0,0,1,0,0,0,0,0,0,0,0
8.598833859370385,50.0,259.0,0.0294405684559657,78.69999694824219,78.69999694824219,0,0,0,1,0,0,0,0,0,0,0,0,0,0,0,0,1,0,0,0,0
20.864928294578416,50.0,259.0,0.0293185176043956,78.69999694824219,78.69999694824219,0,0,0,1,0,0,0,0,0,0,0,0,1,0,0,0,0,0,0,0,0
43.35457602522886,50.0,258.0,0.0291612539443963,78.69999694824219,78.69999694824219,0,0,0,1,0,0,0,0,0,0,0,0,0,0,0,0,1,0,0,0,0
141.31028327691138,50.0,260.5,0.0302921663638048,78.69999694824219,78.69999694824219,0,0,0,1,0,0,0,0,0,0,0,0,0,0,0,0,1,0,0,0,0
8.598833859370385,50.0,259.0,0.0294405684559657,78.69999694824219,78.69999694824219,0,0,0,1,0,0,0,0,0,0,0,0,0,0,0,0,1,0,0,0,0
16.48615999330623,50.0,164.5,0.0184685958848655,78.69999694824219,78.69999694824219,0,0,0,1,0,0,0,0,0,0,0,0,0,0,0,0,0,1,0,0,0
7.081124294799446,50.0,164.0,0.0183713147132156,78.69999694824219,78.69999694824219,0,0,0,1,0,0,0,0,0,0,0,0,0,0,0,0,0,1,0,0,0
45.4653692706532,50.0,164.5,0.0184931800053132,78.69999694824219,78.69999694824219,0,0,0,1,0,0,0,0,0,0,0,0,0,0,0,0,1,0,0,0,0
6.505088982170341,50.0,163.5,0.0183469755422854,78.69999694824219,78.69999694824219,0,0,0,1,0,0,0,0,0,0,0,0,0,0,0,0,1,0,0,0,0
46.74778109979658,50.0,163.5,0.0180303289333312,78.69999694824219,78.69999694824219,0,0,0,1,0,0,0,0,0,0,0,0,0,0,0,0,1,0,0,0,0
5.06372065859431,50.0,163.5,0.0183934712190145,78.69999694824219,78.69999694824219,0,0,0,1,0,0,0,0,0,0,0,0,0,0,0,0,0,1,0,0,0
64.8908888518811,50.0,163.5,0.0186084097600131,78.69999694824219,78.69999694824219,0,0,0,1,0,0,0,0,0,0,0,0,0,0,0,0,1,0,0,0,0
34.050821513930615,50.0,163.0,0.0175111198096176,78.69999694824219,78.69999694824219,0,0,0,1,0,0,0,0,0,0,0,0,0,0,0,0,1,0,0,0,0
48.0355465670591,50.0,163.0,0.0180524854391301,78.69999694824219,78.69999694824219,0,0,0,1,0,0,0,0,0,0,0,0,0,0,0,0,1,0,0,0,0
10.95315442857266,50.0,166.0,0.0193800724777809,78.69999694824219,78.69999694824219,0,0,0,1,0,0,0,0,0,0,0,0,1,0,0,0,0,0,0,0,0
86.21728373816231,50.0,167.0,0.0198916860664485,78.69999694824219,78.69999694824219,0,0,0,1,0,0,0,0,0,0,0,0,0,0,0,0,1,0,0,0,0
10.84671229365086,50.0,165.5,0.019095984745216,78.69999694824219,78.69999694824219,0,0,0,1,0,0,0,0,0,0,0,0,1,0,0,0,0,0,0,0,0
162.3496155290505,33.595391008689084,165.0,0.0193349435393471,78.69999694824219,78.69999694824219,0,0,0,1,0,0,0,0,0,0,0,0,1,0,0,0,0,0,0,0,0
21.412840259208945,50.0,165.5,0.0192316587777094,78.69999694824219,78.69999694824219,0,0,0,1,0,0,0,0,0,0,0,0,1,0,0,0,0,0,0,0,0
8.026253376604254,50.0,166.0,0.0192857541707743,78.69999694824219,78.69999694824219,0,0,0,1,0,0,0,0,0,0,0,0,0,0,0,0,1,0,0,0,0
17.15708662835242,50.0,166.0,0.0191500801382808,78.69999694824219,78.69999694824219,0,0,0,1,0,0,0,0,0,0,0,0,1,0,0,0,0,0,0,0,0
10.84671229365086,50.0,165.5,0.019095984745216,78.69999694824219,78.69999694824219,0,0,0,1,0,0,0,0,0,0,0,0,1,0,0,0,0,0,0,0,0
41.2895396801546,50.0,165.0,0.0189543855680233,78.69999694824219,78.69999694824219,0,0,0,1,0,0,0,0,0,0,0,0,1,0,0,0,0,0,0,0,0
39.9644083027773,50.0,165.0,0.0190433820421994,78.69999694824219,78.69999694824219,0,0,0,1,0,0,0,0,0,0,0,0,0,0,0,0,1,0,0,0,0
14.204170966408848,50.0,166.0,0.0193333949194636,78.69999694824219,78.69999694824219,0,0,0,1,0,0,0,0,0,0,0,0,1,0,0,0,0,0,0,0,0
83.51337902561217,50.0,165.0,0.0190659360420305,78.69999694824219,78.69999694824219,0,0,0,1,0,0,0,0,0,0,0,0,0,0,0,0,1,0,0,0,0
7.200724204475279,30.0,168.0,0.0204697039742498,78.69999694824219,78.69999694824219,0,0,0,1,0,0,0,0,0,0,0,0,1,0,0,0,0,0,0,0,0
37.280653530041405,50.0,168.0,0.0206778504869141,78.69999694824219,78.69999694824219,0,0,0,1,0,0,0,0,0,0,0,0,0,0,0,0,1,0,0,0,0
7.200724204475279,30.0,168.0,0.0204697039742498,78.69999694824219,78.69999694824219,0,0,0,1,0,0,0,0,0,0,0,0,1,0,0,0,0,0,0,0,0
205.2435760090913,30.0,170.0,0.0218032909867132,78.69999694824219,78.69999694824219,0,0,0,1,0,0,0,0,0,0,0,0,1,0,0,0,0,0,0,0,0
82.99211655951557,50.0,167.0,0.0199580903855821,78.69999694824219,78.69999694824219,0,0,0,1,0,0,0,0,0,0,0,0,0,0,0,0,1,0,0,0,0
39.50497138520952,50.0,168.0,0.0206966140573584,78.69999694824219,78.69999694824219,0,0,0,1,0,0,0,0,0,0,0,0,0,0,0,0,1,0,0,0,0
69.65449290394432,50.0,169.0,0.0211746564982271,78.69999694824219,78.69999694824219,0,0,0,1,0,0,0,0,0,0,0,0,0,0,0,0,1,0,0,0,0
123.10934955188944,30.0,245.0,0.0256806009932286,78.69999694824219,78.69999694824219,0,0,0,1,0,0,0,0,0,0,0,0,1,0,0,0,0,0,0,0,0
62.273938595671,30.0,247.0,0.0248495089335797,78.69999694824219,78.69999694824219,0,0,0,1,0,0,0,0,0,0,0,0,1,0,0,0,0,0,0,0,0
62.273938595671,30.0,247.0,0.0248495089335797,78.69999694824219,78.69999694824219,0,0,0,1,0,0,0,0,0,0,0,0,1,0,0,0,0,0,0,0,0
38.97492315664808,30.0,244.0,0.0268988114808069,78.69999694824219,78.69999694824219,0,0,0,1,0,0,0,0,0,0,0,0,1,0,0,0,0,0,0,0,0
21.389528785734573,30.0,243.0,0.0268023307824913,78.69999694824219,78.69999694824219,0,0,0,1,0,0,0,0,0,0,0,0,1,0,0,0,0,0,0,0,0
9.48444824493791,30.0,243.0,0.0265621589806838,78.69999694824219,78.69999694824219,0,0,0,1,0,0,0,0,0,0,0,0,1,0,0,0,0,0,0,0,0
123.10934955188944,30.0,245.0,0.0256806009932286,78.69999694824219,78.69999694824219,0,0,0,1,0,0,0,0,0,0,0,0,1,0,0,0,0,0,0,0,0
12.384214113717904,30.0,243.0,0.0265942103433588,78.69999694824219,78.69999694824219,0,0,0,1,0,0,0,0,0,0,0,0,1,0,0,0,0,0,0,0,0
417.865177402894,50.0,227.0,0.0259133101885105,78.69999694824219,78.69999694824219,0,0,0,1,0,0,0,0,0,0,0,0,0,0,0,0,1,0,0,0,0
31.44049619063609,50.0,242.5,0.0268674447811427,78.69999694824219,78.69999694824219,0,0,0,1,0,0,0,0,0,0,0,0,0,0,0,0,1,0,0,0,0
35.49030533325116,30.0,242.5,0.0267097902698165,78.69999694824219,78.69999694824219,0,0,0,1,0,0,0,0,0,0,0,0,1,0,0,0,0,0,0,0,0
31.44049619063609,50.0,242.5,0.0268674447811427,78.69999694824219,78.69999694824219,0,0,0,1,0,0,0,0,0,0,0,0,0,0,0,0,1,0,0,0,0
23.825110944610945,30.0,243.0,0.0267702794198163,78.69999694824219,78.69999694824219,0,0,0,1,0,0,0,0,0,0,0,0,1,0,0,0,0,0,0,0,0
33.85440460314262,50.0,244.0,0.0270244146294581,78.69999694824219,78.69999694824219,0,0,0,1,0,0,0,0,0,0,0,0,0,0,0,0,1,0,0,0,0
225.6569747007347,50.0,251.0,0.0280272994185886,78.69999694824219,78.69999694824219,0,0,0,1,0,0,0,0,0,0,0,0,0,0,0,0,1,0,0,0,0
33.85440460314262,50.0,244.0,0.0270244146294581,78.69999694824219,78.69999694824219,0,0,0,1,0,0,0,0,0,0,0,0,0,0,0,0,1,0,0,0,0
149.6989135854463,33.595391008689084,236.5,0.0117494144605613,74.4000015258789,74.4000015258789,0,0,0,1,0,0,0,0,0,0,0,0,1,0,0,0,0,0,0,0,0
93.83493121816856,30.0,214.5,0.0110824757738852,78.69999694824219,78.69999694824219,0,0,0,1,0,0,0,0,0,0,0,0,1,0,0,0,0,0,0,0,0
464.9347035808986,15.5531914893617,218.5,0.0127404075876658,94.10000610351562,94.10000610351562,0,0,0,1,0,1,0,0,0,0,0,0,0,0,0,0,0,0,0,0,0
145.4964813592093,40.0,224.5,0.0116379070431174,78.69999694824219,78.69999694824219,0,0,0,1,0,0,0,0,0,0,0,0,1,0,0,0,0,0,0,0,0
74.8319739299443,30.0,207.5,0.0108184974040296,94.10000610351562,94.10000610351562,0,0,0,1,0,0,0,0,0,0,0,0,1,0,0,0,0,0,0,0,0
130.64478902268775,30.0,201.0,0.010299900303971,94.10000610351562,94.10000610351562,0,0,0,1,0,0,0,0,0,0,0,0,1,0,0,0,0,0,0,0,0
322.9654371077495,15.5531914893617,199.5,0.0116518005598279,94.10000610351562,94.10000610351562,0,0,0,1,0,1,0,0,0,0,0,0,0,0,0,0,0,0,0,0,0
398.5911025913318,50.0,202.5,0.0099371073139728,78.69999694824219,78.69999694824219,0,0,0,1,0,0,0,0,0,0,1,0,0,0,0,0,0,0,0,0,0
35.81345789275391,50.0,193.0,0.009634267780667,94.10000610351562,94.10000610351562,0,0,0,1,0,0,0,0,0,0,0,0,1,0,0,0,0,0,0,0,0
214.686279463589,50.0,182.0,0.0083796136974317,94.10000610351562,94.10000610351562,1,0,0,1,0,0,0,0,0,0,1,0,0,0,0,0,0,0,0,0,0
315.9792313700668,40.0,336.5,0.02869894845763,86.80000305175781,86.80000305175781,0,0,0,1,0,0,0,0,1,0,0,0,0,0,0,0,0,0,0,0,0
12.459441743295953,42.33796296296296,131.0,0.0081022995197971,94.10000610351562,94.10000610351562,0,0,1,0,0,0,0,0,0,0,0,0,0,0,0,0,1,0,0,0,0
10.926256155348216,42.33796296296296,131.0,0.0082384395086938,94.10000610351562,94.10000610351562,0,0,1,0,0,0,0,0,0,0,0,0,0,0,0,0,1,0,0,0,0
70.63471795843701,50.0,131.0,0.0085586079943426,94.10000610351562,94.10000610351562,0,0,1,0,0,0,0,0,0,0,0,0,0,0,0,0,1,0,0,0,0
12.475526338134404,42.33796296296296,131.0,0.0079643401206197,94.10000610351562,94.10000610351562,0,0,1,0,0,0,0,0,0,0,0,0,0,0,0,0,1,0,0,0,0
55.37577921387829,30.0,133.5,0.0111055399363001,94.10000610351562,94.10000610351562,0,0,0,1,0,0,0,0,0,0,0,0,0,0,0,0,0,0,1,0,0
851.7594261307358,30.0,131.5,0.0058346620311419,94.10000610351562,94.10000610351562,0,1,1,0,0,0,0,0,0,0,0,0,0,0,0,0,0,0,1,0,0
255.86685619919623,47.53488372093023,132.0,0.0115476998079434,94.10000610351562,94.10000610351562,0,0,0,1,0,0,0,0,0,0,0,0,0,0,0,0,0,0,1,0,0
28.665526518274437,50.0,133.0,0.0119874715857478,94.10000610351562,94.10000610351562,0,0,0,1,0,0,0,0,0,0,1,0,0,0,0,0,0,0,0,0,0
17.59775766620622,50.0,133.0,0.0118006620721024,94.10000610351562,94.10000610351562,0,0,0,1,0,0,0,0,0,0,0,0,0,0,0,0,1,0,0,0,0
25.9427935729986,50.0,133.0,0.0120439287848057,94.10000610351562,94.10000610351562,0,0,0,1,0,0,0,0,0,0,0,0,0,0,0,0,1,0,0,0,0
55.98210664104575,50.0,133.5,0.0115144751391728,94.10000610351562,94.10000610351562,0,0,0,1,0,0,0,0,0,0,1,0,0,0,0,0,0,0,0,0,0
38.82903481187953,50.0,133.0,0.0121252245153513,94.10000610351562,94.10000610351562,0,0,0,1,0,0,0,0,0,0,0,0,0,0,0,0,0,1,0,0,0
26.20487126997476,50.0,133.0,0.0120439287848057,94.10000610351562,94.10000610351562,0,0,0,1,0,0,0,0,0,0,0,0,0,0,0,0,1,0,0,0,0
74.85193986260168,50.0,133.5,0.0125593237867764,94.10000610351562,94.10000610351562,0,0,0,1,0,0,0,0,0,0,0,0,0,0,0,0,1,0,0,0,0
59.87854079273335,47.53488372093023,131.5,0.0122508991635393,94.10000610351562,94.10000610351562,0,0,1,0,0,0,0,0,0,0,0,0,0,0,0,0,0,0,1,0,0
308.56838249647467,47.53488372093023,132.0,0.0125917411809132,94.10000610351562,94.10000610351562,0,0,0,1,0,0,0,0,0,0,0,0,0,0,0,0,0,0,1,0,0
59.42452632078452,50.0,133.0,0.0106472373534553,94.10000610351562,94.10000610351562,0,0,0,1,0,0,0,0,0,0,1,0,0,0,0,0,0,0,0,0,0
7.799953381946098,47.53488372093023,133.0,0.0106111012251115,94.10000610351562,94.10000610351562,0,0,0,1,0,0,0,0,0,0,0,0,0,0,0,0,0,0,1,0,0
39.39440633220276,50.0,133.0,0.0105529745627033,94.10000610351562,94.10000610351562,0,0,0,1,0,0,0,0,0,0,1,0,0,0,0,0,0,0,0,0,0
7.552779537007873,47.53488372093023,133.0,0.0106030093495632,94.10000610351562,94.10000610351562,0,0,0,1,0,0,0,0,0,0,0,0,0,0,0,0,0,0,1,0,0
7.490609052340159,50.0,133.0,0.0105767609467322,94.10000610351562,94.10000610351562,0,0,0,1,0,0,0,0,0,0,1,0,0,0,0,0,0,0,0,0,0
24.053034721576207,47.53488372093023,133.0,0.0104643883349979,94.10000610351562,94.10000610351562,0,0,0,1,0,0,0,0,0,0,0,0,0,0,0,0,0,0,1,0,0
19.432306726342677,47.53488372093023,133.5,0.0102842069513175,94.10000610351562,94.10000610351562,0,0,0,1,0,0,0,0,0,0,0,0,0,0,0,0,0,0,1,0,0
17.37686769436514,50.0,164.0,0.0077607674430982,94.10000610351562,94.10000610351562,0,0,0,1,0,0,0,0,0,0,0,0,0,0,0,0,0,0,1,0,0
45.58430228819228,50.0,163.0,0.0077453618644552,94.10000610351562,94.10000610351562,0,0,0,1,0,0,0,0,0,0,0,0,0,0,0,0,0,0,1,0,0
52.36300838211971,50.0,164.0,0.0078107061660203,94.10000610351562,94.10000610351562,0,0,0,1,0,0,0,0,0,0,0,0,0,0,0,0,0,0,1,0,0
246.2950655909684,50.0,134.0,0.011832532618669,94.10000610351562,94.10000610351562,0,0,1,0,0,0,0,0,0,0,0,0,0,0,0,0,0,0,1,0,0
37.88378257200149,47.53488372093023,134.0,0.0111738811616964,94.10000610351562,94.10000610351562,0,0,1,0,0,0,0,0,0,0,0,0,0,0,0,0,0,0,1,0,0
34.61783913364928,50.0,134.5,0.0111454624737157,94.10000610351562,94.10000610351562,0,0,1,0,0,0,0,0,0,0,0,0,0,0,0,0,0,0,1,0,0
117.39267049031952,50.0,133.5,0.0043635916332349,94.10000610351562,94.10000610351562,0,0,0,1,0,0,0,0,0,0,0,0,1,0,0,0,0,0,0,0,0
195.1902317281063,30.0,134.0,0.0052396877311356,94.10000610351562,94.10000610351562,0,0,0,1,0,0,0,0,0,0,0,0,1,0,0,0,0,0,0,0,0
12.984338448003117,50.0,133.0,0.0044720071551761,94.10000610351562,94.10000610351562,0,0,0,1,0,0,0,0,0,0,0,0,1,0,0,0,0,0,0,0,0
18.15340947816793,50.0,133.0,0.0039413742075824,94.10000610351562,94.10000610351562,0,0,0,1,0,0,0,0,0,0,0,0,0,0,0,0,0,0,1,0,0
112.51961499822036,50.0,133.5,0.0038699192626625,94.10000610351562,94.10000610351562,0,0,0,1,0,0,0,0,0,0,0,0,0,0,0,0,1,0,0,0,0
40.317157198984646,50.0,133.0,0.0042340797663229,94.10000610351562,94.10000610351562,0,0,0,1,0,0,0,0,0,0,0,0,0,0,0,0,1,0,0,0,0
18.153409478167934,50.0,133.0,0.0039413742075824,94.10000610351562,94.10000610351562,0,0,0,1,0,0,0,0,0,0,0,0,0,0,0,0,0,0,1,0,0
132.72721408668687,42.33796296296296,133.5,0.0037893452944248,94.10000610351562,94.10000610351562,0,0,0,1,0,0,0,0,0,0,0,0,0,0,0,0,1,0,0,0,0
143.71313637585567,42.33796296296296,134.0,0.0029235602234179,94.10000610351562,94.10000610351562,1,0,0,1,0,0,0,0,0,0,0,0,0,0,0,0,1,0,0,0,0
112.51961499822036,50.0,133.5,0.0038699192626625,94.10000610351562,94.10000610351562,0,0,0,1,0,0,0,0,0,0,0,0,0,0,0,0,1,0,0,0,0
132.72721408668687,42.33796296296296,133.5,0.0037893452944248,94.10000610351562,94.10000610351562,0,0,0,1,0,0,0,0,0,0,0,0,0,0,0,0,1,0,0,0,0
34.27725777316406,50.0,132.0,0.0089279282857766,94.10000610351562,94.10000610351562,0,0,1,0,0,0,0,0,0,0,0,0,0,0,0,0,0,0,1,0,0
41.43417632164784,47.53488372093023,132.0,0.0087160786794042,94.10000610351562,94.10000610351562,0,0,1,0,0,0,0,0,0,0,0,0,0,0,0,0,0,0,1,0,0
158.2872677215278,47.53488372093023,132.5,0.0077812315086473,94.10000610351562,94.10000610351562,0,0,1,0,0,0,0,0,0,0,0,0,0,0,0,0,0,0,1,0,0
35.57958107477967,47.53488372093023,132.0,0.0087160786794042,94.10000610351562,94.10000610351562,0,0,1,0,0,0,0,0,0,0,0,0,0,0,0,0,0,0,1,0,0
32.08881796875396,30.0,139.5,0.0124958414419931,78.69999694824219,78.69999694824219,0,0,0,1,0,0,0,0,0,0,0,0,1,0,0,0,0,0,0,0,0
101.28615952266848,30.0,140.5,0.0121468425827791,78.69999694824219,78.69999694824219,0,0,0,1,0,0,0,0,0,0,0,0,1,0,0,0,0,0,0,0,0
5.554704722050646,30.0,141.0,0.0123433637812234,78.69999694824219,78.69999694824219,0,0,0,1,0,0,0,0,0,0,0,0,1,0,0,0,0,0,0,0,0
5.554704722050646,30.0,141.0,0.0123433637812234,78.69999694824219,78.69999694824219,0,0,0,1,0,0,0,0,0,0,0,0,1,0,0,0,0,0,0,0,0
65.0072039247769,50.0,129.0,0.0090587692255425,74.4000015258789,74.4000015258789,0,0,0,1,0,0,0,0,0,0,0,0,0,0,0,0,0,0,1,0,0
65.0072039247769,50.0,129.0,0.0090587692255425,74.4000015258789,74.4000015258789,0,0,0,1,0,0,0,0,0,0,0,0,0,0,0,0,0,0,1,0,0
76.77387359165694,50.0,129.0,0.0089242512034354,74.4000015258789,74.4000015258789,0,0,0,1,0,0,0,0,0,0,0,0,0,0,0,0,0,0,1,0,0
20.401088561052852,50.0,132.0,0.0111363354885344,74.4000015258789,74.4000015258789,0,0,0,1,0,0,0,0,0,0,0,0,0,0,1,0,0,0,0,0,0
47.39592376502238,50.0,132.5,0.0109597672410741,74.4000015258789,74.4000015258789,0,0,0,1,0,0,0,0,0,0,0,0,0,0,1,0,0,0,0,0,0
150.24135015628897,47.53488372093023,129.5,0.0024259543809544,74.4000015258789,74.4000015258789,0,0,1,0,0,0,0,0,0,0,0,0,0,0,0,0,0,0,1,0,0
27.556733867830808,50.0,128.0,0.0023653905368549,74.4000015258789,74.4000015258789,0,0,1,0,0,0,0,0,0,0,0,0,0,0,0,0,0,0,1,0,0
73.3670410726804,50.0,128.0,0.0023653905368549,74.4000015258789,74.4000015258789,0,0,1,0,0,0,0,0,0,0,0,0,0,0,0,0,0,0,1,0,0
658.6288087482145,50.0,129.0,0.0049881816650832,74.4000015258789,74.4000015258789,0,0,1,0,0,0,0,0,0,0,0,0,0,0,0,0,0,0,1,0,0
144.4863204018535,50.0,128.5,0.0031221875879414,74.4000015258789,74.4000015258789,0,0,1,0,0,0,0,0,0,0,0,0,0,0,0,0,0,0,1,0,0
269.82741385985554,47.53488372093023,128.5,0.0043394461839901,74.4000015258789,74.4000015258789,0,0,1,0,0,0,0,0,0,0,0,0,0,0,0,0,0,0,1,0,0
78.6579011814323,50.0,129.0,0.0070374381716607,74.4000015258789,74.4000015258789,0,0,1,0,0,0,0,0,0,0,0,0,0,0,0,0,0,0,1,0,0
78.65790118143228,50.0,129.0,0.0070374381716607,74.4000015258789,74.4000015258789,0,0,1,0,0,0,0,0,0,0,0,0,0,0,0,0,0,0,1,0,0
362.880330010912,50.0,129.0,0.0079384374778354,74.4000015258789,74.4000015258789,0,0,1,0,0,0,0,0,0,0,0,0,0,0,0,0,0,0,1,0,0
134.4544289463379,30.0,129.5,0.0023244475754179,74.4000015258789,74.4000015258789,0,0,1,0,0,0,0,0,0,0,0,0,0,0,1,0,0,0,0,0,0
31.75294928057333,30.0,130.0,0.0017097937571773,74.4000015258789,74.4000015258789,0,0,1,0,0,0,0,0,0,0,0,0,0,0,1,0,0,0,0,0,0
110.02178117715128,30.0,130.0,0.001607702657751,74.4000015258789,74.4000015258789,0,0,1,0,0,0,0,0,0,0,0,0,1,0,0,0,0,0,0,0,0
31.75294928057334,30.0,130.0,0.0017097937571773,74.4000015258789,74.4000015258789,0,0,1,0,0,0,0,0,0,0,0,0,0,0,1,0,0,0,0,0,0
135.90942738911932,30.0,130.0,0.0009965243521596,74.4000015258789,74.4000015258789,0,0,1,0,0,0,0,0,0,0,0,0,0,0,1,0,0,0,0,0,0
76.89082856827075,15.5531914893617,129.5,0.0014337932204334,74.4000015258789,74.4000015258789,0,0,1,0,0,1,0,0,0,0,0,0,0,0,0,0,0,0,0,0,0
823.6576665202504,50.0,135.0,0.0018017569428282,94.10000610351562,94.10000610351562,0,0,1,0,0,0,0,0,0,0,1,0,0,0,0,0,0,0,0,0,0
19.616204534142277,50.0,136.0,0.0018264286490558,86.80000305175781,86.80000305175781,0,0,0,1,0,0,0,0,0,0,1,0,0,0,0,0,0,0,0,0,0
9.531031283326383,50.0,136.0,0.0018560892914647,86.80000305175781,86.80000305175781,0,0,0,1,0,0,0,0,0,0,0,0,0,0,0,0,1,0,0,0,0
9.397244994319015,50.0,136.0,0.0019365084055819,86.80000305175781,86.80000305175781,0,0,0,1,0,0,0,0,0,0,0,0,0,0,0,0,0,1,0,0,0
58.40519546515976,30.0,137.0,0.0023367389101452,86.80000305175781,86.80000305175781,0,0,0,1,0,0,0,0,0,0,0,0,1,0,0,0,0,0,0,0,0
20.55053492768325,50.0,136.0,0.0020170420585786,86.80000305175781,86.80000305175781,0,0,0,1,0,0,0,0,0,0,0,0,0,0,0,0,1,0,0,0,0
124.31269109574268,33.595391008689084,138.5,0.0096810688454768,94.10000610351562,94.10000610351562,0,0,0,1,0,0,0,0,0,0,0,0,1,0,0,0,0,0,0,0,0
346.6134614814331,33.595391008689084,165.5,0.0207305561420744,94.10000610351562,94.10000610351562,0,0,0,1,0,0,0,0,0,0,0,0,1,0,0,0,0,0,0,0,0
115.94406860587166,30.0,153.5,0.022112359958683,94.10000610351562,94.10000610351562,0,0,0,1,0,0,0,0,0,0,0,0,0,0,0,0,1,0,0,0,0
123.38640595117307,5.0,146.5,0.0193518177281683,94.10000610351562,94.10000610351562,0,0,0,1,0,0,1,0,0,0,0,0,0,0,0,0,0,0,0,0,0
60.81691563130558,30.0,148.5,0.0199536741915109,94.10000610351562,94.10000610351562,0,0,0,1,0,0,0,0,0,0,0,0,1,0,0,0,0,0,0,0,0
71.99602415303912,30.0,148.5,0.0200070738954345,94.10000610351562,94.10000610351562,0,0,0,1,0,0,0,0,0,0,0,0,0,0,0,0,1,0,0,0,0
245.14586366595077,50.0,133.0,0.0022094036179575,86.80000305175781,86.80000305175781,0,0,1,0,0,0,0,0,0,0,1,0,0,0,0,0,0,0,0,0,0
1024.4569818545335,50.0,137.0,0.0008992315116778,86.80000305175781,86.80000305175781,0,0,1,0,0,0,0,0,0,0,1,0,0,0,0,0,0,0,0,0,0
768.9882397033142,70.0,141.0,0.0009852796032328,74.4000015258789,74.4000015258789,0,0,1,0,0,0,0,0,0,0,1,0,0,0,0,0,0,0,0,0,0
13.643987224363311,47.41679249820458,140.0,0.0007051738800002,74.4000015258789,74.4000015258789,0,1,1,0,1,0,0,0,0,0,0,0,0,0,0,0,0,0,0,0,0
13.643987224363311,47.41679249820458,140.0,0.0007051738800002,74.4000015258789,74.4000015258789,0,1,1,0,1,0,0,0,0,0,0,0,0,0,0,0,0,0,0,0,0
89.21686436485943,30.0,141.0,0.0174181394291785,94.10000610351562,94.10000610351562,0,0,0,1,0,0,0,0,0,0,0,0,1,0,0,0,0,0,0,0,0
47.386654582544935,40.0,139.0,0.0166038945257165,94.10000610351562,94.10000610351562,0,0,0,1,0,0,0,0,0,0,0,0,0,0,0,0,1,0,0,0,0
128.39959487721313,50.0,140.0,0.0170766972552992,94.10000610351562,94.10000610351562,0,0,0,1,0,0,0,0,0,0,0,0,0,0,0,0,1,0,0,0,0
36.44319559161345,42.33796296296296,150.0,0.0199715707677906,94.10000610351562,94.10000610351562,0,0,0,1,0,0,0,0,0,0,0,0,0,0,0,0,1,0,0,0,0
3519.336238366122,60.0,258.0,0.0303013341744605,94.10000610351562,94.10000610351562,0,0,0,1,0,0,0,0,0,0,0,0,0,0,0,0,1,0,0,0,0
110.0432030250571,30.0,157.0,0.0232199863908241,94.10000610351562,94.10000610351562,0,0,0,1,0,0,0,0,0,0,0,0,0,0,0,0,1,0,0,0,0
91.57387086047274,33.595391008689084,161.0,0.0238985831288186,94.10000610351562,94.10000610351562,0,0,0,1,0,0,0,0,0,0,0,0,1,0,0,0,0,0,0,0,0
114.1346398904597,30.0,148.5,0.0201034719675354,94.10000610351562,94.10000610351562,0,0,0,1,0,0,0,0,0,0,0,0,1,0,0,0,0,0,0,0,0
6.323651512114285,30.0,149.0,0.0201517949010679,94.10000610351562,94.10000610351562,0,0,0,1,0,0,0,0,0,0,0,0,0,0,0,0,1,0,0,0,0
104.8919549202887,30.0,150.0,0.0207918276935311,94.10000610351562,94.10000610351562,0,0,0,1,0,0,0,0,0,0,0,0,0,0,0,0,1,0,0,0,0
6.931527210001113,33.595391008689084,133.0,0.0135410364244696,94.10000610351562,94.10000610351562,0,0,0,1,0,0,0,0,0,0,0,0,1,0,0,0,0,0,0,0,0
64.21511915315864,50.0,134.0,0.0138517968301612,94.10000610351562,94.10000610351562,0,0,0,1,0,0,0,0,0,0,0,0,0,0,0,0,1,0,0,0,0
6.931527210001113,33.595391008689084,133.0,0.0135410364244696,94.10000610351562,94.10000610351562,0,0,0,1,0,0,0,0,0,0,0,0,1,0,0,0,0,0,0,0,0
327.3899569541577,33.595391008689084,131.5,0.0117685784611588,94.10000610351562,94.10000610351562,0,0,1,0,0,0,0,0,0,0,0,0,1,0,0,0,0,0,0,0,0
142.81498153131747,50.0,133.0,0.0128507577355902,94.10000610351562,94.10000610351562,0,0,0,1,0,0,0,0,0,0,0,0,0,0,0,0,1,0,0,0,0
156.01186426855313,50.0,132.5,0.0109375949807291,94.10000610351562,94.10000610351562,0,0,1,0,0,0,0,0,0,0,0,0,0,0,0,0,1,0,0,0,0
81.46273712350329,50.0,131.5,0.0095662969466677,94.10000610351562,94.10000610351562,0,0,1,0,0,0,0,0,0,0,0,0,0,0,0,0,1,0,0,0,0
14.316532750437338,50.0,134.0,0.0019188771525304,94.10000610351562,94.10000610351562,0,0,0,1,0,0,0,0,0,0,1,0,0,0,0,0,0,0,0,0,0
6.711751249116091,50.0,134.0,0.0018905797900682,94.10000610351562,94.10000610351562,0,0,0,1,0,0,0,0,0,0,1,0,0,0,0,0,0,0,0,0,0
23.35701479662653,50.0,134.0,0.0017752951316493,94.10000610351562,94.10000610351562,0,0,0,1,0,0,0,0,0,0,1,0,0,0,0,0,0,0,0,0,0
7.952508745433802,50.0,134.0,0.0017978927045246,94.10000610351562,94.10000610351562,0,0,0,1,0,0,0,0,0,0,1,0,0,0,0,0,0,0,0,0,0
10.69083681515314,50.0,134.0,0.001694118289708,94.10000610351562,94.10000610351562,0,0,0,1,0,0,0,0,0,0,1,0,0,0,0,0,0,0,0,0,0
25.902604168110894,50.0,133.0,0.0014745814054765,94.10000610351562,94.10000610351562,0,0,0,1,0,0,0,0,0,0,0,0,0,0,0,0,0,0,1,0,0
9.41415135384912,50.0,134.0,0.0016482787440847,94.10000610351562,94.10000610351562,0,0,0,1,0,0,0,0,0,0,1,0,0,0,0,0,0,0,0,0,0
8.847133463288019,50.0,134.0,0.0016957199332236,94.10000610351562,94.10000610351562,0,0,0,1,0,0,0,0,0,0,1,0,0,0,0,0,0,0,0,0,0
123.25401161292774,50.0,132.0,0.0074493034162794,94.10000610351562,94.10000610351562,0,0,1,0,0,0,0,0,0,0,0,0,0,0,0,0,1,0,0,0,0
31.405233222635584,50.0,131.0,0.0079231388134344,94.10000610351562,94.10000610351562,0,0,1,0,0,0,0,0,0,0,0,0,0,0,0,0,1,0,0,0,0
68.99168432620513,30.0,278.5,0.0383763887395685,78.69999694824219,78.69999694824219,0,0,0,1,0,0,0,0,0,0,0,0,1,0,0,0,0,0,0,0,0
28.980971460613,30.0,278.0,0.0389513925505943,78.69999694824219,78.69999694824219,0,0,0,1,0,0,0,0,0,0,0,0,1,0,0,0,0,0,0,0,0
71.88285382482263,15.5531914893617,207.0,0.0133118048174917,78.69999694824219,78.69999694824219,0,0,0,1,0,1,0,0,0,0,0,0,0,0,0,0,0,0,0,0,0
585.4760758468385,50.0,129.5,0.002469013904908,94.10000610351562,94.10000610351562,0,0,1,0,0,0,0,0,0,0,1,0,0,0,0,0,0,0,0,0,0
12.837017483853035,50.0,130.0,0.0031580089656287,86.80000305175781,86.80000305175781,0,0,1,0,0,0,0,0,0,0,0,0,1,0,0,0,0,0,0,0,0
148.9460971999803,50.0,130.5,0.0040991808555804,74.4000015258789,74.4000015258789,0,0,1,0,0,0,0,0,0,0,0,0,1,0,0,0,0,0,0,0,0
18.17363232385641,33.595391008689084,156.5,0.0114929765516684,74.4000015258789,74.4000015258789,0,0,0,1,0,0,0,0,0,0,0,0,1,0,0,0,0,0,0,0,0
15.410262146543364,33.595391008689084,158.0,0.011595914795148,74.4000015258789,74.4000015258789,0,0,0,1,0,0,0,0,0,0,0,0,1,0,0,0,0,0,0,0,0
47.19915344553326,33.595391008689084,158.0,0.011595914795148,74.4000015258789,74.4000015258789,0,0,0,1,0,0,0,0,0,0,0,0,1,0,0,0,0,0,0,0,0
15.410262146543364,33.595391008689084,158.0,0.011595914795148,74.4000015258789,74.4000015258789,0,0,0,1,0,0,0,0,0,0,0,0,1,0,0,0,0,0,0,0,0
47.19915344553326,33.595391008689084,158.0,0.011595914795148,74.4000015258789,74.4000015258789,0,0,0,1,0,0,0,0,0,0,0,0,1,0,0,0,0,0,0,0,0
241.17998164706287,33.595391008689084,155.0,0.0125408245248243,74.4000015258789,74.4000015258789,0,0,0,1,0,0,0,0,0,0,0,0,1,0,0,0,0,0,0,0,0
28.756528229935256,50.0,152.0,0.0134018779493783,74.4000015258789,74.4000015258789,0,0,0,1,0,0,0,0,0,0,0,0,1,0,0,0,0,0,0,0,0
348.36971474138846,50.0,161.5,0.0125662381604071,74.4000015258789,74.4000015258789,0,0,0,1,0,0,0,0,0,0,0,0,1,0,0,0,0,0,0,0,0
241.17998164706285,33.595391008689084,155.0,0.0125408245248243,74.4000015258789,74.4000015258789,0,0,0,1,0,0,0,0,0,0,0,0,1,0,0,0,0,0,0,0,0
18.17363232385641,33.595391008689084,156.5,0.0114929765516684,74.4000015258789,74.4000015258789,0,0,0,1,0,0,0,0,0,0,0,0,1,0,0,0,0,0,0,0,0
85.21489453074821,50.0,132.0,0.0009345976843676,74.4000015258789,74.4000015258789,0,0,1,0,0,0,0,0,0,0,1,0,0,0,0,0,0,0,0,0,0
47.12374045974848,50.0,128.5,0.0007532880471278,74.4000015258789,74.4000015258789,0,0,1,0,0,0,0,0,0,0,1,0,0,0,0,0,0,0,0,0,0
85.21489453074823,50.0,132.0,0.0009345976843676,74.4000015258789,74.4000015258789,0,0,1,0,0,0,0,0,0,0,1,0,0,0,0,0,0,0,0,0,0
46.793355512324005,50.0,137.0,0.0011095447064622,74.4000015258789,74.4000015258789,0,0,0,1,0,0,0,0,0,0,1,0,0,0,0,0,0,0,0,0,0
29.290444484943908,33.595391008689084,273.0,0.0380224159321509,78.69999694824219,78.69999694824219,0,0,0,1,0,0,0,0,0,0,0,0,1,0,0,0,0,0,0,0,0
49.66454277405707,50.0,273.0,0.0383533970172258,78.69999694824219,78.69999694824219,0,0,0,1,0,0,0,0,0,0,0,0,1,0,0,0,0,0,0,0,0
130.07598002994953,50.0,272.0,0.0376458864008316,78.69999694824219,78.69999694824219,0,0,0,1,0,0,0,0,0,0,0,0,1,0,0,0,0,0,0,0,0
29.290444484943908,33.595391008689084,273.0,0.0380224159321509,78.69999694824219,78.69999694824219,0,0,0,1,0,0,0,0,0,0,0,0,1,0,0,0,0,0,0,0,0
25.411165093302674,50.0,128.0,0.002984983804565,74.4000015258789,74.4000015258789,0,0,1,0,0,0,0,0,0,0,0,0,0,0,1,0,0,0,0,0,0
36.913396093739024,70.0,128.0,0.0027646564462812,74.4000015258789,74.4000015258789,0,0,1,0,0,0,0,0,0,0,1,0,0,0,0,0,0,0,0,0,0
37.19015568191183,70.0,127.5,0.0029524653522288,74.4000015258789,74.4000015258789,0,0,1,0,0,0,0,0,0,0,1,0,0,0,0,0,0,0,0,0,0
45.05901729474744,15.5531914893617,139.0,0.0172786481204511,94.10000610351562,94.10000610351562,0,0,0,1,0,1,0,0,0,0,0,0,0,0,0,0,0,0,0,0,0
45.05901729474744,15.5531914893617,139.0,0.0172786481204511,94.10000610351562,94.10000610351562,0,0,0,1,0,1,0,0,0,0,0,0,0,0,0,0,0,0,0,0,0
158.64645381203027,15.5531914893617,136.0,0.017337211445074,94.10000610351562,94.10000610351562,0,0,0,1,0,1,0,0,0,0,0,0,0,0,0,0,0,0,0,0,0
73.37282890867857,42.33796296296296,156.5,0.0188284182534454,78.69999694824219,78.69999694824219,0,0,0,1,0,0,0,0,0,0,0,0,0,0,0,0,1,0,0,0,0
47.19785860174766,33.595391008689084,158.0,0.0184277087369872,78.69999694824219,78.69999694824219,0,0,0,1,0,0,0,0,0,0,0,0,1,0,0,0,0,0,0,0,0
34.099004007655005,50.0,159.5,0.0187166500693292,78.69999694824219,78.69999694824219,0,0,0,1,0,0,0,0,0,0,0,0,0,0,0,0,1,0,0,0,0
59.989270160269584,30.0,162.5,0.019093175563759,78.69999694824219,78.69999694824219,0,0,0,1,0,0,0,0,0,0,0,0,1,0,0,0,0,0,0,0,0
165.72701280889098,50.0,162.5,0.0184792677223926,78.69999694824219,78.69999694824219,0,0,0,1,0,0,0,0,0,0,0,0,0,0,0,0,1,0,0,0,0
34.099004007655005,50.0,159.5,0.0187166500693292,78.69999694824219,78.69999694824219,0,0,0,1,0,0,0,0,0,0,0,0,0,0,0,0,1,0,0,0,0
71.95825539249863,50.0,156.5,0.0188284182534454,78.69999694824219,78.69999694824219,0,0,0,1,0,0,0,0,0,0,0,0,0,0,0,0,1,0,0,0,0
85.42465834467221,50.0,151.5,0.0186431827109734,78.69999694824219,78.69999694824219,0,0,0,1,0,0,0,0,0,0,0,0,0,0,0,0,1,0,0,0,0
47.038923164762814,50.0,148.0,0.0181000702359119,78.69999694824219,78.69999694824219,0,0,0,1,0,0,0,0,0,0,0,0,0,0,0,0,1,0,0,0,0
11.717277988478678,50.0,148.0,0.0177552630678656,78.69999694824219,78.69999694824219,0,1,1,0,0,0,0,0,0,0,0,0,0,0,0,0,1,0,0,0,0
183.0149018070909,40.0,147.5,0.0174682109167814,78.69999694824219,78.69999694824219,0,0,0,1,0,0,0,0,0,0,0,0,0,0,0,0,1,0,0,0,0
30.19019871212237,33.595391008689084,148.5,0.0175695732495442,78.69999694824219,78.69999694824219,0,1,1,0,0,0,0,0,0,0,0,0,1,0,0,0,0,0,0,0,0
11.717277988478678,50.0,148.0,0.0177552630678656,78.69999694824219,78.69999694824219,0,1,1,0,0,0,0,0,0,0,0,0,0,0,0,0,1,0,0,0,0
91.57387086047274,33.595391008689084,161.0,0.0238985831288186,94.10000610351562,94.10000610351562,0,0,0,1,0,0,0,0,0,0,0,0,1,0,0,0,0,0,0,0,0
25.4833941097817,15.5531914893617,135.0,0.0148864101334624,94.10000610351562,94.10000610351562,0,0,0,1,0,1,0,0,0,0,0,0,0,0,0,0,0,0,0,0,0
159.06881395865042,30.0,134.5,0.0139010566349329,94.10000610351562,94.10000610351562,0,0,0,1,0,0,0,0,0,0,0,0,0,0,0,0,1,0,0,0,0
59.90043606975726,30.0,136.0,0.015237617703779,94.10000610351562,94.10000610351562,0,0,0,1,0,0,0,0,0,0,0,0,0,0,0,0,1,0,0,0,0
58.92973171589913,15.5531914893617,275.0,0.0399302878756204,78.69999694824219,78.69999694824219,0,0,0,1,0,1,0,0,0,0,0,0,0,0,0,0,0,0,0,0,0
58.92973171589914,15.5531914893617,275.0,0.0399302878756204,78.69999694824219,78.69999694824219,0,0,0,1,0,1,0,0,0,0,0,0,0,0,0,0,0,0,0,0,0
95.7860886956489,15.5531914893617,276.0,0.0396078233209517,78.69999694824219,78.69999694824219,0,0,0,1,0,1,0,0,0,0,0,0,0,0,0,0,0,0,0,0,0
65.83505945851856,30.0,136.5,0.010223457187386,78.69999694824219,78.69999694824219,0,0,0,1,0,0,0,0,0,0,0,0,1,0,0,0,0,0,0,0,0
241.77916497561333,40.0,137.5,0.0095679687267049,78.69999694824219,78.69999694824219,0,0,0,1,0,0,0,0,0,0,0,0,1,0,0,0,0,0,0,0,0
49.00868836046298,33.595391008689084,132.5,0.0116879492096928,94.10000610351562,94.10000610351562,0,0,0,1,0,0,0,0,0,0,0,0,1,0,0,0,0,0,0,0,0
192.73467240692705,50.0,134.5,0.0040992509095697,94.10000610351562,94.10000610351562,0,0,0,1,0,0,0,0,0,0,0,0,1,0,0,0,0,0,0,0,0
31.929765354702443,42.33796296296296,134.5,0.0039653350250383,94.10000610351562,94.10000610351562,0,0,0,1,0,0,0,0,0,0,0,0,0,0,0,0,1,0,0,0,0
241.5831672444743,42.33796296296296,133.0,0.0030887471033005,94.10000610351562,94.10000610351562,0,0,0,1,0,0,0,0,0,0,0,0,0,0,0,0,1,0,0,0,0
241.58316724447437,42.33796296296296,133.0,0.0030887471033005,94.10000610351562,94.10000610351562,0,0,0,1,0,0,0,0,0,0,0,0,0,0,0,0,1,0,0,0,0
123.99099694196354,42.33796296296296,133.5,0.0030181320764408,94.10000610351562,94.10000610351562,0,0,0,1,0,0,0,0,0,0,0,0,0,0,0,0,1,0,0,0,0
194.24583435000957,50.0,167.0,0.0128136853662648,78.69999694824219,78.69999694824219,0,0,0,1,0,0,0,0,0,0,0,0,0,0,1,0,0,0,0,0,0
92.4551237476206,50.0,174.0,0.0139301416326662,78.69999694824219,78.69999694824219,0,0,0,1,0,0,0,0,0,0,0,0,0,0,1,0,0,0,0,0,0
89.29988169792612,15.5531914893617,249.5,0.0309599503454721,78.69999694824219,78.69999694824219,0,0,0,1,0,1,0,0,0,0,0,0,0,0,0,0,0,0,0,0,0
18.15829720333161,50.0,131.0,0.0033548289922752,86.80000305175781,86.80000305175781,0,0,1,0,0,0,0,0,0,0,0,0,1,0,0,0,0,0,0,0,0
29.41638739923553,50.0,132.0,0.0033702370655329,86.80000305175781,86.80000305175781,0,0,1,0,0,0,0,0,0,0,0,0,1,0,0,0,0,0,0,0,0
323.32863953239035,50.0,130.5,0.0030106645372757,86.80000305175781,86.80000305175781,0,0,1,0,0,0,0,0,0,0,1,0,0,0,0,0,0,0,0,0,0
91.54447820727628,50.0,132.0,0.0022708132408895,86.80000305175781,86.80000305175781,0,0,1,0,0,0,0,0,0,0,1,0,0,0,0,0,0,0,0,0,0
759.8433045044732,50.0,133.0,0.0020809484638965,94.10000610351562,94.10000610351562,0,0,1,0,0,0,0,0,0,0,1,0,0,0,0,0,0,0,0,0,0
29.50144869193643,50.0,134.0,0.0017553241226603,94.10000610351562,94.10000610351562,0,0,0,1,0,0,0,0,0,0,1,0,0,0,0,0,0,0,0,0,0
143.71313637585564,42.33796296296296,134.0,0.0029235602234179,94.10000610351562,94.10000610351562,1,0,0,1,0,0,0,0,0,0,0,0,0,0,0,0,1,0,0,0,0
23.327147760168064,50.0,134.0,0.0020564087476644,94.10000610351562,94.10000610351562,0,0,0,1,0,0,0,0,0,0,0,0,0,0,0,0,1,0,0,0,0
26.12723491651741,50.0,133.0,0.0014706839173864,94.10000610351562,94.10000610351562,0,0,0,1,0,0,0,0,0,0,0,0,0,0,0,0,0,0,1,0,0
226.34977536637584,50.0,133.5,0.0015654902499348,94.10000610351562,94.10000610351562,1,1,1,0,0,0,0,0,0,0,0,0,0,0,0,0,0,0,1,0,0
823.65766652025,50.0,135.0,0.0018017569428282,94.10000610351562,94.10000610351562,0,0,1,0,0,0,0,0,0,0,1,0,0,0,0,0,0,0,0,0,0
22.366877871446984,50.0,134.0,0.0018293325127526,94.10000610351562,94.10000610351562,0,0,0,1,0,0,0,0,0,0,1,0,0,0,0,0,0,0,0,0,0
3340.8733624502647,60.0,260.0,0.0257299912740895,94.10000610351562,94.10000610351562,0,0,0,1,0,0,0,0,0,0,0,0,0,0,0,0,1,0,0,0,0
188.778602569649,30.0,355.0,0.0371586403577475,94.10000610351562,94.10000610351562,0,0,0,1,0,0,0,0,0,0,0,0,0,0,0,0,1,0,0,0,0
91.83579892915613,33.595391008689084,360.0,0.0373207366772422,94.10000610351562,94.10000610351562,0,0,0,1,0,0,0,0,0,0,0,0,1,0,0,0,0,0,0,0,0
188.77860256964905,30.0,355.0,0.0371586403577475,94.10000610351562,94.10000610351562,0,0,0,1,0,0,0,0,0,0,0,0,0,0,0,0,1,0,0,0,0
3519.3362383661206,60.0,258.0,0.0303013341744605,94.10000610351562,94.10000610351562,0,0,0,1,0,0,0,0,0,0,0,0,0,0,0,0,1,0,0,0,0
91.83579892915613,33.595391008689084,360.0,0.0373207366772422,94.10000610351562,94.10000610351562,0,0,0,1,0,0,0,0,0,0,0,0,1,0,0,0,0,0,0,0,0
1717.9576845380957,30.0,137.5,0.0043830032824457,78.69999694824219,78.69999694824219,0,0,1,0,0,0,0,0,0,0,0,0,1,0,0,0,0,0,0,0,0
1146.5529899440498,50.0,133.0,0.0016891349705848,74.4000015258789,74.4000015258789,0,1,1,0,0,0,0,0,0,0,0,0,0,0,1,0,0,0,0,0,0
733.4046245146002,50.0,134.0,0.0014484912028038,74.4000015258789,74.4000015258789,0,1,1,0,0,0,0,0,0,0,0,0,0,0,1,0,0,0,0,0,0
81.70149355395525,50.0,252.0,0.0254727269483396,78.69999694824219,78.69999694824219,0,0,0,1,0,0,0,0,0,0,0,0,1,0,0,0,0,0,0,0,0
51.6488392426799,50.0,251.0,0.0251059951655026,78.69999694824219,78.69999694824219,0,0,0,1,0,0,0,0,0,0,0,0,1,0,0,0,0,0,0,0,0
51.64883924267989,50.0,251.0,0.0251059951655026,78.69999694824219,78.69999694824219,0,0,0,1,0,0,0,0,0,0,0,0,1,0,0,0,0,0,0,0,0
20.975540823982417,30.0,254.5,0.013488151532847,78.69999694824219,78.69999694824219,0,0,0,1,0,0,0,0,0,0,0,0,1,0,0,0,0,0,0,0,0
20.975540823982417,30.0,254.5,0.013488151532847,78.69999694824219,78.69999694824219,0,0,0,1,0,0,0,0,0,0,0,0,1,0,0,0,0,0,0,0,0
99.86938401449166,30.0,254.5,0.0141019132627495,78.69999694824219,78.69999694824219,0,0,0,1,0,0,0,0,0,0,0,0,1,0,0,0,0,0,0,0,0
144.3862845840473,30.0,255.5,0.0140530636868893,78.69999694824219,78.69999694824219,0,0,0,1,0,0,0,0,0,0,0,0,1,0,0,0,0,0,0,0,0
16.533334328923136,30.0,255.5,0.0138029223582353,78.69999694824219,78.69999694824219,0,0,0,1,0,0,0,0,0,0,0,0,1,0,0,0,0,0,0,0,0
15.352771441733545,30.0,251.5,0.0137306933445526,78.69999694824219,78.69999694824219,0,0,0,1,0,0,0,0,0,0,0,0,1,0,0,0,0,0,0,0,0
66.52017442149602,30.0,256.5,0.0142076150349251,78.69999694824219,78.69999694824219,0,0,0,1,0,0,0,0,0,0,0,0,1,0,0,0,0,0,0,0,0
16.533334328923136,30.0,255.5,0.0138029223582353,78.69999694824219,78.69999694824219,0,0,0,1,0,0,0,0,0,0,0,0,1,0,0,0,0,0,0,0,0
15.352771441733545,30.0,251.5,0.0137306933445526,78.69999694824219,78.69999694824219,0,0,0,1,0,0,0,0,0,0,0,0,1,0,0,0,0,0,0,0,0
235.82386432940632,30.0,250.0,0.0144794851280214,78.69999694824219,78.69999694824219,0,0,0,1,0,0,0,0,0,0,0,0,1,0,0,0,0,0,0,0,0
68.93556217014974,50.0,250.0,0.0144794851280214,78.69999694824219,78.69999694824219,0,0,0,1,0,0,0,0,0,0,0,0,1,0,0,0,0,0,0,0,0
116.29326138887848,50.0,248.0,0.0141646151967136,78.69999694824219,78.69999694824219,0,0,0,1,0,0,0,0,0,0,0,0,1,0,0,0,0,0,0,0,0
235.82386432940632,30.0,250.0,0.0144794851280214,78.69999694824219,78.69999694824219,0,0,0,1,0,0,0,0,0,0,0,0,1,0,0,0,0,0,0,0,0
68.93556217014974,50.0,250.0,0.0144794851280214,78.69999694824219,78.69999694824219,0,0,0,1,0,0,0,0,0,0,0,0,1,0,0,0,0,0,0,0,0
71.57142673079463,50.0,253.0,0.0146632818554715,78.69999694824219,78.69999694824219,0,0,0,1,0,0,0,0,0,0,0,0,1,0,0,0,0,0,0,0,0
99.86938401449166,30.0,254.5,0.0141019132627495,78.69999694824219,78.69999694824219,0,0,0,1,0,0,0,0,0,0,0,0,1,0,0,0,0,0,0,0,0
71.57142673079463,50.0,253.0,0.0146632818554715,78.69999694824219,78.69999694824219,0,0,0,1,0,0,0,0,0,0,0,0,1,0,0,0,0,0,0,0,0
63.10461563074379,40.0,256.0,0.014667105482678,78.69999694824219,78.69999694824219,0,0,0,1,0,0,0,0,0,0,0,0,1,0,0,0,0,0,0,0,0
7.415316239990776,30.0,257.0,0.0146182559068178,78.69999694824219,78.69999694824219,0,0,0,1,0,0,0,0,0,0,0,0,1,0,0,0,0,0,0,0,0
144.3862845840473,30.0,255.5,0.0140530636868893,78.69999694824219,78.69999694824219,0,0,0,1,0,0,0,0,0,0,0,0,1,0,0,0,0,0,0,0,0
52.70413217285639,30.0,257.5,0.0146031365540524,78.69999694824219,78.69999694824219,0,0,0,1,0,0,0,0,0,0,0,0,1,0,0,0,0,0,0,0,0
66.52017442149602,30.0,256.5,0.0142076150349251,78.69999694824219,78.69999694824219,0,0,0,1,0,0,0,0,0,0,0,0,1,0,0,0,0,0,0,0,0
52.70413217285639,30.0,257.5,0.0146031365540524,78.69999694824219,78.69999694824219,0,0,0,1,0,0,0,0,0,0,0,0,1,0,0,0,0,0,0,0,0
64.52770368071664,30.0,256.0,0.0146949634343694,78.69999694824219,78.69999694824219,0,0,0,1,0,0,0,0,0,0,0,0,1,0,0,0,0,0,0,0,0
24.104916304880916,33.595391008689084,133.0,0.0071898938355796,74.4000015258789,74.4000015258789,0,0,1,0,0,0,0,0,0,0,0,0,1,0,0,0,0,0,0,0,0
26.45837903377201,33.595391008689084,133.0,0.0071898938355796,74.4000015258789,74.4000015258789,0,0,1,0,0,0,0,0,0,0,0,0,1,0,0,0,0,0,0,0,0
195.40426927501795,50.0,132.5,0.0064519471976378,74.4000015258789,74.4000015258789,0,0,1,0,0,0,1,0,0,0,0,0,0,0,0,0,0,0,0,0,0
307.6748341303886,30.0,131.5,0.0071040377922197,74.4000015258789,74.4000015258789,0,0,1,0,0,0,0,0,0,0,0,0,1,0,0,0,0,0,0,0,0
26.458379033772008,33.595391008689084,133.0,0.0071898938355796,74.4000015258789,74.4000015258789,0,0,1,0,0,0,0,0,0,0,0,0,1,0,0,0,0,0,0,0,0
24.104916304880916,33.595391008689084,133.0,0.0071898938355796,74.4000015258789,74.4000015258789,0,0,1,0,0,0,0,0,0,0,0,0,1,0,0,0,0,0,0,0,0
124.03356162536237,33.595391008689084,132.5,0.0065583473837803,74.4000015258789,74.4000015258789,0,0,1,0,0,0,0,0,0,0,0,0,1,0,0,0,0,0,0,0,0
29.25530470382201,50.0,132.0,0.003278837241459,94.10000610351562,94.10000610351562,0,0,1,0,0,0,0,0,0,0,0,0,0,0,0,0,0,0,1,0,0
12.971840270475944,47.53488372093023,132.5,0.0033529095509993,94.10000610351562,94.10000610351562,0,0,1,0,0,0,0,0,0,0,0,0,0,0,0,0,0,0,1,0,0
214.64909440366216,10.0,132.5,0.0022242582528065,94.10000610351562,94.10000610351562,0,0,1,0,0,0,0,0,0,0,0,0,0,0,0,0,0,0,0,0,1
15.429254337442645,50.0,132.5,0.0032443963719447,94.10000610351562,94.10000610351562,0,0,1,0,0,0,0,0,0,0,0,0,0,0,0,0,0,0,1,0,0
15.224906441134838,50.0,133.0,0.0034117794272826,94.10000610351562,94.10000610351562,0,0,1,0,0,0,0,0,0,0,0,0,0,0,0,0,0,0,1,0,0
12.971840270475944,47.53488372093023,132.5,0.0033529095509993,94.10000610351562,94.10000610351562,0,0,1,0,0,0,0,0,0,0,0,0,0,0,0,0,0,0,1,0,0
14.068828143525698,50.0,132.0,0.005490541839472,94.10000610351562,94.10000610351562,0,0,1,0,0,0,0,0,0,0,0,0,0,0,0,0,0,0,1,0,0
32.54692992382695,50.0,132.5,0.005597989373205,94.10000610351562,94.10000610351562,0,0,1,0,0,0,0,0,0,0,0,0,0,0,0,0,0,0,1,0,0
32.636527209389854,50.0,132.0,0.0059870011802998,94.10000610351562,94.10000610351562,0,0,1,0,0,0,0,0,0,0,0,0,0,0,0,0,0,0,1,0,0
33.42689503492093,50.0,132.0,0.005656571872935,94.10000610351562,94.10000610351562,0,0,1,0,0,0,0,0,0,0,0,0,0,0,0,0,0,0,1,0,0
32.63209813250008,50.0,132.5,0.005431959339742,94.10000610351562,94.10000610351562,0,0,1,0,0,0,0,0,0,0,0,0,0,0,0,0,0,0,1,0,0
110.85974134164086,50.0,132.5,0.0055288917891295,94.10000610351562,94.10000610351562,0,0,1,0,0,0,0,0,0,0,0,0,0,0,0,0,0,0,1,0,0
20.098064217534283,30.0,134.0,0.0030230049572162,94.10000610351562,94.10000610351562,0,0,1,0,0,0,0,0,0,0,0,0,1,0,0,0,0,0,0,0,0
72.23157004785875,30.0,133.0,0.0031741851738344,94.10000610351562,94.10000610351562,0,0,1,0,0,0,0,0,0,0,0,0,1,0,0,0,0,0,0,0,0
174.6789110737761,40.0,133.0,0.0022072820111446,94.10000610351562,94.10000610351562,0,1,1,0,0,0,0,0,0,0,0,0,1,0,0,0,0,0,0,0,0
25.4833941097817,15.5531914893617,135.0,0.0148864101334624,94.10000610351562,94.10000610351562,0,0,0,1,0,1,0,0,0,0,0,0,0,0,0,0,0,0,0,0,0
410.1781092126576,30.0,133.5,0.0076891459055804,74.4000015258789,74.4000015258789,0,0,1,0,0,0,0,0,0,0,0,0,1,0,0,0,0,0,0,0,0
9.420911400699485,30.0,134.0,0.0086416648243054,74.4000015258789,74.4000015258789,0,0,1,0,0,0,0,0,0,0,0,0,1,0,0,0,0,0,0,0,0
6.3495042011093545,47.53488372093023,172.0,0.014226570627098,78.69999694824219,78.69999694824219,0,0,0,1,0,0,0,0,0,0,0,0,0,0,0,0,0,0,1,0,0
93.6698692872562,50.0,174.0,0.0139132403142332,78.69999694824219,78.69999694824219,0,0,0,1,0,0,0,0,0,0,0,0,0,0,1,0,0,0,0,0,0
714.9697806549557,30.0,212.0,0.0144983204442631,78.69999694824219,78.69999694824219,0,0,0,1,0,0,0,0,0,0,0,0,0,0,0,0,0,0,1,0,0
111.48869858757116,30.0,203.5,0.0333841665838571,78.69999694824219,78.69999694824219,0,0,0,1,0,0,0,0,0,0,0,0,1,0,0,0,0,0,0,0,0
6.3495042011093545,47.53488372093023,172.0,0.014226570627098,78.69999694824219,78.69999694824219,0,0,0,1,0,0,0,0,0,0,0,0,0,0,0,0,0,0,1,0,0
81.85922625047064,50.0,172.0,0.0145487805497816,78.69999694824219,78.69999694824219,0,0,0,1,0,0,0,0,0,0,0,0,0,0,1,0,0,0,0,0,0
36.23385988243007,30.0,154.5,0.0115058772386733,78.69999694824219,78.69999694824219,0,0,0,1,0,0,0,0,0,0,0,0,1,0,0,0,0,0,0,0,0
47.610175951043765,50.0,156.0,0.0118184277453608,78.69999694824219,78.69999694824219,0,0,0,1,0,0,0,0,0,0,0,0,0,0,1,0,0,0,0,0,0
66.3719334285932,50.0,153.5,0.0115102488956639,78.69999694824219,78.69999694824219,0,0,0,1,0,0,0,0,0,0,0,0,0,0,1,0,0,0,0,0,0
7.469517294228913,30.0,154.0,0.0115070744904316,78.69999694824219,78.69999694824219,0,0,0,1,0,0,0,0,0,0,0,0,1,0,0,0,0,0,0,0,0
206.8968512391718,30.0,133.0,0.0076866040401058,78.69999694824219,78.69999694824219,0,0,0,1,0,0,0,0,0,0,0,0,0,0,0,0,1,0,0,0,0
44.2325341326453,30.0,133.5,0.0070322742975267,78.69999694824219,78.69999694824219,0,0,0,1,0,0,0,0,0,0,0,0,0,0,0,0,1,0,0,0,0
212.0882155799353,50.0,253.0,0.0244842019982026,78.69999694824219,78.69999694824219,0,0,0,1,0,0,0,0,0,0,0,0,1,0,0,0,0,0,0,0,0
63.034090255140256,50.0,252.0,0.0232367847294183,78.69999694824219,78.69999694824219,0,0,0,1,0,0,0,0,0,0,0,0,1,0,0,0,0,0,0,0,0
9.288791130866258,50.0,190.0,0.0344021453978107,78.69999694824219,78.69999694824219,0,0,0,1,0,0,0,0,0,0,0,0,0,0,1,0,0,0,0,0,0
929.0526182682512,60.0,223.5,0.0345800471807378,78.69999694824219,78.69999694824219,0,0,0,1,0,0,0,0,0,0,0,0,0,0,1,0,0,0,0,0,0
23.610456020932556,30.0,190.0,0.0343049995402389,78.69999694824219,78.69999694824219,0,0,0,1,0,0,0,0,0,0,0,0,1,0,0,0,0,0,0,0,0
736.6428861299559,50.0,264.0,0.0340405172436522,78.69999694824219,78.69999694824219,0,0,0,1,0,0,0,0,0,0,0,0,0,0,1,0,0,0,0,0,0
45.04783529930583,50.0,271.5,0.0338754963759568,78.69999694824219,78.69999694824219,0,0,0,1,0,0,0,0,0,0,0,0,0,0,1,0,0,0,0,0,0
9.765327527842125,50.0,264.0,0.032263674538244,78.69999694824219,78.69999694824219,0,0,0,1,0,0,0,0,0,0,0,0,0,0,1,0,0,0,0,0,0
182.28274897992603,50.0,268.0,0.0330633389892183,78.69999694824219,78.69999694824219,1,0,0,1,0,0,0,0,0,0,0,0,0,0,1,0,0,0,0,0,0
28.79430821377447,30.0,264.5,0.0322348822296446,78.69999694824219,78.69999694824219,0,0,0,1,0,0,0,0,0,0,0,0,1,0,0,0,0,0,0,0,0
9.765327527842125,50.0,264.0,0.032263674538244,78.69999694824219,78.69999694824219,0,0,0,1,0,0,0,0,0,0,0,0,0,0,1,0,0,0,0,0,0
668.9737426378189,50.0,260.0,0.0294982944369201,78.69999694824219,78.69999694824219,0,0,0,1,0,0,0,0,0,0,0,0,0,0,1,0,0,0,0,0,0
212.0882155799353,50.0,253.0,0.0244842019982026,78.69999694824219,78.69999694824219,0,0,0,1,0,0,0,0,0,0,0,0,1,0,0,0,0,0,0,0,0
53.2073523053533,50.0,254.5,0.0257009871794467,78.69999694824219,78.69999694824219,0,0,0,1,0,0,0,0,0,0,0,0,1,0,0,0,0,0,0,0,0
41.30854854779999,50.0,257.0,0.0265804355099632,78.69999694824219,78.69999694824219,0,0,0,1,0,0,0,0,0,0,0,0,1,0,0,0,0,0,0,0,0
44.81333353509328,50.0,255.5,0.0262261053462631,78.69999694824219,78.69999694824219,0,0,0,1,0,0,0,0,0,0,0,0,1,0,0,0,0,0,0,0,0
36.961530518172026,50.0,257.0,0.0256180881836293,78.69999694824219,78.69999694824219,0,0,0,1,0,0,0,0,0,0,0,0,1,0,0,0,0,0,0,0,0
12.896531494269762,50.0,256.0,0.0255936146628897,78.69999694824219,78.69999694824219,0,0,0,1,0,0,0,0,0,0,0,0,0,0,1,0,0,0,0,0,0
46.27206994846631,50.0,256.0,0.0258166895960862,78.69999694824219,78.69999694824219,0,0,0,1,0,0,0,0,0,0,0,0,0,0,1,0,0,0,0,0,0
16.116994300914385,50.0,255.5,0.0256443623460945,78.69999694824219,78.69999694824219,0,0,0,1,0,0,0,0,0,0,0,0,0,0,1,0,0,0,0,0,0
24.73139969045963,50.0,255.0,0.0254966907100986,78.69999694824219,78.69999694824219,0,0,0,1,0,0,0,0,0,0,0,0,0,0,1,0,0,0,0,0,0
33.20760590795214,30.0,266.0,0.0210492272738892,78.69999694824219,78.69999694824219,0,0,0,1,0,0,0,0,0,0,0,0,1,0,0,0,0,0,0,0,0
23.936290232638942,30.0,266.5,0.0209225679382484,78.69999694824219,78.69999694824219,0,0,0,1,0,0,0,0,0,0,0,0,1,0,0,0,0,0,0,0,0
24.047926621767893,30.0,266.5,0.0209225679382484,78.69999694824219,78.69999694824219,0,0,0,1,0,0,0,0,0,0,0,0,1,0,0,0,0,0,0,0,0
81.84959998134283,30.0,267.0,0.0206489151943876,78.69999694824219,78.69999694824219,0,0,0,1,0,0,0,0,0,0,0,0,1,0,0,0,0,0,0,0,0
11.076768637677889,15.5531914893617,267.0,0.0204328253614107,78.69999694824219,78.69999694824219,0,0,0,1,0,1,0,0,0,0,0,0,0,0,0,0,0,0,0,0,0
163.6737143023707,40.0,264.0,0.0198682900813568,78.69999694824219,78.69999694824219,0,0,0,1,0,0,0,0,0,0,0,0,1,0,0,0,0,0,0,0,0
81.84959998134283,30.0,267.0,0.0206489151943876,78.69999694824219,78.69999694824219,0,0,0,1,0,0,0,0,0,0,0,0,1,0,0,0,0,0,0,0,0
83.48747019936977,30.0,137.0,0.0045503601998729,94.10000610351562,94.10000610351562,0,0,0,1,0,0,0,0,0,0,0,0,1,0,0,0,0,0,0,0,0
83.4874701993698,30.0,137.0,0.0045503601998729,94.10000610351562,94.10000610351562,0,0,0,1,0,0,0,0,0,0,0,0,1,0,0,0,0,0,0,0,0
278.75407549198053,30.0,136.5,0.0053228602459659,94.10000610351562,94.10000610351562,0,0,0,1,0,0,0,0,0,0,0,0,1,0,0,0,0,0,0,0,0
144.7672611819908,50.0,129.0,0.001228775337196,94.10000610351562,94.10000610351562,1,1,1,0,0,0,0,0,0,0,1,0,0,0,0,0,0,0,0,0,0
48.378943519723165,50.0,133.0,0.0026714885110367,94.10000610351562,94.10000610351562,0,0,0,1,0,0,0,0,0,0,0,1,0,0,0,0,0,0,0,0,0
24.29678332513962,50.0,132.0,0.0023749840204634,94.10000610351562,94.10000610351562,0,0,0,1,0,0,0,0,0,0,1,0,0,0,0,0,0,0,0,0,0
10.092383017555402,50.0,132.0,0.002332114848043,94.10000610351562,94.10000610351562,0,0,0,1,0,0,0,0,0,0,1,0,0,0,0,0,0,0,0,0,0
27.353460428524244,50.0,148.5,0.0082565042373162,74.4000015258789,74.4000015258789,0,0,0,1,0,0,0,0,0,0,0,0,0,0,1,0,0,0,0,0,0
40.7522109565938,70.0,149.0,0.0078931201245837,74.4000015258789,74.4000015258789,0,0,0,1,0,0,0,0,0,0,0,0,0,0,1,0,0,0,0,0,0
38.920161088235446,50.0,149.0,0.0079761838813479,74.4000015258789,74.4000015258789,0,0,0,1,0,0,0,0,0,0,0,0,0,0,0,1,0,0,0,0,0
310.99887673684606,60.0,153.5,0.0076370079472242,74.4000015258789,74.4000015258789,0,0,0,1,0,0,0,0,0,0,0,0,0,0,1,0,0,0,0,0,0
40.7522109565938,70.0,149.0,0.0078931201245837,74.4000015258789,74.4000015258789,0,0,0,1,0,0,0,0,0,0,0,0,0,0,1,0,0,0,0,0,0
22.79385842915034,50.0,149.0,0.0080384048770491,74.4000015258789,74.4000015258789,0,0,0,1,0,0,0,0,0,0,0,0,0,0,1,0,0,0,0,0,0
310.9988767368461,60.0,153.5,0.0076370079472242,74.4000015258789,74.4000015258789,0,0,0,1,0,0,0,0,0,0,0,0,0,0,1,0,0,0,0,0,0
22.510655366060867,33.595391008689084,158.0,0.00733187330828,74.4000015258789,74.4000015258789,0,0,0,1,0,0,0,0,0,0,0,0,1,0,0,0,0,0,0,0,0
198.57787557843716,50.0,153.0,0.0066382276225471,74.4000015258789,74.4000015258789,1,0,0,1,0,0,0,0,0,0,0,0,0,0,1,0,0,0,0,0,0
8.695835708946154,50.0,148.0,0.0059450632737694,74.4000015258789,74.4000015258789,0,0,0,1,0,0,0,0,0,0,0,0,0,0,1,0,0,0,0,0,0
29.51781986414572,50.0,148.0,0.0057940299772515,74.4000015258789,74.4000015258789,0,0,0,1,0,0,0,0,0,0,0,0,1,0,0,0,0,0,0,0,0
162.65355366045296,50.0,150.0,0.0058887584100459,74.4000015258789,74.4000015258789,0,0,0,1,0,0,0,0,0,0,0,0,0,0,1,0,0,0,0,0,0
198.5778755784372,50.0,153.0,0.0066382276225471,74.4000015258789,74.4000015258789,1,0,0,1,0,0,0,0,0,0,0,0,0,0,1,0,0,0,0,0,0
8.695835708946154,50.0,148.0,0.0059450632737694,74.4000015258789,74.4000015258789,0,0,0,1,0,0,0,0,0,0,0,0,0,0,1,0,0,0,0,0,0
238.26644142503244,50.0,152.0,0.0058962097050749,74.4000015258789,74.4000015258789,0,0,0,1,0,0,0,0,0,0,0,0,0,0,1,0,0,0,0,0,0
79.63888744172885,33.595391008689084,152.5,0.0061311891069024,74.4000015258789,74.4000015258789,1,0,0,1,0,0,0,0,0,0,0,0,1,0,0,0,0,0,0,0,0
30.478876452254752,50.0,152.0,0.005794149450747,74.4000015258789,74.4000015258789,0,0,0,1,0,0,0,0,0,0,0,0,0,0,1,0,0,0,0,0,0
6.36021493717306,30.0,129.0,0.0089339142545506,74.4000015258789,74.4000015258789,0,0,1,0,0,0,0,0,0,0,0,0,0,0,1,0,0,0,0,0,0
168.9330523750437,30.0,129.5,0.0097392962905075,74.4000015258789,74.4000015258789,0,0,1,0,0,0,0,0,0,0,0,0,0,0,1,0,0,0,0,0,0
34.31885347442428,50.0,129.0,0.0087551933003971,74.4000015258789,74.4000015258789,0,0,1,0,0,0,0,0,0,0,0,0,1,0,0,0,0,0,0,0,0
20.455898221563277,50.0,129.0,0.0087763479638921,74.4000015258789,74.4000015258789,0,0,1,0,0,0,0,0,0,0,0,0,1,0,0,0,0,0,0,0,0
32.083852043710976,50.0,129.0,0.0086291137083323,74.4000015258789,74.4000015258789,0,0,1,0,0,0,0,0,0,0,0,0,1,0,0,0,0,0,0,0,0
20.668264971800827,30.0,139.5,0.0060917667558681,74.4000015258789,74.4000015258789,0,0,1,0,0,0,0,0,0,0,0,0,1,0,0,0,0,0,0,0,0
124.56733708130554,30.0,132.5,0.0055117501019787,74.4000015258789,74.4000015258789,0,0,1,0,0,0,0,0,0,0,0,0,0,0,1,0,0,0,0,0,0
34.09095499740266,30.0,135.0,0.0062189678377538,74.4000015258789,74.4000015258789,0,0,1,0,0,0,0,0,0,0,0,0,0,0,1,0,0,0,0,0,0
53.50430860349383,30.0,135.0,0.0065591452571459,74.4000015258789,74.4000015258789,0,0,1,0,0,0,0,0,0,0,0,0,0,0,1,0,0,0,0,0,0
34.775617743213886,30.0,139.5,0.0062470448225349,74.4000015258789,74.4000015258789,0,0,1,0,0,0,0,0,0,0,0,0,1,0,0,0,0,0,0,0,0
34.09095499740266,30.0,135.0,0.0062189678377538,74.4000015258789,74.4000015258789,0,0,1,0,0,0,0,0,0,0,0,0,0,0,1,0,0,0,0,0,0
34.91041145018369,47.53488372093023,246.0,0.0145884762669476,78.69999694824219,78.69999694824219,0,0,0,1,0,0,0,0,0,0,0,0,0,0,0,0,0,0,1,0,0
22.180937734375373,47.53488372093023,246.0,0.014772266867972,78.69999694824219,78.69999694824219,0,0,0,1,0,0,0,0,0,0,0,0,0,0,0,0,0,0,1,0,0
22.45725629834661,47.53488372093023,250.0,0.0147860594145704,78.69999694824219,78.69999694824219,0,0,0,1,0,0,0,0,0,0,0,0,0,0,0,0,0,0,1,0,0
64.52770368071664,30.0,256.0,0.0146949634343694,78.69999694824219,78.69999694824219,0,0,0,1,0,0,0,0,0,0,0,0,1,0,0,0,0,0,0,0,0
45.686123470035696,47.53488372093023,250.0,0.0147803522749162,78.69999694824219,78.69999694824219,0,0,0,1,0,0,0,0,0,0,0,0,0,0,0,0,0,0,1,0,0
33.828352760382955,70.0,246.0,0.0145827691272934,78.69999694824219,78.69999694824219,0,0,0,1,0,0,0,0,0,0,1,0,0,0,0,0,0,0,0,0,0
742.8434950639955,70.0,265.0,0.0164394604633399,78.40000915527344,78.40000915527344,0,0,0,1,0,0,0,0,0,0,1,0,0,0,0,0,0,0,0,0,0
33.828352760382955,70.0,246.0,0.0145827691272934,78.69999694824219,78.69999694824219,0,0,0,1,0,0,0,0,0,0,1,0,0,0,0,0,0,0,0,0,0
308.8224835316671,60.0,235.5,0.0127667274574739,78.69999694824219,78.69999694824219,0,0,0,1,0,0,0,0,0,0,1,0,0,0,0,0,0,0,0,0,0
104.8048923215744,15.5531914893617,152.5,0.0011377302639574,74.4000015258789,74.4000015258789,0,0,0,1,0,1,0,0,0,0,0,0,0,0,0,0,0,0,0,0,0
67.22219371614563,30.0,160.0,0.0017085616974109,74.4000015258789,74.4000015258789,0,0,0,1,0,0,0,0,0,0,0,0,0,0,0,0,1,0,0,0,0
162.2885810868278,30.0,157.0,0.0018102805452436,74.4000015258789,74.4000015258789,0,0,0,1,0,0,0,0,0,0,0,0,0,0,0,0,1,0,0,0,0
110.94878955552758,15.5531914893617,149.5,0.0012394491117901,74.4000015258789,74.4000015258789,0,0,0,1,0,1,0,0,0,0,0,0,0,0,0,0,0,0,0,0,0
710.2231311490742,40.0,149.0,0.0010231187860493,74.4000015258789,74.4000015258789,0,0,0,1,0,0,0,0,0,0,0,0,0,0,0,0,1,0,0,0,0
154.39034970161038,33.595391008689084,130.5,0.0096981105675288,74.4000015258789,74.4000015258789,0,0,0,1,0,0,0,0,0,0,0,0,1,0,0,0,0,0,0,0,0
24.78948719352067,33.595391008689084,132.0,0.0105290638533304,74.4000015258789,74.4000015258789,0,0,0,1,0,0,0,0,0,0,0,0,1,0,0,0,0,0,0,0,0
224.52537934690127,33.595391008689084,132.0,0.0097322688815763,74.4000015258789,74.4000015258789,0,0,0,1,0,0,0,0,0,0,0,0,1,0,0,0,0,0,0,0,0
52.94274631450448,30.0,130.5,0.0025104807277869,74.4000015258789,74.4000015258789,0,0,1,0,0,0,0,0,0,0,0,0,1,0,0,0,0,0,0,0,0
11.067439407026274,15.5531914893617,130.0,0.0025524656371138,74.4000015258789,74.4000015258789,0,1,1,0,0,1,0,0,0,0,0,0,0,0,0,0,0,0,0,0,0
138.0468403453875,33.595391008689084,235.5,0.0124245705211093,78.69999694824219,78.69999694824219,0,0,0,1,0,0,0,0,0,0,0,0,1,0,0,0,0,0,0,0,0
415.17690567099,33.595391008689084,235.5,0.0124245705211093,78.69999694824219,78.69999694824219,0,0,0,1,0,0,0,0,0,0,0,0,1,0,0,0,0,0,0,0,0
194.2535257390084,33.595391008689084,240.0,0.0133671513198646,78.69999694824219,78.69999694824219,0,0,0,1,0,0,0,0,0,0,0,0,1,0,0,0,0,0,0,0,0
301.14854670908505,33.595391008689084,245.5,0.014019756310877,78.69999694824219,78.69999694824219,0,0,0,1,0,0,0,0,0,0,0,0,1,0,0,0,0,0,0,0,0
116.29326138887848,50.0,248.0,0.0141646151967136,78.69999694824219,78.69999694824219,0,0,0,1,0,0,0,0,0,0,0,0,1,0,0,0,0,0,0,0,0
157.9094738715122,33.595391008689084,248.5,0.0134373838829828,78.69999694824219,78.69999694824219,0,0,0,1,0,0,0,0,0,0,0,0,1,0,0,0,0,0,0,0,0
136.87171795449046,33.595391008689084,247.0,0.0493553212630392,78.69999694824219,78.69999694824219,0,0,0,1,0,0,0,0,0,0,0,0,1,0,0,0,0,0,0,0,0
14.140675487178576,42.33796296296296,192.5,0.0141607439435353,78.69999694824219,78.69999694824219,0,0,0,1,0,0,0,0,0,0,0,0,0,0,0,0,1,0,0,0,0
30.298468355635787,50.0,191.5,0.0141479041501151,78.69999694824219,78.69999694824219,0,0,0,1,0,0,0,0,0,0,0,0,0,0,0,0,1,0,0,0,0
10.040195279432956,42.33796296296296,193.0,0.0142846299222833,78.69999694824219,78.69999694824219,0,0,0,1,0,0,0,0,0,0,0,0,0,0,0,0,1,0,0,0,0
11.391863777840411,42.33796296296296,192.5,0.0141808226695107,78.69999694824219,78.69999694824219,0,0,0,1,0,0,0,0,0,0,0,0,0,0,0,0,1,0,0,0,0
26.02332982082254,50.0,192.0,0.0140737644937462,78.69999694824219,78.69999694824219,0,0,0,1,0,0,0,0,0,0,0,0,0,0,0,0,1,0,0,0,0
35.09469090407302,50.0,191.0,0.0140801064589804,78.69999694824219,78.69999694824219,0,0,0,1,0,0,0,0,0,0,0,0,0,0,0,0,1,0,0,0,0
383.4980787736766,50.0,184.5,0.0140836306457236,78.69999694824219,78.69999694824219,0,0,0,1,0,0,0,0,0,0,0,0,0,0,0,0,1,0,0,0,0
44.93418029222978,30.0,159.0,0.0072121322152749,94.10000610351562,94.10000610351562,0,0,0,1,0,0,0,0,0,0,0,0,1,0,0,0,0,0,0,0,0
69.504335057012,30.0,160.0,0.0076826157428292,94.10000610351562,94.10000610351562,0,0,0,1,0,0,0,0,0,0,0,0,1,0,0,0,0,0,0,0,0
81.10432377584428,30.0,164.0,0.0079517950293162,94.10000610351562,94.10000610351562,0,0,0,1,0,0,0,0,0,0,0,0,1,0,0,0,0,0,0,0,0
81.10432377584428,30.0,164.0,0.0079517950293162,94.10000610351562,94.10000610351562,0,0,0,1,0,0,0,0,0,0,0,0,1,0,0,0,0,0,0,0,0
254.4612767543932,30.0,169.5,0.0082757255072863,94.10000610351562,94.10000610351562,0,0,0,1,0,0,0,0,0,0,0,0,1,0,0,0,0,0,0,0,0
71.16689969387978,15.5531914893617,170.0,0.0088449551402711,94.10000610351562,94.10000610351562,0,0,0,1,0,1,0,0,0,0,0,0,0,0,0,0,0,0,0,0,0
9.594703483981956,50.0,135.0,0.0092124703898552,78.69999694824219,78.69999694824219,0,0,0,1,0,0,0,0,0,0,0,0,1,0,0,0,0,0,0,0,0
48.6430383729116,50.0,135.5,0.0095323473015119,78.69999694824219,78.69999694824219,0,0,0,1,0,0,0,0,0,0,0,0,1,0,0,0,0,0,0,0,0
44.373791319895375,30.0,137.5,0.0091261078536958,78.69999694824219,78.69999694824219,0,0,0,1,0,0,0,0,0,0,0,0,1,0,0,0,0,0,0,0,0
57.47568850447798,30.0,136.0,0.0091462582122262,78.69999694824219,78.69999694824219,0,0,0,1,0,0,0,0,0,0,0,0,1,0,0,0,0,0,0,0,0
62.51825146002871,30.0,136.0,0.0091979061608425,78.69999694824219,78.69999694824219,0,0,0,1,0,0,0,0,0,0,0,0,1,0,0,0,0,0,0,0,0
145.49648135920927,40.0,224.5,0.0116379070431174,78.69999694824219,78.69999694824219,0,0,0,1,0,0,0,0,0,0,0,0,1,0,0,0,0,0,0,0,0
138.0468403453875,33.595391008689084,235.5,0.0124245705211093,78.69999694824219,78.69999694824219,0,0,0,1,0,0,0,0,0,0,0,0,1,0,0,0,0,0,0,0,0
415.17690567099,33.595391008689084,235.5,0.0124245705211093,78.69999694824219,78.69999694824219,0,0,0,1,0,0,0,0,0,0,0,0,1,0,0,0,0,0,0,0,0
157.9094738715122,33.595391008689084,248.5,0.0134373838829828,78.69999694824219,78.69999694824219,0,0,0,1,0,0,0,0,0,0,0,0,1,0,0,0,0,0,0,0,0
9.213791051212516,33.595391008689084,160.0,0.0171506476853962,78.69999694824219,78.69999694824219,0,0,0,1,0,0,0,0,0,0,0,0,1,0,0,0,0,0,0,0,0
89.94169924630808,33.595391008689084,253.5,0.0332048980627343,78.69999694824219,78.69999694824219,0,0,0,1,0,0,0,0,0,0,0,0,1,0,0,0,0,0,0,0,0
34.3044566094195,33.595391008689084,242.0,0.0139686164988148,78.69999694824219,78.69999694824219,0,0,0,1,0,0,0,0,0,0,0,0,1,0,0,0,0,0,0,0,0
333.5509258540799,33.595391008689084,242.0,0.0139686164988148,78.69999694824219,78.69999694824219,0,0,0,1,0,0,0,0,0,0,0,0,1,0,0,0,0,0,0,0,0
301.14854670908505,33.595391008689084,245.5,0.014019756310877,78.69999694824219,78.69999694824219,0,0,0,1,0,0,0,0,0,0,0,0,1,0,0,0,0,0,0,0,0
194.25352573900835,33.595391008689084,240.0,0.0133671513198646,78.69999694824219,78.69999694824219,0,0,0,1,0,0,0,0,0,0,0,0,1,0,0,0,0,0,0,0,0
34.3044566094195,33.595391008689084,242.0,0.0139686164988148,78.69999694824219,78.69999694824219,0,0,0,1,0,0,0,0,0,0,0,0,1,0,0,0,0,0,0,0,0
333.5509258540798,33.595391008689084,242.0,0.0139686164988148,78.69999694824219,78.69999694824219,0,0,0,1,0,0,0,0,0,0,0,0,1,0,0,0,0,0,0,0,0
9.594703483981956,50.0,135.0,0.0092124703898552,78.69999694824219,78.69999694824219,0,0,0,1,0,0,0,0,0,0,0,0,1,0,0,0,0,0,0,0,0
149.2318680539276,30.0,135.0,0.0082716182262252,78.69999694824219,78.69999694824219,0,0,0,1,0,0,0,0,0,0,0,0,1,0,0,0,0,0,0,0,0
57.47568850447798,30.0,136.0,0.0091462582122262,78.69999694824219,78.69999694824219,0,0,0,1,0,0,0,0,0,0,0,0,1,0,0,0,0,0,0,0,0
5.986485194720283,30.0,251.0,0.0239164604675599,78.69999694824219,78.69999694824219,0,0,0,1,0,0,0,0,0,0,0,0,1,0,0,0,0,0,0,0,0
265.349336664784,42.33796296296296,132.5,0.0063741190117424,94.10000610351562,94.10000610351562,0,0,1,0,0,0,0,0,0,0,0,0,0,0,0,0,1,0,0,0,0
459.4501219781251,50.0,132.5,0.0042085880930963,94.10000610351562,94.10000610351562,0,0,0,1,0,0,0,0,0,0,0,0,0,0,0,0,1,0,0,0,0
286.7310614538151,33.595391008689084,133.5,0.0072953910254522,94.10000610351562,94.10000610351562,0,0,0,1,0,0,0,0,0,0,0,0,1,0,0,0,0,0,0,0,0
7.4938700563658625,33.595391008689084,129.0,0.0008788941929656,74.4000015258789,74.4000015258789,0,1,1,0,0,0,0,0,0,0,0,0,1,0,0,0,0,0,0,0,0
8.272092669855834,33.595391008689084,129.0,0.0009333162980711,74.4000015258789,74.4000015258789,0,1,1,0,0,0,0,0,0,0,0,0,1,0,0,0,0,0,0,0,0
122.39208599482836,33.595391008689084,130.0,0.0010676759401436,74.4000015258789,74.4000015258789,0,1,1,0,0,0,0,0,0,0,0,0,1,0,0,0,0,0,0,0,0
73.00717473557752,50.0,128.5,0.0073056388929014,74.4000015258789,74.4000015258789,0,0,0,1,0,0,0,0,0,0,0,0,1,0,0,0,0,0,0,0,0
70.52324490968626,47.53488372093023,128.5,0.0079526297265634,74.4000015258789,74.4000015258789,0,0,0,1,0,0,0,0,0,0,0,0,0,0,0,0,0,0,1,0,0
257.9996124998674,30.0,141.5,0.0131820465443922,78.69999694824219,78.69999694824219,0,0,0,1,0,0,0,0,0,0,0,0,1,0,0,0,0,0,0,0,0
2667.8582423904336,80.0,193.5,0.0111765855528595,74.4000015258789,74.4000015258789,1,1,1,0,0,0,0,1,0,0,0,0,0,0,0,0,0,0,0,0,0
117.69955149801883,80.0,133.0,0.0014150410813875,74.4000015258789,74.4000015258789,0,0,1,0,0,0,0,1,0,0,0,0,0,0,0,0,0,0,0,0,0
216.82357452403463,40.0,131.5,0.0012774202659941,74.4000015258789,74.4000015258789,0,0,1,0,0,0,0,0,1,0,0,0,0,0,0,0,0,0,0,0,0
62.55930841248432,30.0,162.0,0.0327697286739037,78.69999694824219,78.69999694824219,0,0,1,0,0,0,0,0,0,0,0,0,1,0,0,0,0,0,0,0,0
12.659488082110466,50.0,169.0,0.0311336968564061,78.69999694824219,78.69999694824219,0,0,0,1,0,0,0,0,0,0,0,0,0,0,1,0,0,0,0,0,0
471.3349979441898,50.0,166.0,0.030383287014257,78.69999694824219,78.69999694824219,0,0,0,1,0,0,0,0,0,0,0,0,0,0,1,0,0,0,0,0,0
23.473941780134744,30.0,165.5,0.0311602320736374,78.69999694824219,78.69999694824219,0,0,0,1,0,0,0,0,0,0,0,0,1,0,0,0,0,0,0,0,0
110.90384970708598,30.0,160.0,0.0314910200610232,78.69999694824219,78.69999694824219,1,1,1,0,0,0,0,0,0,0,0,0,1,0,0,0,0,0,0,0,0
28.282011972759264,30.0,165.5,0.0312007835052108,78.69999694824219,78.69999694824219,0,0,0,1,0,0,0,0,0,0,0,0,1,0,0,0,0,0,0,0,0
1219.2218498079508,50.0,219.0,0.0417353268858176,78.69999694824219,78.69999694824219,0,0,0,1,0,0,0,0,0,0,0,0,0,0,0,0,1,0,0,0,0
68.8197023230075,50.0,242.5,0.0469070088004201,78.69999694824219,78.69999694824219,0,0,0,1,0,0,0,0,0,0,0,0,0,0,0,0,1,0,0,0,0
316.07307634073464,40.0,248.0,0.0484275720496154,78.69999694824219,78.69999694824219,0,0,0,1,0,0,0,0,0,0,0,0,0,0,0,0,1,0,0,0,0
68.05572285192497,50.0,242.5,0.0469070088004201,78.69999694824219,78.69999694824219,0,0,0,1,0,0,0,0,0,0,0,0,0,0,0,0,1,0,0,0,0
74.37077189584349,33.595391008689084,178.0,0.0304982350377884,78.69999694824219,78.69999694824219,0,0,0,1,0,0,0,0,0,0,0,0,1,0,0,0,0,0,0,0,0
281.6277774609847,30.0,187.5,0.0317714452927625,78.69999694824219,78.69999694824219,0,0,0,1,0,0,0,0,0,0,0,0,1,0,0,0,0,0,0,0,0
100.75368047871557,30.0,173.5,0.0304550125557646,78.69999694824219,78.69999694824219,0,0,0,1,0,0,0,0,0,0,0,0,1,0,0,0,0,0,0,0,0
74.37077189584349,33.595391008689084,178.0,0.0304982350377884,78.69999694824219,78.69999694824219,0,0,0,1,0,0,0,0,0,0,0,0,1,0,0,0,0,0,0,0,0
64.5329563383986,33.595391008689084,162.5,0.0063712149119462,94.10000610351562,94.10000610351562,0,0,0,1,0,0,0,0,0,0,0,0,1,0,0,0,0,0,0,0,0
50.21208597377328,50.0,164.5,0.0070235243809937,94.10000610351562,94.10000610351562,0,0,0,1,0,0,0,0,0,0,0,0,1,0,0,0,0,0,0,0,0
32.59533667344198,50.0,163.5,0.006552789673774,94.10000610351562,94.10000610351562,0,0,0,1,0,0,0,0,0,0,0,0,1,0,0,0,0,0,0,0,0
192.8606345191733,30.0,248.0,0.029344059694996,78.69999694824219,78.69999694824219,0,0,0,1,0,0,0,0,0,0,0,0,1,0,0,0,0,0,0,0,0
63.63729612952738,30.0,243.0,0.030165355135783,78.69999694824219,78.69999694824219,0,0,0,1,0,0,0,0,0,0,0,0,1,0,0,0,0,0,0,0,0
63.63729612952738,30.0,243.0,0.030165355135783,78.69999694824219,78.69999694824219,0,0,0,1,0,0,0,0,0,0,0,0,1,0,0,0,0,0,0,0,0
2.133518654176192,30.0,276.0,0.0396313700997335,78.69999694824219,78.69999694824219,0,0,0,1,0,0,0,0,0,0,0,0,1,0,0,0,0,0,0,0,0
31.13786735185305,30.0,276.5,0.0394928721738605,78.69999694824219,78.69999694824219,0,0,0,1,0,0,0,0,0,0,0,0,1,0,0,0,0,0,0,0,0
9.139012335151158,50.0,276.5,0.0394033255011744,78.69999694824219,78.69999694824219,0,0,0,1,0,0,0,0,0,0,0,0,1,0,0,0,0,0,0,0,0
32.470619525600675,30.0,276.0,0.0395323662657365,78.69999694824219,78.69999694824219,0,0,0,1,0,0,0,0,0,0,0,0,1,0,0,0,0,0,0,0,0
29.11996715007588,15.5531914893617,133.5,0.0101120396997286,74.4000015258789,74.4000015258789,0,0,0,1,0,1,0,0,0,0,0,0,0,0,0,0,0,0,0,0,0
21.671197267097075,30.0,133.5,0.0062459252741327,74.4000015258789,74.4000015258789,0,0,1,0,0,0,0,0,0,0,0,0,1,0,0,0,0,0,0,0,0
13.586316995287891,30.0,131.5,0.0060857673239399,74.4000015258789,74.4000015258789,0,0,1,0,0,0,0,0,0,0,0,0,1,0,0,0,0,0,0,0,0
90.83141463418596,30.0,134.5,0.0058879852035236,74.4000015258789,74.4000015258789,0,0,0,1,0,0,0,0,0,0,0,0,1,0,0,0,0,0,0,0,0
301.5725542778995,30.0,129.5,0.0047003057228848,74.4000015258789,74.4000015258789,0,0,1,0,0,0,0,0,0,0,0,0,1,0,0,0,0,0,0,0,0
23.710673490132848,50.0,132.0,0.0037225223397169,94.10000610351562,94.10000610351562,0,0,0,1,0,0,0,0,0,0,0,0,0,0,0,0,0,0,1,0,0
94.67137128517352,30.0,135.0,0.0046493993185809,94.10000610351562,94.10000610351562,0,0,0,1,0,0,0,0,0,0,0,0,1,0,0,0,0,0,0,0,0
10.102881759250916,42.33796296296296,135.0,0.0040036484160883,94.10000610351562,94.10000610351562,0,0,0,1,0,0,0,0,0,0,0,0,0,0,0,0,1,0,0,0,0
8.103849264739427,42.33796296296296,134.5,0.0039879918685728,94.10000610351562,94.10000610351562,0,0,0,1,0,0,0,0,0,0,0,0,0,0,0,0,1,0,0,0,0
250.6450770204575,50.0,134.0,0.0038200994563777,94.10000610351562,94.10000610351562,0,0,0,1,0,0,0,0,0,0,0,0,0,0,0,0,1,0,0,0,0
34.49379974412046,33.595391008689084,288.0,0.0471530066560725,78.69999694824219,78.69999694824219,0,0,0,1,0,0,0,0,0,0,0,0,1,0,0,0,0,0,0,0,0
67.26912613717414,30.0,287.5,0.0477401795383022,78.69999694824219,78.69999694824219,0,0,0,1,0,0,0,0,0,0,0,0,0,0,0,0,1,0,0,0,0
199.8156220293808,30.0,279.5,0.0461910923524377,78.69999694824219,78.69999694824219,0,0,0,1,0,0,0,0,0,0,0,0,0,0,0,0,1,0,0,0,0
252.5868896409705,30.0,224.0,0.0057129284968545,74.4000015258789,74.4000015258789,0,0,0,1,0,0,0,0,0,0,0,0,1,0,0,0,0,0,0,0,0
36.00525772177211,33.595391008689084,257.0,0.0154343993762292,78.69999694824219,78.69999694824219,0,0,0,1,0,0,0,0,0,0,0,0,1,0,0,0,0,0,0,0,0
49.57216545499618,33.595391008689084,258.5,0.0151719938932268,78.69999694824219,78.69999694824219,0,0,0,1,0,0,0,0,0,0,0,0,1,0,0,0,0,0,0,0,0
414.02355031209777,33.595391008689084,258.5,0.0151719938932268,78.69999694824219,78.69999694824219,0,0,0,1,0,0,0,0,0,0,0,0,1,0,0,0,0,0,0,0,0
36.00525772177211,33.595391008689084,257.0,0.0154343993762292,78.69999694824219,78.69999694824219,0,0,0,1,0,0,0,0,0,0,0,0,1,0,0,0,0,0,0,0,0
49.57216545499618,33.595391008689084,258.5,0.0151719938932268,78.69999694824219,78.69999694824219,0,0,0,1,0,0,0,0,0,0,0,0,1,0,0,0,0,0,0,0,0
414.02355031209777,33.595391008689084,258.5,0.0151719938932268,78.69999694824219,78.69999694824219,0,0,0,1,0,0,0,0,0,0,0,0,1,0,0,0,0,0,0,0,0
34.14432008306857,33.595391008689084,258.0,0.0148241718719464,78.69999694824219,78.69999694824219,0,0,0,1,0,0,0,0,0,0,0,0,1,0,0,0,0,0,0,0,0
7.415316239990776,30.0,257.0,0.0146182559068178,78.69999694824219,78.69999694824219,0,0,0,1,0,0,0,0,0,0,0,0,1,0,0,0,0,0,0,0,0
34.14432008306857,33.595391008689084,258.0,0.0148241718719464,78.69999694824219,78.69999694824219,0,0,0,1,0,0,0,0,0,0,0,0,1,0,0,0,0,0,0,0,0
63.10461563074379,40.0,256.0,0.014667105482678,78.69999694824219,78.69999694824219,0,0,0,1,0,0,0,0,0,0,0,0,1,0,0,0,0,0,0,0,0
185.51710484446787,30.0,255.0,0.024874815999339,78.69999694824219,78.69999694824219,0,0,0,1,0,0,0,0,0,0,0,0,1,0,0,0,0,0,0,0,0
105.57083756139566,33.595391008689084,259.5,0.0256929968314199,78.69999694824219,78.69999694824219,0,0,0,1,0,0,0,0,0,0,0,0,1,0,0,0,0,0,0,0,0
217.338262354321,30.0,256.5,0.0251051838824426,78.69999694824219,78.69999694824219,0,0,0,1,0,0,0,0,0,0,0,0,1,0,0,0,0,0,0,0,0
15.882941716542769,50.0,134.0,0.0049327824951199,94.10000610351562,94.10000610351562,0,1,1,0,0,0,0,0,0,0,0,0,0,0,0,0,1,0,0,0,0
199.1336317545317,50.0,136.0,0.0070732353304644,94.10000610351562,94.10000610351562,0,1,1,0,0,0,0,0,0,0,0,0,0,0,0,0,1,0,0,0,0
39.792662578996,33.595391008689084,135.0,0.0144263549342425,94.10000610351562,94.10000610351562,0,0,0,1,0,0,0,0,0,0,0,0,1,0,0,0,0,0,0,0,0
9.908997006467498,50.0,135.0,0.0141706523657698,94.10000610351562,94.10000610351562,0,0,0,1,0,0,0,0,0,0,0,0,0,0,0,0,1,0,0,0,0
84.69352214244618,50.0,136.0,0.0146010659931956,94.10000610351562,94.10000610351562,0,0,0,1,0,0,0,0,0,0,0,0,0,0,0,0,1,0,0,0,0
23.198557318496224,50.0,131.0,0.008873813462695,94.10000610351562,94.10000610351562,0,0,1,0,0,0,0,0,0,0,0,0,0,0,0,0,1,0,0,0,0
2.708803243301505,50.0,131.0,0.0090020167009533,94.10000610351562,94.10000610351562,0,0,1,0,0,0,0,0,0,0,0,0,1,0,0,0,0,0,0,0,0
4.605527328559374,50.0,131.0,0.0090846161577307,94.10000610351562,94.10000610351562,0,0,1,0,0,0,0,0,0,0,0,0,1,0,0,0,0,0,0,0,0
4.261288773585618,50.0,131.0,0.0090298450535374,94.10000610351562,94.10000610351562,0,0,1,0,0,0,0,0,0,0,0,0,0,0,0,0,1,0,0,0,0
4.025576279150301,50.0,131.0,0.008996403269874,94.10000610351562,94.10000610351562,0,0,1,0,0,0,0,0,0,0,0,0,1,0,0,0,0,0,0,0,0
4.015163910487517,50.0,131.0,0.0090258880720168,94.10000610351562,94.10000610351562,0,0,1,0,0,0,0,0,0,0,0,0,1,0,0,0,0,0,0,0,0
5.767086248383118,50.0,131.0,0.0090864817866102,94.10000610351562,94.10000610351562,0,0,1,0,0,0,0,0,0,0,0,0,0,0,0,0,1,0,0,0,0
4.536823007041093,50.0,131.0,0.00911738151974,94.10000610351562,94.10000610351562,0,0,1,0,0,0,0,0,0,0,0,0,1,0,0,0,0,0,0,0,0
49.69051260411807,50.0,131.0,0.0085160398074825,94.10000610351562,94.10000610351562,0,0,1,0,0,0,0,0,0,0,0,0,0,0,0,0,1,0,0,0,0
54.194924058567466,50.0,131.0,0.0093057298379859,94.10000610351562,94.10000610351562,0,0,1,0,0,0,0,0,0,0,0,0,1,0,0,0,0,0,0,0,0
256.279438331745,70.0,132.5,0.0131135297975658,94.10000610351562,94.10000610351562,0,0,1,0,0,0,0,0,0,0,1,0,0,0,0,0,0,0,0,0,0
63.05005849346958,33.595391008689084,131.5,0.0132420191062129,94.10000610351562,94.10000610351562,0,0,1,0,0,0,0,0,0,0,0,0,1,0,0,0,0,0,0,0,0
8.396023200536591,50.0,133.0,0.0029337859575708,94.10000610351562,94.10000610351562,0,0,0,1,0,0,0,0,0,0,0,0,0,0,0,0,0,0,1,0,0
29.97162896290352,50.0,133.0,0.0031988237718743,94.10000610351562,94.10000610351562,0,0,0,1,0,0,0,0,0,0,0,0,0,0,0,0,0,0,1,0,0
178.68741696060374,42.33796296296296,132.5,0.0029354982724291,94.10000610351562,94.10000610351562,0,0,0,1,0,0,0,0,0,0,0,0,0,0,0,0,1,0,0,0,0
178.62951862003808,50.0,132.5,0.0028775628759971,94.10000610351562,94.10000610351562,0,0,0,1,0,0,0,0,0,0,0,0,0,0,0,0,1,0,0,0,0
459.45012197812497,50.0,132.5,0.0042085880930963,94.10000610351562,94.10000610351562,0,0,0,1,0,0,0,0,0,0,0,0,0,0,0,0,1,0,0,0,0
100.48930712854248,50.0,140.5,0.0134806498937294,78.69999694824219,78.69999694824219,0,0,0,1,0,0,0,0,0,0,0,0,0,0,1,0,0,0,0,0,0
80.50847157387213,30.0,141.0,0.0132449163865846,78.69999694824219,78.69999694824219,0,0,0,1,0,0,0,0,0,0,0,0,1,0,0,0,0,0,0,0,0
